username,name,url_main,url_user,exists,http_status
CavMartin13,OP.GG [LeagueOfLegends] North America,https://www.op.gg/,https://www.op.gg/summoners/search?q=CavMartin13&region=na,Available,429
CavMartin13,OP.GG [LeagueOfLegends] Turkey,https://www.op.gg/,https://www.op.gg/summoners/search?q=CavMartin13&region=tr,Available,429
CavMartin13,OP.GG [LeagueOfLegends] LAS,https://www.op.gg/,https://www.op.gg/summoners/search?q=CavMartin13&region=las,Available,429
CavMartin13,OP.GG [LeagueOfLegends] Phillippines,https://www.op.gg/,https://www.op.gg/summoners/search?q=CavMartin13&region=ph,Available,429
CavMartin13,Freepik,https://www.freepik.com,https://www.freepik.com/CavMartin13,Unknown,403
CavMartin13,OP.GG [LeagueOfLegends] Russia,https://www.op.gg/,https://www.op.gg/summoners/search?q=CavMartin13&region=ru,Available,429
CavMartin13,OP.GG [LeagueOfLegends] Europe Nordic & East,https://www.op.gg/,https://www.op.gg/summoners/search?q=CavMartin13&region=eune,Available,429
CavMartin13,OP.GG [LeagueOfLegends] Japan,https://www.op.gg/,https://www.op.gg/summoners/search?q=CavMartin13&region=jp,Available,429
CavMartin13,OP.GG [LeagueOfLegends] Thailand,https://www.op.gg/,https://www.op.gg/summoners/search?q=CavMartin13&region=th,Available,429
CavMartin13,OP.GG [LeagueOfLegends] Vietnam,https://www.op.gg/,https://www.op.gg/summoners/search?q=CavMartin13&region=vn,Available,429
CavMartin13,OP.GG [LeagueOfLegends] Oceania,https://www.op.gg/,https://www.op.gg/summoners/search?q=CavMartin13&region=oce,Available,429
CavMartin13,OP.GG [LeagueOfLegends] Brazil,https://www.op.gg/,https://www.op.gg/summoners/search?q=CavMartin13&region=br,Available,429
CavMartin13,Etsy,https://www.etsy.com/,https://www.etsy.com/shop/CavMartin13,Unknown,403
CavMartin13,OP.GG [LeagueOfLegends] Europe West,https://www.op.gg/,https://www.op.gg/summoners/search?q=CavMartin13&region=euw,Available,429
CavMartin13,OP.GG [LeagueOfLegends] Singapore,https://www.op.gg/,https://www.op.gg/summoners/search?q=CavMartin13&region=sg,Available,429
CavMartin13,OP.GG [LeagueOfLegends] Middle East,https://www.op.gg/,https://www.op.gg/summoners/search?q=CavMartin13&region=me,Available,429
CavMartin13,OP.GG [LeagueOfLegends] Korea,https://www.op.gg/,https://www.op.gg/summoners/search?q=CavMartin13&region=kr,Available,429
CavMartin13,OP.GG [LeagueOfLegends] LAN,https://www.op.gg/,https://www.op.gg/summoners/search?q=CavMartin13&region=lan,Available,429
CavMartin13,OP.GG [LeagueOfLegends] Taiwan,https://www.op.gg/,https://www.op.gg/summoners/search?q=CavMartin13&region=tw,Available,429
CavMartin13,YouTube User,https://www.youtube.com/,https://www.youtube.com/@CavMartin13,Available,404
CavMartin13,YouTube,https://www.youtube.com/,https://www.youtube.com/@CavMartin13,Available,404
CavMartin13,Figma,https://www.figma.com/,https://www.figma.com/@CavMartin13,Unknown,403
CavMartin13,Shutterstock,https://www.shutterstock.com,https://www.shutterstock.com/g/CavMartin13/about,Unknown,403
CavMartin13,GitHub,https://www.github.com/,https://github.com/CavMartin13,Unknown,403
CavMartin13,upwork.com,https://upwork.com,https://upwork.com/fl/CavMartin13,Unknown,403
CavMartin13,Twitch,https://www.twitch.tv/,https://twitchtracker.com/CavMartin13,Unknown,403
CavMartin13,Udemy,https://www.udemy.com,https://www.udemy.com/user/CavMartin13/,Unknown,403
CavMartin13,GooglePlayStore,https://play.google.com/store,https://play.google.com/store/apps/developer?id=CavMartin13,Available,404
CavMartin13,Twitter,https://www.twitter.com/,https://twitter.com/CavMartin13,Unknown,403
CavMartin13,Mozilla Support,https://support.mozilla.org,https://support.mozilla.org/en-US/user/CavMartin13/,Available,404
CavMartin13,Trello,https://trello.com/,https://trello.com/CavMartin13,Available,404
CavMartin13,Wix,https://wix.com/,https://CavMartin13.wix.com,Available,404
CavMartin13,GitHubGist,https://gist.github.com,https://gist.github.com/CavMartin13,Available,404
CavMartin13,Scribd,https://www.scribd.com/,https://www.scribd.com/CavMartin13,Available,404
CavMartin13,Quora,https://www.quora.com/,https://www.quora.com/profile/CavMartin13,Available,301
CavMartin13,Vimeo,https://vimeo.com,https://vimeo.com/CavMartin13,Available,401
CavMartin13,WordPress,https://wordpress.com,https://CavMartin13.wordpress.com/,Available,302
CavMartin13,Fandom,https://www.fandom.com/,https://www.fandom.com/u/CavMartin13,Available,404
CavMartin13,Behance,https://www.behance.net/,https://www.behance.net/CavMartin13,Available,404
CavMartin13,Slack,https://slack.com,https://CavMartin13.slack.com,Available,404
CavMartin13,StackOverflow,https://stackoverflow.com,https://stackoverflow.com/users/filter?search=CavMartin13,Available,200
CavMartin13,Facebook,https://www.facebook.com/,https://www.facebook.com/CavMartin13,Available,200
CavMartin13,Naver,https://naver.com,https://blog.naver.com/CavMartin13,Available,404
CavMartin13,Chess,https://www.chess.com,https://www.chess.com/member/CavMartin13,Available,404
CavMartin13,TikTok,https://www.tiktok.com/,https://www.tiktok.com/@CavMartin13,Claimed,200
CavMartin13,Armchairgm,https://armchairgm.fandom.com/,https://armchairgm.fandom.com/wiki/User:CavMartin13,Available,404
CavMartin13,DailyMotion,https://www.dailymotion.com,https://www.dailymotion.com/CavMartin13,Available,404
CavMartin13,FandomCommunityCentral,https://community.fandom.com,https://community.fandom.com/wiki/User:CavMartin13,Available,404
CavMartin13,GoodReads,https://www.goodreads.com/,https://www.goodreads.com/CavMartin13,Available,404
CavMartin13,Patreon,https://www.patreon.com/,https://www.patreon.com/CavMartin13,Available,404
CavMartin13,Fiverr,https://www.fiverr.com/,https://www.fiverr.com/CavMartin13,Unknown,403
CavMartin13,BleachFandom,https://bleach.fandom.com/ru,https://bleach.fandom.com/ru/wiki/%D0%A3%D1%87%D0%B0%D1%81%D1%82%D0%BD%D0%B8%D0%BA:CavMartin13,Available,404
CavMartin13,Battleraprus,https://battleraprus.fandom.com/ru,https://battleraprus.fandom.com/ru/wiki/%D0%A3%D1%87%D0%B0%D1%81%D1%82%D0%BD%D0%B8%D0%BA:CavMartin13,Available,404
CavMartin13,Tumblr,https://www.tumblr.com,https://www.tumblr.com/CavMartin13,Available,404
CavMartin13,linktr.ee,https://linktr.ee,https://linktr.ee/CavMartin13,Available,404
CavMartin13,SoundCloud,https://soundcloud.com/,https://soundcloud.com/CavMartin13,Available,404
CavMartin13,iStock,https://www.istockphoto.com,https://www.istockphoto.com/ru/portfolio/CavMartin13,Available,200
CavMartin13,CNET,https://www.cnet.com,https://www.cnet.com/profiles/CavMartin13/,Available,404
CavMartin13,Ebay,https://www.ebay.com/,https://www.ebay.com/usr/CavMartin13,Unknown,200
CavMartin13,AppleDiscussions,https://discussions.apple.com/,https://discussions.apple.com/profile/CavMartin13,Unknown,403
CavMartin13,SlideShare,https://www.slideshare.net,https://www.slideshare.net/CavMartin13,Available,200
CavMartin13,Blogger,https://www.blogger.com/,https://CavMartin13.blogspot.com,Available,404
CavMartin13,AppleDeveloper,https://developer.apple.com/forums,https://developer.apple.com/forums/profile/CavMartin13,Available,404
CavMartin13,Academia.edu,https://www.academia.edu/,https://independent.academia.edu/CavMartin13,Available,404
CavMartin13,Steam (Group),https://steamcommunity.com/,https://steamcommunity.com/groups/CavMartin13,Available,200
CavMartin13,Ameblo,https://ameblo.jp,https://ameblo.jp/CavMartin13,Available,404
CavMartin13,Telegram,https://t.me/,https://t.me/CavMartin13,Available,200
CavMartin13,TripAdvisor,https://tripadvisor.com/,https://tripadvisor.com/members/CavMartin13,Unknown,403
CavMartin13,discourse.mozilla.org,https://discourse.mozilla.org,https://discourse.mozilla.org/u/CavMartin13/summary,Available,404
CavMartin13,Livejasmin,https://www.livejasmin.com/,https://www.livejasmin.com/en/girls/#!chat/CavMartin13,Available,200
CavMartin13,Steam,https://steamcommunity.com/,https://steamcommunity.com/id/CavMartin13,Available,200
CavMartin13,Kickstarter,https://www.kickstarter.com,https://www.kickstarter.com/profile/CavMartin13,Unknown,403
CavMartin13,TradingView,https://www.tradingview.com/,https://www.tradingview.com/u/CavMartin13,Available,404
CavMartin13,VK,https://vk.com/,https://vk.com/CavMartin13,Available,404
CavMartin13,Weebly,http://weebly.com,http://CavMartin13.weebly.com/,Available,404
CavMartin13,Reddit,https://www.reddit.com/,https://www.reddit.com/user/CavMartin13,Available,200
CavMartin13,SourceForge,https://sourceforge.net/,https://sourceforge.net/u/CavMartin13/profile,Unknown,403
CavMartin13,mercadolivre,https://www.mercadolivre.com.br,https://www.mercadolivre.com.br/perfil/CavMartin13,Available,404
CavMartin13,Discogs,https://www.discogs.com/,https://www.discogs.com/user/CavMartin13,Unknown,403
CavMartin13,Freelancer.com,https://www.freelancer.com/,https://www.freelancer.com/api/users/0.1/users?usernames%5B%5D=CavMartin13&compact=true,Available,200
CavMartin13,giphy.com,https://giphy.com,https://giphy.com/channel/CavMartin13,Available,404
CavMartin13,Imgur,https://imgur.com,https://imgur.com/user/CavMartin13,Available,404
CavMartin13,CloudflareCommunity,https://community.cloudflare.com/,https://community.cloudflare.com/u/CavMartin13/summary,Unknown,403
CavMartin13,Nairaland Forum,https://www.nairaland.com/,https://www.nairaland.com/CavMartin13,Unknown,403
CavMartin13,Disqus,https://disqus.com/,https://disqus.com/CavMartin13,Available,400
CavMartin13,Unsplash,https://unsplash.com/,https://unsplash.com/@CavMartin13,Available,404
CavMartin13,Issuu,https://issuu.com/,https://issuu.com/CavMartin13,Available,404
CavMartin13,BongaCams,https://sbongacams.com,https://bongacams.com/profile/CavMartin13,Available,404
CavMartin13,community.simplilearn.com,https://community.simplilearn.com,https://community.simplilearn.com/members/?username=CavMartin13,Available,404
CavMartin13,Gamefaqs,https://gamefaqs.gamespot.com,https://gamefaqs.gamespot.com/community/CavMartin13,Unknown,401
CavMartin13,OK,https://ok.ru/,https://ok.ru/CavMartin13,Available,404
CavMartin13,Dreamstime,https://www.dreamstime.com,https://www.dreamstime.com/CavMartin13_info,Unknown,403
CavMartin13,Genius,https://genius.com/,https://genius.com/CavMartin13,Available,404
CavMartin13,Amazon,https://amazon.com,https://amazon.com/author/CavMartin13,Available,404
CavMartin13,WordPressOrg,https://wordpress.org/,https://profiles.wordpress.org/CavMartin13/,Available,404
CavMartin13,TheVerge,https://www.theverge.com,https://www.theverge.com/users/CavMartin13,Available,410
CavMartin13,Artstation,https://www.artstation.com,https://www.artstation.com/CavMartin13,Unknown,403
CavMartin13,calendly.com,https://calendly.com,https://calendly.com/CavMartin13/15min,Available,404
CavMartin13,Wattpad,https://www.wattpad.com/,https://www.wattpad.com/user/CavMartin13,Available,404
CavMartin13,BuzzFeed,https://buzzfeed.com/,https://buzzfeed.com/CavMartin13,Available,404
CavMartin13,Gamespot,https://www.gamespot.com/,https://www.gamespot.com/profile/CavMartin13/,Available,404
CavMartin13,Weibo,https://weibo.com,https://weibo.com/CavMartin13,Available,400
CavMartin13,YandexMusic,https://music.yandex.ru/,https://music.yandex.ru/users/CavMartin13/playlists,Available,404
CavMartin13,123rf,https://ru.123rf.com,https://ru.123rf.com/profile_CavMartin13,Available,302
CavMartin13,MyFitnessPal,https://www.myfitnesspal.com/,https://www.myfitnesspal.com/profile/CavMartin13,Unknown,403
CavMartin13,Envato,https://forums.envato.com,https://forums.envato.com/u/CavMartin13/summary,Available,404
CavMartin13,Myspace,https://myspace.com/,https://myspace.com/CavMartin13,Available,404
CavMartin13,cyber.harvard.edu,https://cyber.harvard.edu,https://cyber.harvard.edu/people/CavMartin13,Available,404
CavMartin13,PeopleIgn,https://people.ign.com/,https://people.ign.com/CavMartin13,Available,404
CavMartin13,Toster,https://qna.habr.com/,https://qna.habr.com/user/CavMartin13,Available,404
CavMartin13,SoftwareInformer,https://users.software.informer.com,https://users.software.informer.com/CavMartin13/,Available,301
CavMartin13,Duolingo,https://duolingo.com/,https://www.duolingo.com/profile/CavMartin13,Available,200
CavMartin13,community.adobe.com,https://community.adobe.com,https://community.adobe.com/t5/forums/searchpage/tab/user?q=CavMartin13,Available,200
CavMartin13,HabrCareer,https://career.habr.com/,https://career.habr.com/CavMartin13,Available,404
CavMartin13,Kaggle,https://www.kaggle.com/,https://www.kaggle.com/CavMartin13,Available,404
CavMartin13,Codepen,https://codepen.io/,https://codepen.io/CavMartin13,Unknown,403
CavMartin13,Wikipedia,https://www.wikipedia.org/,https://www.wikipedia.org/wiki/User:CavMartin13,Available,404
CavMartin13,Aparat,https://www.aparat.com,https://www.aparat.com/CavMartin13,Available,404
CavMartin13,Scratch,https://scratch.mit.edu/,https://scratch.mit.edu/users/CavMartin13,Available,404
CavMartin13,AllRecipes,https://www.allrecipes.com/,https://www.allrecipes.com/cook/CavMartin13,Available,404
CavMartin13,forum.wordreference.com,https://forum.wordreference.com,https://forum.wordreference.com/members/?username=CavMartin13,Available,200
CavMartin13,AfreecaTV,http://bjapi.afreecatv.com,http://bjapi.afreecatv.com/api/CavMartin13/station,Unknown,515
CavMartin13,Pinterest,https://www.pinterest.com/,https://www.pinterest.com/CavMartin13/,Available,200
CavMartin13,Zomato,https://www.zomato.com/,https://www.zomato.com/pl/CavMartin13/foodjourney,Available,404
CavMartin13,DiscussPython,https://discuss.python.org/,https://discuss.python.org/u/CavMartin13/summary,Available,404
CavMartin13,Pikabu,https://pikabu.ru/,https://pikabu.ru/@CavMartin13,Unknown,403
CavMartin13,Plurk,https://www.plurk.com/,https://www.plurk.com/CavMartin13,Available,200
CavMartin13,BodyBuilding,https://bodyspace.bodybuilding.com/,https://bodyspace.bodybuilding.com/CavMartin13,Available,302
CavMartin13,opensea.io,https://opensea.io,https://opensea.io/accounts/CavMartin13,Available,404
CavMartin13,Wowhead,https://www.wowhead.com,https://www.wowhead.com/user=CavMartin13,Available,404
CavMartin13,adblockplus.org,https://adblockplus.org,https://adblockplus.org/forum/search.php?keywords=&terms=all&author=CavMartin13,Available,200
CavMartin13,Redbubble,https://www.redbubble.com/,https://www.redbubble.com/people/CavMartin13,Available,404
CavMartin13,ChaturBate,https://chaturbate.com,https://chaturbate.com/CavMartin13,Available,404
CavMartin13,Pathofexile,https://ru.pathofexile.com,https://ru.pathofexile.com/account/view-profile/CavMartin13,Unknown,403
CavMartin13,Rutracker,https://rutracker.org/,https://rutracker.org/forum/profile.php?mode=viewprofile&u=CavMartin13,Available,200
CavMartin13,MyAnimeList,https://myanimelist.net/,https://myanimelist.net/profile/CavMartin13,Available,404
CavMartin13,Rottentomatoes,https://www.rottentomatoes.com,https://www.rottentomatoes.com/critic/CavMartin13/movies,Available,404
CavMartin13,Bandcamp,https://www.bandcamp.com/,https://www.bandcamp.com/CavMartin13,Available,404
CavMartin13,community.brave.com,https://community.brave.com,https://community.brave.com/u/CavMartin13/summary,Available,404
CavMartin13,Codecanyon,https://codecanyon.net,https://codecanyon.net/user/CavMartin13,Available,404
CavMartin13,Dribbble,https://dribbble.com/,https://dribbble.com/CavMartin13,Available,404
CavMartin13,Polygon,https://www.polygon.com/,https://www.polygon.com/users/CavMartin13,Available,404
CavMartin13,LiveJournal,https://www.livejournal.com/,https://CavMartin13.livejournal.com,Available,404
CavMartin13,jsfiddle.net,https://jsfiddle.net,https://jsfiddle.net/user/CavMartin13/,Available,404
CavMartin13,discuss.codecademy.com,https://discuss.codecademy.com,https://discuss.codecademy.com/u/CavMartin13/summary,Available,404
CavMartin13,PCGamer,https://pcgamer.com,https://forums.pcgamer.com/members/?username=CavMartin13,Available,200
CavMartin13,drive2,https://www.drive2.ru/,https://www.drive2.ru/users/CavMartin13,Available,404
CavMartin13,CreativeMarket,https://creativemarket.com/,https://creativemarket.com/users/CavMartin13,Unknown,403
CavMartin13,Freelance.habr,https://freelance.habr.com/,https://freelance.habr.com/freelancers/CavMartin13,Available,410
CavMartin13,Pastebin,https://pastebin.com/,https://pastebin.com/u/CavMartin13,Available,404
CavMartin13,247sports,https://247sports.com,https://247sports.com/user/CavMartin13/,Available,404
CavMartin13,Habr,https://habr.com/,https://habr.com/ru/users/CavMartin13/,Available,404
CavMartin13,Bit.ly,https://bit.ly,https://bit.ly/CavMartin13,Available,404
CavMartin13,500px,https://500px.com/,https://500px.com/p/CavMartin13,Unknown,200
CavMartin13,Studfile,https://studfile.net,https://studfile.net/users/CavMartin13/,Available,404
CavMartin13,Gofundme,https://www.gofundme.com,https://www.gofundme.com/f/CavMartin13,Available,404
CavMartin13,www.change.org,https://www.change.org,https://www.change.org/o/CavMartin13,Available,404
CavMartin13,ComicvineGamespot,https://comicvine.gamespot.com/,https://comicvine.gamespot.com/profile/CavMartin13,Available,404
CavMartin13,Gab,https://gab.com/,https://gab.com/CavMartin13,Available,404
CavMartin13,Itch.io,https://itch.io/,https://CavMartin13.itch.io/,Available,404
CavMartin13,1337x,https://1337x.to,https://1337x.to/user/CavMartin13/,Available,200
CavMartin13,Eksisozluk,https://eksisozluk.com,https://eksisozluk.com/biri/CavMartin13,Available,404
CavMartin13,ThemeForest,https://themeforest.net,https://themeforest.net/user/CavMartin13,Available,404
CavMartin13,Tinder,https://tinder.com/,https://www.tinder.com/@CavMartin13,Available,200
CavMartin13,Tom's guide,http://forums.tomsguide.com,http://forums.tomsguide.com/members/?username=CavMartin13,Available,200
CavMartin13,last.fm,https://last.fm/,https://last.fm/user/CavMartin13,Available,404
CavMartin13,TomsHardware,https://forums.tomshardware.com/,https://forums.tomshardware.com/members/?username=CavMartin13,Available,200
CavMartin13,ResearchGate,https://www.researchgate.net/,,Illegal,
CavMartin13,Roblox,https://www.roblox.com/,https://www.roblox.com/user.aspx?username=CavMartin13,Available,404
CavMartin13,forum.sketchfab.com,https://forum.sketchfab.com,https://forum.sketchfab.com/u/CavMartin13/summary,Available,200
CavMartin13,Codecademy,https://www.codecademy.com/,https://www.codecademy.com/profiles/CavMartin13,Available,200
CavMartin13,xHamster,https://xhamster.com,https://xhamster.com/users/CavMartin13,Available,404
CavMartin13,Ultimate-Guitar,https://ultimate-guitar.com/,https://ultimate-guitar.com/u/CavMartin13,Available,410
CavMartin13,{username}.tilda.ws,https://tilda.ws,https://CavMartin13.tilda.ws,Available,404
CavMartin13,Freecodecamp,https://www.freecodecamp.org/forum/,https://www.freecodecamp.org/forum/u/CavMartin13/summary,Available,404
CavMartin13,Redtube,https://ru.redtube.com/,https://ru.redtube.com/users/CavMartin13,Available,404
CavMartin13,jeuxvideo,http://www.jeuxvideo.com,http://www.jeuxvideo.com/profil/CavMartin13?mode=infos,Available,404
CavMartin13,BoardGameGeek,https://boardgamegeek.com,https://boardgamegeek.com/user/CavMartin13,Available,200
CavMartin13,forums.sketchup.com,https://forums.sketchup.com,https://forums.sketchup.com/u/CavMartin13/summary,Available,404
CavMartin13,Ccm,https://ccm.net,https://ccm.net/profile/user/CavMartin13,Available,404
CavMartin13,Docker Hub,https://hub.docker.com/,https://hub.docker.com/u/CavMartin13/,Available,404
CavMartin13,note,https://note.com/,https://note.com/CavMartin13,Available,404
CavMartin13,community.icons8.com,https://community.icons8.com,https://community.icons8.com/u/CavMartin13/summary,Available,404
CavMartin13,AskFM,https://ask.fm/,https://ask.fm/CavMartin13,Unknown,0
CavMartin13,Thechive,https://thechive.com/,https://thechive.com/author/CavMartin13,Available,404
CavMartin13,Letterboxd,https://letterboxd.com/,https://letterboxd.com/CavMartin13,Available,404
CavMartin13,YouPorn,https://youporn.com,https://youporn.com/uservids/CavMartin13,Available,404
CavMartin13,beacons.ai,https://beacons.ai,https://beacons.ai/CavMartin13,Unknown,403
CavMartin13,djskt.lnk.to,https://djskt.lnk.to,https://djskt.lnk.to/CavMartin13,Available,404
CavMartin13,Wikidot,http://www.wikidot.com/,http://www.wikidot.com/user:info/CavMartin13,Available,200
CavMartin13,99designs.com,https://99designs.com,https://99designs.com/profiles/CavMartin13,Available,404
CavMartin13,Eporner,,https://www.eporner.com/profile/CavMartin13/,Available,404
CavMartin13,Kaskus,https://www.kaskus.co.id,https://www.kaskus.co.id/@CavMartin13,Available,404
CavMartin13,Cracked,https://www.cracked.com/,https://www.cracked.com/members/CavMartin13/,Available,301
CavMartin13,Infourok,https://infourok.ru,https://infourok.ru/user/CavMartin13,Available,404
CavMartin13,www.gamesradar.com,https://www.gamesradar.com,https://www.gamesradar.com/uk/author/CavMartin13/,Available,404
CavMartin13,sports.ru,https://www.sports.ru/,https://www.sports.ru/profile/CavMartin13/,Available,404
CavMartin13,Rajce.net,https://www.rajce.idnes.cz/,https://CavMartin13.rajce.idnes.cz/,Available,410
CavMartin13,DeviantART,https://deviantart.com,https://CavMartin13.deviantart.com,Available,404
CavMartin13,osu!,https://osu.ppy.sh/,https://osu.ppy.sh/users/CavMartin13,Available,404
CavMartin13,Otzovik,https://otzovik.com/,https://otzovik.com/profile/CavMartin13,Unknown,507
CavMartin13,Weforum,https://www.weforum.org,https://www.weforum.org/people/CavMartin13,Unknown,403
CavMartin13,DigitalOcean,https://www.digitalocean.com/,https://www.digitalocean.com/community/users/CavMartin13,Available,404
CavMartin13,Guru,https://www.guru.com,https://www.guru.com/freelancers/CavMartin13,Available,404
CavMartin13,Sbnation,https://www.sbnation.com,https://www.sbnation.com/users/CavMartin13,Available,404
CavMartin13,Pluralsight,https://app.pluralsight.com,https://app.pluralsight.com/profile/author/CavMartin13,Available,404
CavMartin13,fotostrana.ru,https://fotostrana.ru,https://fotostrana.ru/CavMartin13/,Unknown,403
CavMartin13,AllTrails,https://www.alltrails.com/,https://www.alltrails.com/members/CavMartin13,Unknown,403
CavMartin13,Xvideos,https://xvideos.com/,https://xvideos.com/profiles/CavMartin13,Available,404
CavMartin13,forums.docker.com,https://forums.docker.com,https://forums.docker.com/u/CavMartin13/summary,Available,404
CavMartin13,HubPages,https://hubpages.com/,https://hubpages.com/@CavMartin13,Available,404
CavMartin13,lyricstranslate.com,https://lyricstranslate.com,https://lyricstranslate.com/sco/translator/CavMartin13,Available,404
CavMartin13,Muckrack,https://muckrack.com,https://muckrack.com/CavMartin13,Unknown,403
CavMartin13,BitBucket,https://bitbucket.org/,https://bitbucket.org/CavMartin13/,Available,404
CavMartin13,9GAG,https://www.9gag.com/,https://www.9gag.com/u/CavMartin13,Available,404
CavMartin13,Baidu,https://tieba.baidu.com,https://tieba.baidu.com/home/main?un=CavMartin13,Available,200
CavMartin13,MixCloud,https://www.mixcloud.com/,https://www.mixcloud.com/CavMartin13/,Available,404
CavMartin13,GitLab,https://gitlab.com/,https://gitlab.com/CavMartin13,Available,200
CavMartin13,videohive.net,https://videohive.net,https://videohive.net/user/CavMartin13,Available,404
CavMartin13,angel.co,https://angel.co,https://angel.co/u/CavMartin13,Unknown,403
CavMartin13,TechPowerUp,https://www.techpowerup.com,https://www.techpowerup.com/forums/members/?username=CavMartin13,Available,200
CavMartin13,Pornhub,https://pornhub.com/,https://pornhub.com/users/CavMartin13,Available,404
CavMartin13,iRecommend.RU,https://irecommend.ru/,https://irecommend.ru/users/CavMartin13,Unknown,521
CavMartin13,AlternativeTo,https://alternativeto.net/,https://alternativeto.net/user/CavMartin13,Unknown,403
CavMartin13,Jigsawplanet,https://www.jigsawplanet.com,https://www.jigsawplanet.com/CavMartin13,Available,404
CavMartin13,Ameba,https://profile.ameba.jp,https://profile.ameba.jp/ameba/CavMartin13/,Available,404
CavMartin13,TemplateMonster,https://www.templatemonster.com,https://www.templatemonster.com/authors/CavMartin13/,Available,404
CavMartin13,Foursquare,https://foursquare.com/,https://foursquare.com/CavMartin13,Available,404
CavMartin13,pr0gramm,https://pr0gramm.com/,https://pr0gramm.com/api/profile/info?name=CavMartin13,Available,404
CavMartin13,authorSTREAM,http://www.authorstream.com/,http://www.authorstream.com/author/CavMartin13/,Claimed,200
CavMartin13,Flightradar24,https://www.flightradar24.com/,https://my.flightradar24.com/CavMartin13,Available,404
CavMartin13,IFTTT,https://www.ifttt.com/,https://www.ifttt.com/p/CavMartin13,Available,429
CavMartin13,Flickr,https://www.flickr.com/,https://www.flickr.com/photos/CavMartin13,Available,404
CavMartin13,techspot.com,http://www.techspot.com/community/,http://www.techspot.com/community/members/?username=CavMartin13,Unknown,403
CavMartin13,profile.hatena.ne.jp,https://profile.hatena.ne.jp,https://profile.hatena.ne.jp/CavMartin13/,Available,404
CavMartin13,Cheezburger,https://profile.cheezburger.com,https://profile.cheezburger.com/CavMartin13,Available,302
CavMartin13,AllKPop,https://www.allkpop.com/,https://www.allkpop.com/profile/CavMartin13,Available,302
CavMartin13,Venmo,https://venmo.com/,https://venmo.com/CavMartin13,Available,404
CavMartin13,NPM-Package,https://www.npmjs.com/,https://www.npmjs.com/package/CavMartin13,Available,429
CavMartin13,hackernoon.com,https://hackernoon.com,https://hackernoon.com/u/CavMartin13,Available,200
CavMartin13,ModDB,https://www.moddb.com/,https://www.moddb.com/members/CavMartin13,Unknown,403
CavMartin13,community.getpostman.com,https://community.getpostman.com,https://community.getpostman.com/u/CavMartin13/summary,Available,404
CavMartin13,Revelation,https://rev.mail.ru,https://rev.mail.ru/forums/member.php?username=CavMartin13,Unknown,0
CavMartin13,Anime-planet,https://www.anime-planet.com,https://www.anime-planet.com/forum/members/?username=CavMartin13,Available,200
CavMartin13,Warrior Forum,https://www.warriorforum.com/,https://www.warriorforum.com/members/CavMartin13.html,Available,400
CavMartin13,Yummly,https://www.yummly.com,https://mapi.yummly.com/mapi/v19/user/CavMartin13,Unknown,0
CavMartin13,My.Mail.ru@bk.ru,https://my.mail.ru/,https://my.mail.ru/bk/CavMartin13/,Available,404
CavMartin13,Slashdot,https://slashdot.org,https://slashdot.org/~CavMartin13,Available,404
CavMartin13,Pokemon Showdown,https://pokemonshowdown.com,https://pokemonshowdown.com/users/CavMartin13,Available,404
CavMartin13,Zoomir.ir,https://www.zoomit.ir,https://www.zoomit.ir/user/CavMartin13,Available,404
CavMartin13,depop.com,https://www.depop.com,https://www.depop.com/CavMartin13,Unknown,403
CavMartin13,opensource,https://opensource.com/,https://opensource.com/users/CavMartin13,Available,404
CavMartin13,www.minds.com,https://www.minds.com,https://www.minds.com/CavMartin13,Available,404
CavMartin13,FilmWeb,https://www.filmweb.pl/user/adam,https://www.filmweb.pl/user/CavMartin13,Available,200
CavMartin13,Typeracer,https://typeracer.com,https://data.typeracer.com/pit/profile?user=CavMartin13,Available,200
CavMartin13,Audiojungle,https://audiojungle.net/,https://audiojungle.net/user/CavMartin13,Available,404
CavMartin13,VSCO,https://vsco.co/,https://vsco.co/CavMartin13,Available,404
CavMartin13,Discuss.Elastic.co,https://discuss.elastic.co/,https://discuss.elastic.co/u/CavMartin13/summary,Available,404
CavMartin13,ImgInn,https://imginn.com,https://imginn.com/CavMartin13/,Available,404
CavMartin13,forums.bulbagarden.net,http://forums.bulbagarden.net,http://forums.bulbagarden.net/members/?username=CavMartin13,Claimed,403
CavMartin13,Trakt,https://www.trakt.tv/,https://www.trakt.tv/users/CavMartin13,Unknown,403
CavMartin13,Weedmaps,https://weedmaps.com,https://weedmaps.com/brands/CavMartin13,Unknown,403
CavMartin13,dailykos,https://www.dailykos.com,https://www.dailykos.com/user/CavMartin13,Available,404
CavMartin13,Memrise,https://www.memrise.com/,https://www.memrise.com/user/CavMartin13/,Available,301
CavMartin13,999.md,https://999.md,https://999.md/ru/profile/CavMartin13,Available,404
CavMartin13,DEV Community,https://dev.to/,https://dev.to/CavMartin13,Available,404
CavMartin13,Rate Your Music,https://rateyourmusic.com/,https://rateyourmusic.com/~CavMartin13,Unknown,403
CavMartin13,forum.blackmagicdesign.com,https://forum.blackmagicdesign.com,https://forum.blackmagicdesign.com/search.php?author=CavMartin13,Available,200
CavMartin13,Instructables,https://www.instructables.com/,https://www.instructables.com/member/CavMartin13,Available,404
CavMartin13,Codementor,https://www.codementor.io/,https://www.codementor.io/CavMartin13,Available,404
CavMartin13,forums.opera.com,https://forums.opera.com/,https://forums.opera.com/user/CavMartin13,Available,404
CavMartin13,Championat,https://www.championat.com/,https://www.championat.com/user/CavMartin13,Available,404
CavMartin13,forums.serebii.net,https://forums.serebii.net,https://forums.serebii.net/members/?username=CavMartin13,Claimed,403
CavMartin13,Xing,https://www.xing.com/,https://www.xing.com/profile/CavMartin13,Available,404
CavMartin13,Gumroad,https://www.gumroad.com/,https://www.gumroad.com/CavMartin13,Available,404
CavMartin13,About.me,https://about.me/,https://about.me/CavMartin13,Available,404
CavMartin13,PlanetMinecraft,https://www.planetminecraft.com,https://www.planetminecraft.com/member/CavMartin13,Unknown,403
CavMartin13,Flipboard,https://flipboard.com/,https://flipboard.com/@CavMartin13,Available,404
CavMartin13,Sporcle,https://www.sporcle.com/,https://www.sporcle.com/user/CavMartin13/people,Available,404
CavMartin13,Lichess,https://lichess.org,https://lichess.org/@/CavMartin13,Available,404
CavMartin13,Gravatar,http://en.gravatar.com/,http://en.gravatar.com/CavMartin13,Available,404
CavMartin13,Pinkbike,https://www.pinkbike.com/,https://www.pinkbike.com/u/CavMartin13/,Unknown,403
CavMartin13,Livemaster,https://www.livemaster.ru,https://www.livemaster.ru/CavMartin13,Available,404
CavMartin13,Techrepublic,https://www.techrepublic.com,https://www.techrepublic.com/members/profile/CavMartin13/,Available,404
CavMartin13,fixya,https://www.fixya.com,https://www.fixya.com/users/CavMartin13,Available,404
CavMartin13,OpenStreetMap,https://www.openstreetmap.org/,https://www.openstreetmap.org/user/CavMartin13,Available,404
CavMartin13,Repl.it,https://repl.it/,https://repl.it/@CavMartin13,Available,404
CavMartin13,F6S,https://f6s.com/,https://www.f6s.com/CavMartin13,Available,200
CavMartin13,FortniteTracker,https://fortnitetracker.com/challenges,https://fortnitetracker.com/profile/all/CavMartin13,Unknown,403
CavMartin13,Fark,https://www.fark.com/,https://www.fark.com/users/CavMartin13/,Available,200
CavMartin13,SkyscraperCity,https://www.skyscrapercity.com,https://www.skyscrapercity.com/members/?username=CavMartin13,Available,200
CavMartin13,rapidapi.com,https://rapidapi.com,https://rapidapi.com/blog/author/CavMartin13/,Available,404
CavMartin13,forum.audacityteam.org,https://forum.audacityteam.org,https://forum.audacityteam.org/search.php?author=CavMartin13,Available,404
CavMartin13,kwork,https://www.kwork.ru/,https://kwork.ru/user/CavMartin13,Available,404
CavMartin13,My.Mail.ru@ya.ru,https://my.mail.ru/,https://my.mail.ru/ya.ru/CavMartin13/,Available,404
CavMartin13,BuyMeACoffee,https://www.buymeacoffee.com/,https://buymeacoff.ee/CavMartin13,Available,404
CavMartin13,Gog,https://www.gog.com/,https://www.gog.com/u/CavMartin13,Available,404
CavMartin13,My.Mail.ru@yandex.ru,https://my.mail.ru/,https://my.mail.ru/yandex.ru/CavMartin13/,Available,404
CavMartin13,WikimapiaSearch,http://wikimapia.org,http://wikimapia.org/user/tools/users_rating/?username=CavMartin13,Available,200
CavMartin13,SeoClerks,https://www.seoclerks.com,https://www.seoclerks.com/user/CavMartin13,Available,302
CavMartin13,My.Mail.ru@mail.ru,https://my.mail.ru/,https://my.mail.ru/mail/CavMartin13/,Available,404
CavMartin13,My.Mail.ru@list.ru,https://my.mail.ru/,https://my.mail.ru/list/CavMartin13/,Available,404
CavMartin13,AdvancedCustomFields,https://support.advancedcustomfields.com/,https://support.advancedcustomfields.com/forums/users/CavMartin13,Available,404
CavMartin13,Douban,https://www.douban.com,https://www.douban.com/people/CavMartin13/,Unknown,403
CavMartin13,Codechef,https://www.codechef.com/,https://www.codechef.com/users/CavMartin13,Available,302
CavMartin13,LiveLib,https://www.livelib.ru/,https://www.livelib.ru/reader/CavMartin13,Claimed,200
CavMartin13,NameMC,https://namemc.com/,https://namemc.com/profile/CavMartin13,Unknown,403
CavMartin13,forums.linuxmint.com,https://forums.linuxmint.com,https://forums.linuxmint.com/search.php?author=CavMartin13,Available,200
CavMartin13,steemit,https://steemit.com,https://steemit.com/@CavMartin13,Available,404
CavMartin13,Stihi.ru,https://www.stihi.ru/,https://www.stihi.ru/avtor/CavMartin13,Available,200
CavMartin13,easyen,https://easyen.ru,https://easyen.ru/index/8-0-CavMartin13,Unknown,403
CavMartin13,Smugmug,https://smugmug.com/,https://CavMartin13.smugmug.com/,Available,404
CavMartin13,www.tagged.com,http://www.tagged.com,http://www.tagged.com/CavMartin13,Available,200
CavMartin13,author.today,https://author.today,https://author.today/u/CavMartin13,Unknown,403
CavMartin13,forum.pkp.sfu.ca,https://forum.pkp.sfu.ca,https://forum.pkp.sfu.ca/u/CavMartin13/summary,Unknown,403
CavMartin13,forums.majorgeeks.com,https://forums.majorgeeks.com,https://forums.majorgeeks.com/members/?username=CavMartin13,Available,200
CavMartin13,www.itemfix.com,https://www.itemfix.com,https://www.itemfix.com/c/CavMartin13,Available,200
CavMartin13,NICommunityForum,https://www.native-instruments.com/forum/,https://www.native-instruments.com/forum/members/?username=CavMartin13,Available,403
CavMartin13,NPM,https://www.npmjs.com/,https://www.npmjs.com/~CavMartin13,Available,429
CavMartin13,Picsart,https://picsart.com/,https://picsart.com/u/CavMartin13,Available,404
CavMartin13,Bibsonomy,https://www.bibsonomy.org,https://www.bibsonomy.org/user/CavMartin13,Available,404
CavMartin13,Picuki,https://www.picuki.com/,https://www.picuki.com/profile/CavMartin13,Claimed,200
CavMartin13,SublimeForum,https://forum.sublimetext.com/,https://forum.sublimetext.com/u/CavMartin13/summary,Available,404
CavMartin13,ProductHunt,https://www.producthunt.com/,https://www.producthunt.com/@CavMartin13,Available,200
CavMartin13,AdultFriendFinder,https://adultfriendfinder.com,https://adultfriendfinder.com/profile/CavMartin13,Claimed,200
CavMartin13,ReverbNation,https://www.reverbnation.com/,https://www.reverbnation.com/CavMartin13,Available,404
CavMartin13,blogs.klerk.ru,https://blogs.klerk.ru,https://blogs.klerk.ru/users/CavMartin13/,Available,200
CavMartin13,Coub,https://coub.com/,https://coub.com/CavMartin13,Available,404
CavMartin13,doctissimo,https://club.doctissimo.fr,https://club.doctissimo.fr/CavMartin13/,Available,404
CavMartin13,BOOTH,https://booth.pm/,https://CavMartin13.booth.pm/,Available,302
CavMartin13,PyPi,https://pypi.org/,https://pypi.org/user/CavMartin13,Unknown,200
CavMartin13,Americanthinker,https://www.americanthinker.com/,https://www.americanthinker.com/author/CavMartin13/,Available,404
CavMartin13,amp.flipboard.com,https://amp.flipboard.com,https://amp.flipboard.com/@CavMartin13,Available,404
CavMartin13,Diigo,https://www.diigo.com/,https://www.diigo.com/interact_api/load_profile_info?name=CavMartin13,Available,200
CavMartin13,accounts.eclipse.org,https://accounts.eclipse.org,https://accounts.eclipse.org/users/CavMartin13,Available,404
CavMartin13,N4g,https://n4g.com/,https://n4g.com/user/home/CavMartin13,Available,404
CavMartin13,codeforces.com,http://codeforces.com,http://codeforces.com/profile/CavMartin13,Available,200
CavMartin13,Vivino,https://www.vivino.com/,https://www.vivino.com/users/CavMartin13,Available,404
CavMartin13,Truelancer,https://www.truelancer.com,https://www.truelancer.com/freelancer/CavMartin13,Available,200
CavMartin13,hashnode,https://hashnode.com,https://hashnode.com/@CavMartin13,Claimed,429
CavMartin13,bbs.boingboing.net,https://bbs.boingboing.net,https://bbs.boingboing.net/u/CavMartin13/summary,Unknown,403
CavMartin13,MuffinGroup,https://forum.muffingroup.com,https://forum.muffingroup.com/betheme/profile/CavMartin13,Available,404
CavMartin13,Pandia,https://pandia.ru,https://pandia.ru/user/profile/CavMartin13,Available,404
CavMartin13,Proza.ru,https://www.proza.ru/,https://www.proza.ru/avtor/CavMartin13,Available,200
CavMartin13,Packagist,https://packagist.org/,https://packagist.org/packages/CavMartin13/,Available,302
CavMartin13,HackerOne,https://hackerone.com/,https://hackerone.com/CavMartin13,Available,404
CavMartin13,Kwejk,https://kwejk.pl,https://kwejk.pl/uzytkownik/CavMartin13#/tablica/,Available,404
CavMartin13,discussion.squadhelp.com,https://discussion.squadhelp.com,https://discussion.squadhelp.com/u/CavMartin13/summary,Unknown,403
CavMartin13,TheSimsResource,https://www.thesimsresource.com/,https://www.thesimsresource.com/members/CavMartin13/,Available,302
CavMartin13,interpals,https://www.interpals.net/,https://www.interpals.net/CavMartin13,Available,200
CavMartin13,Funnyjunk,https://funnyjunk.com/,https://funnyjunk.com/user/CavMartin13,Available,307
CavMartin13,Speedrun.com,https://speedrun.com/,https://speedrun.com/users/CavMartin13,Available,404
CavMartin13,Influenster,https://www.influenster.com/,https://www.influenster.com/CavMartin13,Unknown,403
CavMartin13,Neoseeker,https://www.neoseeker.com,https://www.neoseeker.com/members/CavMartin13/,Unknown,403
CavMartin13,kofi,https://ko-fi.com,https://ko-fi.com/CavMartin13,Claimed,200
CavMartin13,nightbot,https://nightbot.tv/,https://nightbot.tv/t/CavMartin13/commands,Available,404
CavMartin13,TVTropes,https://tvtropes.org,https://tvtropes.org/pmwiki/pmwiki.php/Tropers/CavMartin13,Available,404
CavMartin13,Mix,https://mix.com,https://mix.com/CavMartin13,Available,404
CavMartin13,Screwfix,https://community.screwfix.com,https://community.screwfix.com/members/?username=CavMartin13,Available,200
CavMartin13,ifunny.co,https://www.ifunny.co,https://www.ifunny.co/user/CavMartin13,Available,404
CavMartin13,Justlanded,https://community.justlanded.com,https://community.justlanded.com/en/profile/CavMartin13,Available,404
CavMartin13,allmylinks,https://allmylinks.com/,https://allmylinks.com/CavMartin13,Available,404
CavMartin13,discourse.jupyter.org,https://discourse.jupyter.org,https://discourse.jupyter.org/u/CavMartin13/summary,Available,404
CavMartin13,Speakerdeck,https://speakerdeck.com,https://speakerdeck.com/CavMartin13,Available,404
CavMartin13,ImageShack,https://imageshack.com/,https://imageshack.com/user/CavMartin13,Available,302
CavMartin13,eBaumsWorld,https://www.ebaumsworld.com/,https://www.ebaumsworld.com/user/profile/CavMartin13,Available,404
CavMartin13,joyreactor.cc,http://joyreactor.cc,http://joyreactor.cc/user/CavMartin13,Available,301
CavMartin13,forums.indiegala.com,https://forums.indiegala.com,https://forums.indiegala.com/members/?username=CavMartin13,Available,200
CavMartin13,Metal-archives,https://www.metal-archives.com,https://www.metal-archives.com/users/CavMartin13,Available,404
CavMartin13,Baby.ru,https://www.baby.ru/,https://www.baby.ru/u/CavMartin13/,Available,404
CavMartin13,Smule,https://www.smule.com/,https://www.smule.com/CavMartin13,Available,200
CavMartin13,TheOdysseyOnline,https://www.theodysseyonline.com,https://www.theodysseyonline.com/user/@CavMartin13,Available,404
CavMartin13,Edocr,https://www.edocr.com,https://www.edocr.com/user/CavMartin13/,Available,404
CavMartin13,Wykop,https://www.wykop.pl,https://www.wykop.pl/ludzie/CavMartin13/,Available,404
CavMartin13,Pbase,https://pbase.com/,https://pbase.com/CavMartin13/profile,Available,200
CavMartin13,Pixwox,https://www.pixwox.com,https://www.pixwox.com/profile/CavMartin13/,Claimed,200
CavMartin13,iXBT,https://forum.ixbt.com,https://forum.ixbt.com/users.cgi?id=info:CavMartin13,Available,404
CavMartin13,Namepros,https://www.namepros.com/,https://www.namepros.com/members/?username=CavMartin13,Available,200
CavMartin13,Teletype,https://teletype.in,https://teletype.in/@CavMartin13,Available,404
CavMartin13,hiveos.farm,https://forum.hiveos.farm,https://forum.hiveos.farm/u/CavMartin13/summary,Available,404
CavMartin13,Armorgames,https://armorgames.com,https://armorgames.com/user/CavMartin13,Available,302
CavMartin13,Voices,https://www.voices.com/,https://www.voices.com/actors/CavMartin13,Unknown,403
CavMartin13,Mouthshut,https://www.mouthshut.com/,https://www.mouthshut.com/CavMartin13,Available,301
CavMartin13,DigitalPoint,https://www.digitalpoint.com,https://www.digitalpoint.com/members/?username=CavMartin13,Available,200
CavMartin13,forums.visual-paradigm.com,https://forums.visual-paradigm.com,https://forums.visual-paradigm.com/u/CavMartin13/summary,Available,404
CavMartin13,Empflix,https://www.empflix.com,https://www.empflix.com/profile/CavMartin13/,Available,301
CavMartin13,forum.snapcraft.io,https://forum.snapcraft.io,https://forum.snapcraft.io/u/CavMartin13/summary,Available,404
CavMartin13,Kongregate,https://www.kongregate.com/,https://www.kongregate.com/accounts/CavMartin13,Available,404
CavMartin13,My.Mail.ru@gmail.com,https://my.mail.ru/,https://my.mail.ru/gmail.com/CavMartin13/,Available,404
CavMartin13,Freesound,https://freesound.org/,https://freesound.org/people/CavMartin13/,Available,404
CavMartin13,MoneySavingExpert,https://forums.moneysavingexpert.com,https://forums.moneysavingexpert.com/profile/CavMartin13,Available,404
CavMartin13,4x4.tomsk.ru,http://4x4.tomsk.ru,http://4x4.tomsk.ru/search.php?author=CavMartin13,Available,200
CavMartin13,forums.destructoid.com,https://forums.destructoid.com,https://forums.destructoid.com/members/?username=CavMartin13,Available,200
CavMartin13,Niftygateway,https://api.niftygateway.com,https://niftygateway.com/profile/CavMartin13,Available,400
CavMartin13,smart-lab.ru,https://smart-lab.ru/,https://smart-lab.ru/profile/CavMartin13/,Available,404
CavMartin13,3ddd,https://3ddd.ru,https://3ddd.ru/users/CavMartin13,Available,404
CavMartin13,Slides,https://slides.com/,https://slides.com/CavMartin13,Available,404
CavMartin13,Etxt,https://www.etxt.ru,https://www.etxt.ru/CavMartin13.html,Available,404
CavMartin13,MyMiniFactory,https://www.myminifactory.com/,https://www.myminifactory.com/users/CavMartin13,Available,404
CavMartin13,profi.ru,https://profi.ru,https://profi.ru/profile/CavMartin13/,Available,404
CavMartin13,lnk.bio,https://lnk.bio,https://lnk.bio/CavMartin13,Available,200
CavMartin13,Kinja,https://kinja.com,https://kinja.com/CavMartin13,Available,404
CavMartin13,Fanpop,https://www.fanpop.com/,https://www.fanpop.com/fans/CavMartin13,Available,404
CavMartin13,Giantbomb,https://www.giantbomb.com,https://www.giantbomb.com/profile/CavMartin13,Available,404
CavMartin13,Diary.ru,https://diary.ru,https://CavMartin13.diary.ru/,Unknown,500
CavMartin13,Fodors,https://www.fodors.com,https://www.fodors.com/community/profile/CavMartin13/forum-activity,Available,302
CavMartin13,forums.steinberg.net,https://forums.steinberg.net,https://forums.steinberg.net/u/CavMartin13/summary,Available,404
CavMartin13,Coderwall,https://coderwall.com/,https://coderwall.com/CavMartin13,Available,404
CavMartin13,Krstarica,https://forum.krstarica.com,https://forum.krstarica.com/members/?username=CavMartin13,Available,200
CavMartin13,AnimeNewsNetwork,https://www.animenewsnetwork.com,https://www.animenewsnetwork.com/bbs/phpBB2/profile.php?mode=viewprofile&u=CavMartin13,Available,200
CavMartin13,TrueAchievements,https://www.trueachievements.com,https://www.trueachievements.com/gamer/CavMartin13,Available,404
CavMartin13,Mobypicture,http://www.mobypicture.com,http://www.mobypicture.com/user/CavMartin13,Available,404
CavMartin13,TheStudentRoom,https://www.thestudentroom.co.uk,https://www.thestudentroom.co.uk/member.php?username=CavMartin13,Available,200
CavMartin13,Artsy,https://www.artsy.net,https://www.artsy.net/artist/CavMartin13,Available,404
CavMartin13,Blu-ray,https://forum.blu-ray.com/,https://forum.blu-ray.com/member.php?username=CavMartin13,Available,200
CavMartin13,dlive.tv,https://dlive.tv,https://dlive.tv/CavMartin13,Available,200
CavMartin13,mama.tomsk.ru,https://mama.tomsk.ru/forums,https://mama.tomsk.ru/forums/search.php?author=CavMartin13,Available,404
CavMartin13,Gitee,https://gitee.com/,https://gitee.com/CavMartin13,Available,404
CavMartin13,Codewars,https://www.codewars.com,https://www.codewars.com/users/CavMartin13,Available,404
CavMartin13,Iphones.ru,https://www.iphones.ru,https://www.iphones.ru/iNotes/author/CavMartin13?profile=1,Available,404
CavMartin13,spletnik,https://spletnik.ru/,https://spletnik.ru/user/CavMartin13,Available,404
CavMartin13,Hackster,https://www.hackster.io,https://www.hackster.io/CavMartin13,Unknown,403
CavMartin13,Soup,https://soup.io,https://www.soup.io/author/CavMartin13,Available,301
CavMartin13,Hotcopper,https://hotcopper.com.au,https://hotcopper.com.au/search/search?type=post&users=CavMartin13,Available,200
CavMartin13,7dach,https://7dach.ru/,https://7dach.ru/profile/CavMartin13,Available,404
CavMartin13,forum.ghost.org,https://forum.ghost.org,https://forum.ghost.org/u/CavMartin13/summary,Available,404
CavMartin13,akniga,https://akniga.org/,https://akniga.org/profile/CavMartin13,Available,404
CavMartin13,GameRevolution,https://forums.gamerevolution.com,https://forums.gamerevolution.com/members/?username=CavMartin13,Available,200
CavMartin13,Physicsforums,https://www.physicsforums.com,https://www.physicsforums.com/members/?username=CavMartin13,Available,200
CavMartin13,discuss.hashicorp.com,https://discuss.hashicorp.com,https://discuss.hashicorp.com/u/CavMartin13/summary,Available,404
CavMartin13,PushSquare,http://www.pushsquare.com,http://www.pushsquare.com/users/CavMartin13,Available,404
CavMartin13,Vgtimes,https://vgtimes.ru,https://vgtimes.ru/user/CavMartin13,Available,404
CavMartin13,Contently,https://contently.com/,https://CavMartin13.contently.com/,Available,200
CavMartin13,forum.nameberry.com,https://forum.nameberry.com,https://forum.nameberry.com/u/CavMartin13/summary,Unknown,403
CavMartin13,ForumHouse,https://www.forumhouse.ru/,https://www.forumhouse.ru/members/?username=CavMartin13,Available,200
CavMartin13,E621,https://e621.net,https://e621.net/users/CavMartin13,Available,404
CavMartin13,Oper,https://www.oper.ru/,https://www.oper.ru/visitors/info.php?t=CavMartin13,Available,200
CavMartin13,Vgtimes/Games,https://vgtimes.ru,https://vgtimes.ru/games/CavMartin13/forum/,Available,404
CavMartin13,B17,https://www.b17.ru/,https://www.b17.ru/CavMartin13,Unknown,503
CavMartin13,GBAtemp.net,https://gbatemp.net/,https://gbatemp.net/members/?username=CavMartin13,Available,200
CavMartin13,xenforo.com,https://xenforo.com/community/,https://xenforo.com/community/members/?username=CavMartin13,Available,200
CavMartin13,EuroFootball,https://www.euro-football.ru,https://www.euro-football.ru/user/CavMartin13,Available,302
CavMartin13,TryHackMe,https://tryhackme.com/,https://tryhackme.com/p/CavMartin13,Available,200
CavMartin13,Myinstants,https://www.myinstants.com,https://www.myinstants.com/profile/CavMartin13/,Available,404
CavMartin13,forum.ykt.ru,https://forum.ykt.ru,https://forum.ykt.ru/viewprofile.jsp?forum_id=11&user=CavMartin13,Available,302
CavMartin13,Forumophilia,https://www.forumophilia.com,https://www.forumophilia.com/profile.php?mode=viewprofile&u=CavMartin13,Available,200
CavMartin13,Brusheezy,https://www.brusheezy.com,https://www.brusheezy.com/members/CavMartin13,Available,200
CavMartin13,forum.shotcut.org,https://forum.shotcut.org,https://forum.shotcut.org/u/CavMartin13/summary,Available,404
CavMartin13,getmyuni,https://getmyuni.com/,https://www.getmyuni.com/user/CavMartin13,Available,404
CavMartin13,igromania,http://forum.igromania.ru/,http://forum.igromania.ru/member.php?username=CavMartin13,Available,200
CavMartin13,mel.fm,https://mel.fm,https://mel.fm/blog/CavMartin13,Available,404
CavMartin13,Untappd,https://untappd.com,https://untappd.com/user/CavMartin13,Available,404
CavMartin13,MirTesen,https://mirtesen.ru,https://mirtesen.ru/people/CavMartin13/profile,Available,200
CavMartin13,Cent,https://cent.co/,https://beta.cent.co/@CavMartin13,Available,200
CavMartin13,hi5,http://www.hi5.com,http://www.hi5.com/CavMartin13,Available,200
CavMartin13,BikeRadar,https://forum.bikeradar.com,https://forum.bikeradar.com/profile/CavMartin13,Available,404
CavMartin13,LiveInternet,https://www.liveinternet.ru,https://www.liveinternet.ru/users/CavMartin13/profile,Available,200
CavMartin13,DonationsAlerts,https://www.donationalerts.com/,https://www.donationalerts.com/r/CavMartin13,Available,404
CavMartin13,ESET,https://forum.esetnod32.ru,https://forum.esetnod32.ru/user/CavMartin13/,Available,404
CavMartin13,GuruShots,https://gurushots.com/,https://gurushots.com/CavMartin13/photos,Available,200
CavMartin13,Launchpad,https://launchpad.net/,https://launchpad.net/~CavMartin13,Available,404
CavMartin13,forum.scssoft.com,https://forum.scssoft.com,https://forum.scssoft.com/search.php?author=CavMartin13,Available,200
CavMartin13,Advego,https://advego.com/,https://advego.com/profile/CavMartin13/author/,Unknown,500
CavMartin13,forum.inaturalist.org,https://forum.inaturalist.org,https://forum.inaturalist.org/u/CavMartin13/summary,Available,404
CavMartin13,Uchportal,https://www.uchportal.ru,https://www.uchportal.ru/index/8-0-CavMartin13,Available,200
CavMartin13,Hackerearth,https://www.hackerearth.com,https://www.hackerearth.com/@CavMartin13,Available,200
CavMartin13,sparkpeople,https://www.sparkpeople.com,https://www.sparkpeople.com/mypage.asp?id=CavMartin13,Available,404
CavMartin13,Ariva,https://www.ariva.de/,https://www.ariva.de/profil/CavMartin13,Available,404
CavMartin13,SevenForums,https://www.sevenforums.com,https://www.sevenforums.com/member.php?username=CavMartin13,Unknown,403
CavMartin13,Aptoide,https://en.aptoide.com/,https://CavMartin13.en.aptoide.com/,Available,404
CavMartin13,BabyBlog.ru,https://www.babyblog.ru/,https://www.babyblog.ru/user/CavMartin13,Available,301
CavMartin13,NN.RU,https://www.nn.ru/,https://CavMartin13.www.nn.ru/,Available,404
CavMartin13,hunting.karelia.ru,http://hunting.karelia.ru,http://hunting.karelia.ru/search.php?author=CavMartin13,Available,200
CavMartin13,forums.digitalpoint.com,https://forums.digitalpoint.com/,https://forums.digitalpoint.com/members/?username=CavMartin13,Available,200
CavMartin13,forums.drom.ru,https://www.forumsdrom.ru/,https://www.forumsdrom.ru/member.php?username=CavMartin13,Available,200
CavMartin13,community.sweatco.in,https://community.sweatco.in,https://community.sweatco.in/u/CavMartin13/summary,Available,200
CavMartin13,teamtreehouse.com,https://teamtreehouse.com,https://teamtreehouse.com/profiles/CavMartin13,Available,429
CavMartin13,Picarto,https://ptvintern.picarto.tv,https://ptvintern.picarto.tv/metadescription/CavMartin13,Available,200
CavMartin13,Psychologies.ru,http://www.psychologies.ru,http://www.psychologies.ru/personal/CavMartin13,Available,404
CavMartin13,Tinkoff Invest,https://www.tinkoff.ru/invest/,https://tinkoff.ru/invest/social/profile/CavMartin13/,Available,200
CavMartin13,MoscowFlamp,https://moscow.flamp.ru/,https://moscow.flamp.ru/CavMartin13,Available,404
CavMartin13,Dumpor,https://dumpor.com,https://dumpor.com/v/CavMartin13,Available,200
CavMartin13,designspiration.com,https://designspiration.com,https://designspiration.com/CavMartin13/,Available,404
CavMartin13,geocaching,https://www.geocaching.com/,https://www.geocaching.com/profile/?u=CavMartin13,Available,404
CavMartin13,YandexZenChannel,https://dzen.ru,https://dzen.ru/channel/CavMartin13,Available,404
CavMartin13,Jimdo,https://jimdosite.com/,https://CavMartin13.jimdosite.com,Unknown,403
CavMartin13,donorbox,https://donorbox.org,https://donorbox.org/CavMartin13,Available,404
CavMartin13,couchsurfing,https://www.couchsurfing.com/,https://www.couchsurfing.com/people/CavMartin13,Available,404
CavMartin13,Sbazar.cz,https://www.sbazar.cz/,https://www.sbazar.cz/CavMartin13,Available,404
CavMartin13,PerfectWorldForum,https://pw.mail.ru/,https://pw.mail.ru/forums/member.php?username=CavMartin13,Claimed,200
CavMartin13,forum.openoffice.org,https://forum.openoffice.org/en/forum,https://forum.openoffice.org/en/forum/search.php?author=CavMartin13,Available,200
CavMartin13,giters.com,https://giters.com,https://giters.com/CavMartin13,Available,404
CavMartin13,Newgrounds,https://newgrounds.com,https://CavMartin13.newgrounds.com,Available,404
CavMartin13,Tanks,,,Unknown,0
CavMartin13,PerfectWorld,,,Unknown,0
CavMartin13,Warface,,,Unknown,0
CavMartin13,23hq,http://www.23hq.com,http://www.23hq.com/CavMartin13,Available,404
CavMartin13,ArchiveOfOurOwn,,,Unknown,0
CavMartin13,HackerNews,,,Unknown,0
CavMartin13,TRASHBOX.RU,,,Unknown,0
