username,name,url_main,url_user,exists,http_status
StevanRamom,OP.GG [LeagueOfLegends] Brazil,https://www.op.gg/,https://www.op.gg/summoners/search?q=StevanRamom&region=br,Available,429
StevanRamom,Freepik,https://www.freepik.com,https://www.freepik.com/StevanRamom,Unknown,403
StevanRamom,OP.GG [LeagueOfLegends] Oceania,https://www.op.gg/,https://www.op.gg/summoners/search?q=StevanRamom&region=oce,Available,429
StevanRamom,OP.GG [LeagueOfLegends] North America,https://www.op.gg/,https://www.op.gg/summoners/search?q=StevanRamom&region=na,Available,429
StevanRamom,OP.GG [LeagueOfLegends] Europe Nordic & East,https://www.op.gg/,https://www.op.gg/summoners/search?q=StevanRamom&region=eune,Available,429
StevanRamom,OP.GG [LeagueOfLegends] Turkey,https://www.op.gg/,https://www.op.gg/summoners/search?q=StevanRamom&region=tr,Available,429
StevanRamom,OP.GG [LeagueOfLegends] Vietnam,https://www.op.gg/,https://www.op.gg/summoners/search?q=StevanRamom&region=vn,Available,429
StevanRamom,OP.GG [LeagueOfLegends] LAN,https://www.op.gg/,https://www.op.gg/summoners/search?q=StevanRamom&region=lan,Available,429
StevanRamom,OP.GG [LeagueOfLegends] Singapore,https://www.op.gg/,https://www.op.gg/summoners/search?q=StevanRamom&region=sg,Available,429
StevanRamom,OP.GG [LeagueOfLegends] Japan,https://www.op.gg/,https://www.op.gg/summoners/search?q=StevanRamom&region=jp,Available,429
StevanRamom,OP.GG [LeagueOfLegends] Korea,https://www.op.gg/,https://www.op.gg/summoners/search?q=StevanRamom&region=kr,Available,429
StevanRamom,OP.GG [LeagueOfLegends] Taiwan,https://www.op.gg/,https://www.op.gg/summoners/search?q=StevanRamom&region=tw,Available,429
StevanRamom,OP.GG [LeagueOfLegends] Europe West,https://www.op.gg/,https://www.op.gg/summoners/search?q=StevanRamom&region=euw,Available,429
StevanRamom,OP.GG [LeagueOfLegends] Russia,https://www.op.gg/,https://www.op.gg/summoners/search?q=StevanRamom&region=ru,Available,429
StevanRamom,OP.GG [LeagueOfLegends] Middle East,https://www.op.gg/,https://www.op.gg/summoners/search?q=StevanRamom&region=me,Available,429
StevanRamom,Figma,https://www.figma.com/,https://www.figma.com/@StevanRamom,Unknown,403
StevanRamom,OP.GG [LeagueOfLegends] LAS,https://www.op.gg/,https://www.op.gg/summoners/search?q=StevanRamom&region=las,Available,429
StevanRamom,OP.GG [LeagueOfLegends] Thailand,https://www.op.gg/,https://www.op.gg/summoners/search?q=StevanRamom&region=th,Available,429
StevanRamom,OP.GG [LeagueOfLegends] Phillippines,https://www.op.gg/,https://www.op.gg/summoners/search?q=StevanRamom&region=ph,Available,429
StevanRamom,Etsy,https://www.etsy.com/,https://www.etsy.com/shop/StevanRamom,Unknown,403
StevanRamom,Shutterstock,https://www.shutterstock.com,https://www.shutterstock.com/g/StevanRamom/about,Unknown,403
StevanRamom,YouTube,https://www.youtube.com/,https://www.youtube.com/@StevanRamom,Available,404
StevanRamom,YouTube User,https://www.youtube.com/,https://www.youtube.com/@StevanRamom,Available,404
StevanRamom,GooglePlayStore,https://play.google.com/store,https://play.google.com/store/apps/developer?id=StevanRamom,Available,404
StevanRamom,Twitch,https://www.twitch.tv/,https://twitchtracker.com/StevanRamom,Unknown,403
StevanRamom,GitHub,https://www.github.com/,https://github.com/StevanRamom,Unknown,403
StevanRamom,Udemy,https://www.udemy.com,https://www.udemy.com/user/StevanRamom/,Unknown,403
StevanRamom,Trello,https://trello.com/,https://trello.com/StevanRamom,Available,404
StevanRamom,upwork.com,https://upwork.com,https://upwork.com/fl/StevanRamom,Unknown,403
StevanRamom,Scribd,https://www.scribd.com/,https://www.scribd.com/StevanRamom,Available,404
StevanRamom,Twitter,https://www.twitter.com/,https://twitter.com/StevanRamom,Unknown,403
StevanRamom,Ameblo,https://ameblo.jp,https://ameblo.jp/StevanRamom,Available,404
StevanRamom,GitHubGist,https://gist.github.com,https://gist.github.com/StevanRamom,Available,404
StevanRamom,StackOverflow,https://stackoverflow.com,https://stackoverflow.com/users/filter?search=StevanRamom,Available,200
StevanRamom,Quora,https://www.quora.com/,https://www.quora.com/profile/StevanRamom,Available,301
StevanRamom,BleachFandom,https://bleach.fandom.com/ru,https://bleach.fandom.com/ru/wiki/%D0%A3%D1%87%D0%B0%D1%81%D1%82%D0%BD%D0%B8%D0%BA:StevanRamom,Available,404
StevanRamom,Vimeo,https://vimeo.com,https://vimeo.com/StevanRamom,Available,404
StevanRamom,SourceForge,https://sourceforge.net/,https://sourceforge.net/u/StevanRamom/profile,Unknown,403
StevanRamom,WordPress,https://wordpress.com,https://StevanRamom.wordpress.com/,Available,302
StevanRamom,Wix,https://wix.com/,https://StevanRamom.wix.com,Available,404
StevanRamom,Fandom,https://www.fandom.com/,https://www.fandom.com/u/StevanRamom,Available,404
StevanRamom,Kickstarter,https://www.kickstarter.com,https://www.kickstarter.com/profile/StevanRamom,Unknown,403
StevanRamom,Academia.edu,https://www.academia.edu/,https://independent.academia.edu/StevanRamom,Available,404
StevanRamom,Naver,https://naver.com,https://blog.naver.com/StevanRamom,Available,404
StevanRamom,Armchairgm,https://armchairgm.fandom.com/,https://armchairgm.fandom.com/wiki/User:StevanRamom,Available,404
StevanRamom,Fiverr,https://www.fiverr.com/,https://www.fiverr.com/StevanRamom,Unknown,403
StevanRamom,FandomCommunityCentral,https://community.fandom.com,https://community.fandom.com/wiki/User:StevanRamom,Available,404
StevanRamom,Chess,https://www.chess.com,https://www.chess.com/member/StevanRamom,Available,404
StevanRamom,Mozilla Support,https://support.mozilla.org,https://support.mozilla.org/en-US/user/StevanRamom/,Available,404
StevanRamom,Slack,https://slack.com,https://StevanRamom.slack.com,Available,404
StevanRamom,DailyMotion,https://www.dailymotion.com,https://www.dailymotion.com/StevanRamom,Available,404
StevanRamom,Unsplash,https://unsplash.com/,https://unsplash.com/@StevanRamom,Available,404
StevanRamom,iStock,https://www.istockphoto.com,https://www.istockphoto.com/ru/portfolio/StevanRamom,Available,200
StevanRamom,Steam,https://steamcommunity.com/,https://steamcommunity.com/id/StevanRamom,Available,200
StevanRamom,Steam (Group),https://steamcommunity.com/,https://steamcommunity.com/groups/StevanRamom,Available,200
StevanRamom,Battleraprus,https://battleraprus.fandom.com/ru,https://battleraprus.fandom.com/ru/wiki/%D0%A3%D1%87%D0%B0%D1%81%D1%82%D0%BD%D0%B8%D0%BA:StevanRamom,Available,404
StevanRamom,Issuu,https://issuu.com/,https://issuu.com/StevanRamom,Available,404
StevanRamom,Freelancer.com,https://www.freelancer.com/,https://www.freelancer.com/api/users/0.1/users?usernames%5B%5D=StevanRamom&compact=true,Available,200
StevanRamom,Weebly,http://weebly.com,http://StevanRamom.weebly.com/,Available,404
StevanRamom,Patreon,https://www.patreon.com/,https://www.patreon.com/StevanRamom,Available,404
StevanRamom,SoundCloud,https://soundcloud.com/,https://soundcloud.com/StevanRamom,Available,404
StevanRamom,Ebay,https://www.ebay.com/,https://www.ebay.com/usr/StevanRamom,Unknown,200
StevanRamom,TradingView,https://www.tradingview.com/,https://www.tradingview.com/u/StevanRamom,Available,404
StevanRamom,Tumblr,https://www.tumblr.com,https://www.tumblr.com/StevanRamom,Available,404
StevanRamom,CNET,https://www.cnet.com,https://www.cnet.com/profiles/StevanRamom/,Available,404
StevanRamom,TikTok,https://www.tiktok.com/,https://www.tiktok.com/@StevanRamom,Claimed,200
StevanRamom,Discogs,https://www.discogs.com/,https://www.discogs.com/user/StevanRamom,Unknown,403
StevanRamom,Disqus,https://disqus.com/,https://disqus.com/StevanRamom,Claimed,200
StevanRamom,Livejasmin,https://www.livejasmin.com/,https://www.livejasmin.com/en/girls/#!chat/StevanRamom,Available,200
StevanRamom,Genius,https://genius.com/,https://genius.com/StevanRamom,Available,404
StevanRamom,Dreamstime,https://www.dreamstime.com,https://www.dreamstime.com/StevanRamom_info,Unknown,403
StevanRamom,TheVerge,https://www.theverge.com,https://www.theverge.com/users/StevanRamom,Available,410
StevanRamom,Gamefaqs,https://gamefaqs.gamespot.com,https://gamefaqs.gamespot.com/community/StevanRamom,Available,404
StevanRamom,CloudflareCommunity,https://community.cloudflare.com/,https://community.cloudflare.com/u/StevanRamom/summary,Unknown,403
StevanRamom,PeopleIgn,https://people.ign.com/,https://people.ign.com/StevanRamom,Available,404
StevanRamom,Imgur,https://imgur.com,https://imgur.com/user/StevanRamom,Available,404
StevanRamom,discourse.mozilla.org,https://discourse.mozilla.org,https://discourse.mozilla.org/u/StevanRamom/summary,Available,404
StevanRamom,Behance,https://www.behance.net/,https://www.behance.net/StevanRamom,Claimed,200
StevanRamom,Facebook,https://www.facebook.com/,https://www.facebook.com/StevanRamom,Claimed,200
StevanRamom,Nairaland Forum,https://www.nairaland.com/,https://www.nairaland.com/StevanRamom,Unknown,403
StevanRamom,TripAdvisor,https://tripadvisor.com/,https://tripadvisor.com/members/StevanRamom,Available,404
StevanRamom,Telegram,https://t.me/,https://t.me/StevanRamom,Available,200
StevanRamom,calendly.com,https://calendly.com,https://calendly.com/StevanRamom/15min,Available,404
StevanRamom,Wattpad,https://www.wattpad.com/,https://www.wattpad.com/user/StevanRamom,Available,404
StevanRamom,BongaCams,https://sbongacams.com,https://bongacams.com/profile/StevanRamom,Available,404
StevanRamom,community.brave.com,https://community.brave.com,https://community.brave.com/u/StevanRamom/summary,Available,404
StevanRamom,GoodReads,https://www.goodreads.com/,https://www.goodreads.com/StevanRamom,Available,404
StevanRamom,ThemeForest,https://themeforest.net,https://themeforest.net/user/StevanRamom,Available,404
StevanRamom,AppleDiscussions,https://discussions.apple.com/,https://discussions.apple.com/profile/StevanRamom,Unknown,403
StevanRamom,Scratch,https://scratch.mit.edu/,https://scratch.mit.edu/users/StevanRamom,Available,404
StevanRamom,SlideShare,https://www.slideshare.net,https://www.slideshare.net/StevanRamom,Available,200
StevanRamom,VK,https://vk.com/,https://vk.com/StevanRamom,Available,404
StevanRamom,WordPressOrg,https://wordpress.org/,https://profiles.wordpress.org/StevanRamom/,Available,404
StevanRamom,Gamespot,https://www.gamespot.com/,https://www.gamespot.com/profile/StevanRamom/,Available,404
StevanRamom,Blogger,https://www.blogger.com/,https://StevanRamom.blogspot.com,Available,404
StevanRamom,note,https://note.com/,https://note.com/StevanRamom,Available,404
StevanRamom,forum.wordreference.com,https://forum.wordreference.com,https://forum.wordreference.com/members/?username=StevanRamom,Available,200
StevanRamom,Artstation,https://www.artstation.com,https://www.artstation.com/StevanRamom,Unknown,403
StevanRamom,Rutracker,https://rutracker.org/,https://rutracker.org/forum/profile.php?mode=viewprofile&u=StevanRamom,Available,200
StevanRamom,Duolingo,https://duolingo.com/,https://www.duolingo.com/profile/StevanRamom,Available,200
StevanRamom,Wikipedia,https://www.wikipedia.org/,https://www.wikipedia.org/wiki/User:StevanRamom,Available,404
StevanRamom,Ultimate-Guitar,https://ultimate-guitar.com/,https://ultimate-guitar.com/u/StevanRamom,Available,410
StevanRamom,Envato,https://forums.envato.com,https://forums.envato.com/u/StevanRamom/summary,Available,404
StevanRamom,giphy.com,https://giphy.com,https://giphy.com/channel/StevanRamom,Claimed,200
StevanRamom,Rottentomatoes,https://www.rottentomatoes.com,https://www.rottentomatoes.com/critic/StevanRamom/movies,Available,404
StevanRamom,BuzzFeed,https://buzzfeed.com/,https://buzzfeed.com/StevanRamom,Available,404
StevanRamom,MyFitnessPal,https://www.myfitnesspal.com/,https://www.myfitnesspal.com/profile/StevanRamom,Unknown,403
StevanRamom,Redbubble,https://www.redbubble.com/,https://www.redbubble.com/people/StevanRamom,Available,404
StevanRamom,community.simplilearn.com,https://community.simplilearn.com,https://community.simplilearn.com/members/?username=StevanRamom,Available,404
StevanRamom,community.adobe.com,https://community.adobe.com,https://community.adobe.com/t5/forums/searchpage/tab/user?q=StevanRamom,Available,200
StevanRamom,Codepen,https://codepen.io/,https://codepen.io/StevanRamom,Unknown,403
StevanRamom,Amazon,https://amazon.com,https://amazon.com/author/StevanRamom,Available,404
StevanRamom,ComicvineGamespot,https://comicvine.gamespot.com/,https://comicvine.gamespot.com/profile/StevanRamom,Available,404
StevanRamom,opensea.io,https://opensea.io,https://opensea.io/accounts/StevanRamom,Available,404
StevanRamom,Toster,https://qna.habr.com/,https://qna.habr.com/user/StevanRamom,Available,404
StevanRamom,mercadolivre,https://www.mercadolivre.com.br,https://www.mercadolivre.com.br/perfil/StevanRamom,Claimed,200
StevanRamom,AllRecipes,https://www.allrecipes.com/,https://www.allrecipes.com/cook/StevanRamom,Available,404
StevanRamom,SoftwareInformer,https://users.software.informer.com,https://users.software.informer.com/StevanRamom/,Available,301
StevanRamom,HabrCareer,https://career.habr.com/,https://career.habr.com/StevanRamom,Available,404
StevanRamom,MyAnimeList,https://myanimelist.net/,https://myanimelist.net/profile/StevanRamom,Available,404
StevanRamom,Aparat,https://www.aparat.com,https://www.aparat.com/StevanRamom,Available,404
StevanRamom,cyber.harvard.edu,https://cyber.harvard.edu,https://cyber.harvard.edu/people/StevanRamom,Available,404
StevanRamom,Freelance.habr,https://freelance.habr.com/,https://freelance.habr.com/freelancers/StevanRamom,Available,410
StevanRamom,Kaggle,https://www.kaggle.com/,https://www.kaggle.com/StevanRamom,Available,404
StevanRamom,Myspace,https://myspace.com/,https://myspace.com/StevanRamom,Available,404
StevanRamom,Reddit,https://www.reddit.com/,https://www.reddit.com/user/StevanRamom,Available,200
StevanRamom,OK,https://ok.ru/,https://ok.ru/StevanRamom,Available,404
StevanRamom,BodyBuilding,https://bodyspace.bodybuilding.com/,https://bodyspace.bodybuilding.com/StevanRamom,Available,302
StevanRamom,Plurk,https://www.plurk.com/,https://www.plurk.com/StevanRamom,Available,200
StevanRamom,AfreecaTV,http://bjapi.afreecatv.com,http://bjapi.afreecatv.com/api/StevanRamom/station,Unknown,515
StevanRamom,Zomato,https://www.zomato.com/,https://www.zomato.com/pl/StevanRamom/foodjourney,Available,404
StevanRamom,Wowhead,https://www.wowhead.com,https://www.wowhead.com/user=StevanRamom,Available,404
StevanRamom,ChaturBate,https://chaturbate.com,https://chaturbate.com/StevanRamom,Available,404
StevanRamom,linktr.ee,https://linktr.ee,https://linktr.ee/StevanRamom,Available,404
StevanRamom,Weibo,https://weibo.com,https://weibo.com/StevanRamom,Available,400
StevanRamom,Pinterest,https://www.pinterest.com/,https://www.pinterest.com/StevanRamom/,Available,200
StevanRamom,adblockplus.org,https://adblockplus.org,https://adblockplus.org/forum/search.php?keywords=&terms=all&author=StevanRamom,Available,200
StevanRamom,AppleDeveloper,https://developer.apple.com/forums,https://developer.apple.com/forums/profile/StevanRamom,Available,404
StevanRamom,DiscussPython,https://discuss.python.org/,https://discuss.python.org/u/StevanRamom/summary,Available,404
StevanRamom,Pathofexile,https://ru.pathofexile.com,https://ru.pathofexile.com/account/view-profile/StevanRamom,Unknown,403
StevanRamom,YandexMusic,https://music.yandex.ru/,https://music.yandex.ru/users/StevanRamom/playlists,Available,404
StevanRamom,123rf,https://ru.123rf.com,https://ru.123rf.com/profile_StevanRamom,Available,302
StevanRamom,1337x,https://1337x.to,https://1337x.to/user/StevanRamom/,Available,200
StevanRamom,Pikabu,https://pikabu.ru/,https://pikabu.ru/@StevanRamom,Available,404
StevanRamom,CreativeMarket,https://creativemarket.com/,https://creativemarket.com/users/StevanRamom,Unknown,403
StevanRamom,PCGamer,https://pcgamer.com,https://forums.pcgamer.com/members/?username=StevanRamom,Available,200
StevanRamom,Dribbble,https://dribbble.com/,https://dribbble.com/StevanRamom,Available,404
StevanRamom,Tinder,https://tinder.com/,https://www.tinder.com/@StevanRamom,Available,200
StevanRamom,247sports,https://247sports.com,https://247sports.com/user/StevanRamom/,Available,404
StevanRamom,Bandcamp,https://www.bandcamp.com/,https://www.bandcamp.com/StevanRamom,Available,404
StevanRamom,Bit.ly,https://bit.ly,https://bit.ly/StevanRamom,Available,404
StevanRamom,Pastebin,https://pastebin.com/,https://pastebin.com/u/StevanRamom,Available,404
StevanRamom,DeviantART,https://deviantart.com,https://StevanRamom.deviantart.com,Available,404
StevanRamom,jsfiddle.net,https://jsfiddle.net,https://jsfiddle.net/user/StevanRamom/,Available,404
StevanRamom,drive2,https://www.drive2.ru/,https://www.drive2.ru/users/StevanRamom,Available,404
StevanRamom,Eksisozluk,https://eksisozluk.com,https://eksisozluk.com/biri/StevanRamom,Available,404
StevanRamom,Gab,https://gab.com/,https://gab.com/StevanRamom,Available,404
StevanRamom,Habr,https://habr.com/,https://habr.com/ru/users/StevanRamom/,Available,404
StevanRamom,Studfile,https://studfile.net,https://studfile.net/users/StevanRamom/,Available,404
StevanRamom,500px,https://500px.com/,https://500px.com/p/StevanRamom,Unknown,200
StevanRamom,discuss.codecademy.com,https://discuss.codecademy.com,https://discuss.codecademy.com/u/StevanRamom/summary,Available,404
StevanRamom,last.fm,https://last.fm/,https://last.fm/user/StevanRamom,Available,404
StevanRamom,Tom's guide,http://forums.tomsguide.com,http://forums.tomsguide.com/members/?username=StevanRamom,Available,200
StevanRamom,LiveJournal,https://www.livejournal.com/,https://StevanRamom.livejournal.com,Available,404
StevanRamom,Gofundme,https://www.gofundme.com,https://www.gofundme.com/f/StevanRamom,Available,404
StevanRamom,Itch.io,https://itch.io/,https://StevanRamom.itch.io/,Available,404
StevanRamom,amp.flipboard.com,https://amp.flipboard.com,https://amp.flipboard.com/@StevanRamom,Available,404
StevanRamom,ResearchGate,https://www.researchgate.net/,,Illegal,
StevanRamom,Sbnation,https://www.sbnation.com,https://www.sbnation.com/users/StevanRamom,Available,404
StevanRamom,forum.sketchfab.com,https://forum.sketchfab.com,https://forum.sketchfab.com/u/StevanRamom/summary,Available,200
StevanRamom,Codecademy,https://www.codecademy.com/,https://www.codecademy.com/profiles/StevanRamom,Available,200
StevanRamom,Ccm,https://ccm.net,https://ccm.net/profile/user/StevanRamom,Available,404
StevanRamom,Roblox,https://www.roblox.com/,https://www.roblox.com/user.aspx?username=StevanRamom,Available,404
StevanRamom,Docker Hub,https://hub.docker.com/,https://hub.docker.com/u/StevanRamom/,Available,404
StevanRamom,Redtube,https://ru.redtube.com/,https://ru.redtube.com/users/StevanRamom,Available,404
StevanRamom,forums.sketchup.com,https://forums.sketchup.com,https://forums.sketchup.com/u/StevanRamom/summary,Available,404
StevanRamom,AskFM,https://ask.fm/,https://ask.fm/StevanRamom,Unknown,0
StevanRamom,sports.ru,https://www.sports.ru/,https://www.sports.ru/profile/StevanRamom/,Available,404
StevanRamom,community.icons8.com,https://community.icons8.com,https://community.icons8.com/u/StevanRamom/summary,Available,404
StevanRamom,Thechive,https://thechive.com/,https://thechive.com/author/StevanRamom,Available,404
StevanRamom,Letterboxd,https://letterboxd.com/,https://letterboxd.com/StevanRamom,Available,404
StevanRamom,Codecanyon,https://codecanyon.net,https://codecanyon.net/user/StevanRamom,Available,404
StevanRamom,Freecodecamp,https://www.freecodecamp.org/forum/,https://www.freecodecamp.org/forum/u/StevanRamom/summary,Available,404
StevanRamom,9GAG,https://www.9gag.com/,https://www.9gag.com/u/StevanRamom,Available,404
StevanRamom,jeuxvideo,http://www.jeuxvideo.com,http://www.jeuxvideo.com/profil/StevanRamom?mode=infos,Available,404
StevanRamom,TomsHardware,https://forums.tomshardware.com/,https://forums.tomshardware.com/members/?username=StevanRamom,Available,200
StevanRamom,beacons.ai,https://beacons.ai,https://beacons.ai/StevanRamom,Unknown,403
StevanRamom,99designs.com,https://99designs.com,https://99designs.com/profiles/StevanRamom,Available,404
StevanRamom,Wikidot,http://www.wikidot.com/,http://www.wikidot.com/user:info/StevanRamom,Available,200
StevanRamom,BitBucket,https://bitbucket.org/,https://bitbucket.org/StevanRamom/,Available,404
StevanRamom,BoardGameGeek,https://boardgamegeek.com,https://boardgamegeek.com/user/StevanRamom,Available,200
StevanRamom,Eporner,,https://www.eporner.com/profile/StevanRamom/,Available,404
StevanRamom,Lichess,https://lichess.org,https://lichess.org/@/StevanRamom,Available,404
StevanRamom,Cracked,https://www.cracked.com/,https://www.cracked.com/members/StevanRamom/,Available,301
StevanRamom,forums.docker.com,https://forums.docker.com,https://forums.docker.com/u/StevanRamom/summary,Available,404
StevanRamom,www.change.org,https://www.change.org,https://www.change.org/o/StevanRamom,Available,404
StevanRamom,Polygon,https://www.polygon.com/,https://www.polygon.com/users/StevanRamom,Available,404
StevanRamom,AllTrails,https://www.alltrails.com/,https://www.alltrails.com/members/StevanRamom,Unknown,403
StevanRamom,{username}.tilda.ws,https://tilda.ws,https://StevanRamom.tilda.ws,Available,404
StevanRamom,djskt.lnk.to,https://djskt.lnk.to,https://djskt.lnk.to/StevanRamom,Available,404
StevanRamom,Kaskus,https://www.kaskus.co.id,https://www.kaskus.co.id/@StevanRamom,Available,404
StevanRamom,Weforum,https://www.weforum.org,https://www.weforum.org/people/StevanRamom,Unknown,403
StevanRamom,ArchiveOfOurOwn,https://archiveofourown.org,https://archiveofourown.org/users/StevanRamom,Unknown,525
StevanRamom,Rajce.net,https://www.rajce.idnes.cz/,https://StevanRamom.rajce.idnes.cz/,Available,410
StevanRamom,xHamster,https://xhamster.com,https://xhamster.com/users/StevanRamom,Available,404
StevanRamom,osu!,https://osu.ppy.sh/,https://osu.ppy.sh/users/StevanRamom,Available,404
StevanRamom,GitLab,https://gitlab.com/,https://gitlab.com/StevanRamom,Available,200
StevanRamom,www.gamesradar.com,https://www.gamesradar.com,https://www.gamesradar.com/uk/author/StevanRamom/,Available,404
StevanRamom,TemplateMonster,https://www.templatemonster.com,https://www.templatemonster.com/authors/StevanRamom/,Available,404
StevanRamom,Otzovik,https://otzovik.com/,https://otzovik.com/profile/StevanRamom,Unknown,507
StevanRamom,MixCloud,https://www.mixcloud.com/,https://www.mixcloud.com/StevanRamom/,Available,404
StevanRamom,HubPages,https://hubpages.com/,https://hubpages.com/@StevanRamom,Available,404
StevanRamom,Guru,https://www.guru.com,https://www.guru.com/freelancers/StevanRamom,Available,404
StevanRamom,Flickr,https://www.flickr.com/,https://www.flickr.com/photos/StevanRamom,Available,404
StevanRamom,lyricstranslate.com,https://lyricstranslate.com,https://lyricstranslate.com/sco/translator/StevanRamom,Available,404
StevanRamom,Pornhub,https://pornhub.com/,https://pornhub.com/users/StevanRamom,Available,404
StevanRamom,Pluralsight,https://app.pluralsight.com,https://app.pluralsight.com/profile/author/StevanRamom,Available,404
StevanRamom,Muckrack,https://muckrack.com,https://muckrack.com/StevanRamom,Unknown,403
StevanRamom,Instructables,https://www.instructables.com/,https://www.instructables.com/member/StevanRamom,Available,404
StevanRamom,YouPorn,https://youporn.com,https://youporn.com/uservids/StevanRamom,Available,404
StevanRamom,TechPowerUp,https://www.techpowerup.com,https://www.techpowerup.com/forums/members/?username=StevanRamom,Available,200
StevanRamom,angel.co,https://angel.co,https://angel.co/u/StevanRamom,Unknown,403
StevanRamom,hackernoon.com,https://hackernoon.com,https://hackernoon.com/u/StevanRamom,Available,200
StevanRamom,Jigsawplanet,https://www.jigsawplanet.com,https://www.jigsawplanet.com/StevanRamom,Available,404
StevanRamom,fotostrana.ru,https://fotostrana.ru,https://fotostrana.ru/StevanRamom/,Available,404
StevanRamom,Xvideos,https://xvideos.com/,https://xvideos.com/profiles/StevanRamom,Available,404
StevanRamom,videohive.net,https://videohive.net,https://videohive.net/user/StevanRamom,Available,404
StevanRamom,DEV Community,https://dev.to/,https://dev.to/StevanRamom,Available,404
StevanRamom,profile.hatena.ne.jp,https://profile.hatena.ne.jp,https://profile.hatena.ne.jp/StevanRamom/,Available,404
StevanRamom,Flipboard,https://flipboard.com/,https://flipboard.com/@StevanRamom,Available,404
StevanRamom,iRecommend.RU,https://irecommend.ru/,https://irecommend.ru/users/StevanRamom,Unknown,521
StevanRamom,Flightradar24,https://www.flightradar24.com/,https://my.flightradar24.com/StevanRamom,Available,404
StevanRamom,Foursquare,https://foursquare.com/,https://foursquare.com/StevanRamom,Available,404
StevanRamom,AlternativeTo,https://alternativeto.net/,https://alternativeto.net/user/StevanRamom,Unknown,403
StevanRamom,techspot.com,http://www.techspot.com/community/,http://www.techspot.com/community/members/?username=StevanRamom,Unknown,403
StevanRamom,Venmo,https://venmo.com/,https://venmo.com/StevanRamom,Available,404
StevanRamom,authorSTREAM,http://www.authorstream.com/,http://www.authorstream.com/author/StevanRamom/,Claimed,200
StevanRamom,Zoomir.ir,https://www.zoomit.ir,https://www.zoomit.ir/user/StevanRamom,Available,404
StevanRamom,Gumroad,https://www.gumroad.com/,https://www.gumroad.com/StevanRamom,Available,404
StevanRamom,ImgInn,https://imginn.com,https://imginn.com/StevanRamom/,Available,404
StevanRamom,pr0gramm,https://pr0gramm.com/,https://pr0gramm.com/api/profile/info?name=StevanRamom,Available,404
StevanRamom,Warrior Forum,https://www.warriorforum.com/,https://www.warriorforum.com/members/StevanRamom.html,Available,400
StevanRamom,Livemaster,https://www.livemaster.ru,https://www.livemaster.ru/StevanRamom,Available,404
StevanRamom,Yummly,https://www.yummly.com,https://mapi.yummly.com/mapi/v19/user/StevanRamom,Unknown,0
StevanRamom,AllKPop,https://www.allkpop.com/,https://www.allkpop.com/profile/StevanRamom,Available,302
StevanRamom,Codementor,https://www.codementor.io/,https://www.codementor.io/StevanRamom,Available,404
StevanRamom,community.getpostman.com,https://community.getpostman.com,https://community.getpostman.com/u/StevanRamom/summary,Available,404
StevanRamom,Baidu,https://tieba.baidu.com,https://tieba.baidu.com/home/main?un=StevanRamom,Available,200
StevanRamom,IFTTT,https://www.ifttt.com/,https://www.ifttt.com/p/StevanRamom,Available,429
StevanRamom,Cheezburger,https://profile.cheezburger.com,https://profile.cheezburger.com/StevanRamom,Available,302
StevanRamom,AdvancedCustomFields,https://support.advancedcustomfields.com/,https://support.advancedcustomfields.com/forums/users/StevanRamom,Claimed,429
StevanRamom,depop.com,https://www.depop.com,https://www.depop.com/StevanRamom,Unknown,403
StevanRamom,ModDB,https://www.moddb.com/,https://www.moddb.com/members/StevanRamom,Unknown,403
StevanRamom,www.minds.com,https://www.minds.com,https://www.minds.com/StevanRamom,Available,404
StevanRamom,forum.blackmagicdesign.com,https://forum.blackmagicdesign.com,https://forum.blackmagicdesign.com/search.php?author=StevanRamom,Available,200
StevanRamom,999.md,https://999.md,https://999.md/ru/profile/StevanRamom,Available,404
StevanRamom,Xing,https://www.xing.com/,https://www.xing.com/profile/StevanRamom,Available,404
StevanRamom,Weedmaps,https://weedmaps.com,https://weedmaps.com/brands/StevanRamom,Unknown,403
StevanRamom,Typeracer,https://typeracer.com,https://data.typeracer.com/pit/profile?user=StevanRamom,Available,200
StevanRamom,Championat,https://www.championat.com/,https://www.championat.com/user/StevanRamom,Available,404
StevanRamom,Ameba,https://profile.ameba.jp,https://profile.ameba.jp/ameba/StevanRamom/,Available,404
StevanRamom,opensource,https://opensource.com/,https://opensource.com/users/StevanRamom,Available,404
StevanRamom,Pokemon Showdown,https://pokemonshowdown.com,https://pokemonshowdown.com/users/StevanRamom,Available,404
StevanRamom,Anime-planet,https://www.anime-planet.com,https://www.anime-planet.com/forum/members/?username=StevanRamom,Available,200
StevanRamom,Audiojungle,https://audiojungle.net/,https://audiojungle.net/user/StevanRamom,Available,404
StevanRamom,forums.bulbagarden.net,http://forums.bulbagarden.net,http://forums.bulbagarden.net/members/?username=StevanRamom,Claimed,403
StevanRamom,Memrise,https://www.memrise.com/,https://www.memrise.com/user/StevanRamom/,Available,301
StevanRamom,Trakt,https://www.trakt.tv/,https://www.trakt.tv/users/StevanRamom,Unknown,403
StevanRamom,Techrepublic,https://www.techrepublic.com,https://www.techrepublic.com/members/profile/StevanRamom/,Available,404
StevanRamom,Discuss.Elastic.co,https://discuss.elastic.co/,https://discuss.elastic.co/u/StevanRamom/summary,Available,404
StevanRamom,Rate Your Music,https://rateyourmusic.com/,https://rateyourmusic.com/~StevanRamom,Unknown,403
StevanRamom,Stihi.ru,https://www.stihi.ru/,https://www.stihi.ru/avtor/StevanRamom,Available,200
StevanRamom,Douban,https://www.douban.com,https://www.douban.com/people/StevanRamom/,Unknown,403
StevanRamom,dailykos,https://www.dailykos.com,https://www.dailykos.com/user/StevanRamom,Available,404
StevanRamom,PlanetMinecraft,https://www.planetminecraft.com,https://www.planetminecraft.com/member/StevanRamom,Unknown,403
StevanRamom,My.Mail.ru@ya.ru,https://my.mail.ru/,https://my.mail.ru/ya.ru/StevanRamom/,Available,404
StevanRamom,F6S,https://f6s.com/,https://www.f6s.com/StevanRamom,Available,200
StevanRamom,Pinkbike,https://www.pinkbike.com/,https://www.pinkbike.com/u/StevanRamom/,Unknown,403
StevanRamom,FilmWeb,https://www.filmweb.pl/user/adam,https://www.filmweb.pl/user/StevanRamom,Available,200
StevanRamom,forums.opera.com,https://forums.opera.com/,https://forums.opera.com/user/StevanRamom,Available,404
StevanRamom,forums.serebii.net,https://forums.serebii.net,https://forums.serebii.net/members/?username=StevanRamom,Claimed,403
StevanRamom,fixya,https://www.fixya.com,https://www.fixya.com/users/StevanRamom,Available,404
StevanRamom,steemit,https://steemit.com,https://steemit.com/@StevanRamom,Available,404
StevanRamom,FortniteTracker,https://fortnitetracker.com/challenges,https://fortnitetracker.com/profile/all/StevanRamom,Unknown,403
StevanRamom,Sporcle,https://www.sporcle.com/,https://www.sporcle.com/user/StevanRamom/people,Available,404
StevanRamom,Gravatar,http://en.gravatar.com/,http://en.gravatar.com/StevanRamom,Available,404
StevanRamom,SkyscraperCity,https://www.skyscrapercity.com,https://www.skyscrapercity.com/members/?username=StevanRamom,Available,200
StevanRamom,kwork,https://www.kwork.ru/,https://kwork.ru/user/StevanRamom,Available,404
StevanRamom,VSCO,https://vsco.co/,https://vsco.co/StevanRamom,Available,404
StevanRamom,OpenStreetMap,https://www.openstreetmap.org/,https://www.openstreetmap.org/user/StevanRamom,Available,404
StevanRamom,forum.audacityteam.org,https://forum.audacityteam.org,https://forum.audacityteam.org/search.php?author=StevanRamom,Available,404
StevanRamom,My.Mail.ru@bk.ru,https://my.mail.ru/,https://my.mail.ru/bk/StevanRamom/,Available,404
StevanRamom,SeoClerks,https://www.seoclerks.com,https://www.seoclerks.com/user/StevanRamom,Available,302
StevanRamom,WikimapiaSearch,http://wikimapia.org,http://wikimapia.org/user/tools/users_rating/?username=StevanRamom,Available,200
StevanRamom,My.Mail.ru@list.ru,https://my.mail.ru/,https://my.mail.ru/list/StevanRamom/,Available,404
StevanRamom,Codechef,https://www.codechef.com/,https://www.codechef.com/users/StevanRamom,Available,302
StevanRamom,Vivino,https://www.vivino.com/,https://www.vivino.com/users/StevanRamom,Available,404
StevanRamom,rapidapi.com,https://rapidapi.com,https://rapidapi.com/blog/author/StevanRamom/,Available,404
StevanRamom,NPM,https://www.npmjs.com/,https://www.npmjs.com/~StevanRamom,Available,429
StevanRamom,About.me,https://about.me/,https://about.me/StevanRamom,Available,404
StevanRamom,My.Mail.ru@yandex.ru,https://my.mail.ru/,https://my.mail.ru/yandex.ru/StevanRamom/,Available,404
StevanRamom,My.Mail.ru@gmail.com,https://my.mail.ru/,https://my.mail.ru/gmail.com/StevanRamom/,Available,404
StevanRamom,My.Mail.ru@mail.ru,https://my.mail.ru/,https://my.mail.ru/mail/StevanRamom/,Available,404
StevanRamom,forums.linuxmint.com,https://forums.linuxmint.com,https://forums.linuxmint.com/search.php?author=StevanRamom,Available,200
StevanRamom,Gog,https://www.gog.com/,https://www.gog.com/u/StevanRamom,Available,404
StevanRamom,NameMC,https://namemc.com/,https://namemc.com/profile/StevanRamom,Unknown,403
StevanRamom,NPM-Package,https://www.npmjs.com/,https://www.npmjs.com/package/StevanRamom,Available,429
StevanRamom,Picuki,https://www.picuki.com/,https://www.picuki.com/profile/StevanRamom,Claimed,200
StevanRamom,BuyMeACoffee,https://www.buymeacoffee.com/,https://buymeacoff.ee/StevanRamom,Available,404
StevanRamom,Repl.it,https://repl.it/,https://repl.it/@StevanRamom,Available,404
StevanRamom,LiveLib,https://www.livelib.ru/,https://www.livelib.ru/reader/StevanRamom,Claimed,200
StevanRamom,Americanthinker,https://www.americanthinker.com/,https://www.americanthinker.com/author/StevanRamom/,Available,404
StevanRamom,www.itemfix.com,https://www.itemfix.com,https://www.itemfix.com/c/StevanRamom,Available,200
StevanRamom,easyen,https://easyen.ru,https://easyen.ru/index/8-0-StevanRamom,Unknown,403
StevanRamom,NICommunityForum,https://www.native-instruments.com/forum/,https://www.native-instruments.com/forum/members/?username=StevanRamom,Available,403
StevanRamom,author.today,https://author.today,https://author.today/u/StevanRamom,Unknown,403
StevanRamom,www.tagged.com,http://www.tagged.com,http://www.tagged.com/StevanRamom,Available,200
StevanRamom,Smugmug,https://smugmug.com/,https://StevanRamom.smugmug.com/,Available,404
StevanRamom,forum.pkp.sfu.ca,https://forum.pkp.sfu.ca,https://forum.pkp.sfu.ca/u/StevanRamom/summary,Unknown,403
StevanRamom,forums.majorgeeks.com,https://forums.majorgeeks.com,https://forums.majorgeeks.com/members/?username=StevanRamom,Available,200
StevanRamom,SublimeForum,https://forum.sublimetext.com/,https://forum.sublimetext.com/u/StevanRamom/summary,Available,404
StevanRamom,PyPi,https://pypi.org/,https://pypi.org/user/StevanRamom,Unknown,200
StevanRamom,ReverbNation,https://www.reverbnation.com/,https://www.reverbnation.com/StevanRamom,Available,404
StevanRamom,Coub,https://coub.com/,https://coub.com/StevanRamom,Available,404
StevanRamom,Diigo,https://www.diigo.com/,https://www.diigo.com/interact_api/load_profile_info?name=StevanRamom,Available,200
StevanRamom,Slashdot,https://slashdot.org,https://slashdot.org/~StevanRamom,Available,404
StevanRamom,Fark,https://www.fark.com/,https://www.fark.com/users/StevanRamom/,Available,200
StevanRamom,HackerOne,https://hackerone.com/,https://hackerone.com/StevanRamom,Available,404
StevanRamom,doctissimo,https://club.doctissimo.fr,https://club.doctissimo.fr/StevanRamom/,Available,404
StevanRamom,hashnode,https://hashnode.com,https://hashnode.com/@StevanRamom,Claimed,429
StevanRamom,discussion.squadhelp.com,https://discussion.squadhelp.com,https://discussion.squadhelp.com/u/StevanRamom/summary,Unknown,403
StevanRamom,Packagist,https://packagist.org/,https://packagist.org/packages/StevanRamom/,Available,302
StevanRamom,N4g,https://n4g.com/,https://n4g.com/user/home/StevanRamom,Available,404
StevanRamom,ProductHunt,https://www.producthunt.com/,https://www.producthunt.com/@StevanRamom,Available,200
StevanRamom,blogs.klerk.ru,https://blogs.klerk.ru,https://blogs.klerk.ru/users/StevanRamom/,Available,200
StevanRamom,bbs.boingboing.net,https://bbs.boingboing.net,https://bbs.boingboing.net/u/StevanRamom/summary,Unknown,403
StevanRamom,TheSimsResource,https://www.thesimsresource.com/,https://www.thesimsresource.com/members/StevanRamom/,Available,302
StevanRamom,BOOTH,https://booth.pm/,https://StevanRamom.booth.pm/,Available,302
StevanRamom,accounts.eclipse.org,https://accounts.eclipse.org,https://accounts.eclipse.org/users/StevanRamom,Available,404
StevanRamom,eBaumsWorld,https://www.ebaumsworld.com/,https://www.ebaumsworld.com/user/profile/StevanRamom,Available,404
StevanRamom,Kwejk,https://kwejk.pl,https://kwejk.pl/uzytkownik/StevanRamom#/tablica/,Available,404
StevanRamom,interpals,https://www.interpals.net/,https://www.interpals.net/StevanRamom,Available,200
StevanRamom,Speedrun.com,https://speedrun.com/,https://speedrun.com/users/StevanRamom,Available,404
StevanRamom,MuffinGroup,https://forum.muffingroup.com,https://forum.muffingroup.com/betheme/profile/StevanRamom,Available,404
StevanRamom,Pixwox,https://www.pixwox.com,https://www.pixwox.com/profile/StevanRamom/,Available,404
StevanRamom,Mix,https://mix.com,https://mix.com/StevanRamom,Available,404
StevanRamom,Funnyjunk,https://funnyjunk.com/,https://funnyjunk.com/user/StevanRamom,Available,307
StevanRamom,Pandia,https://pandia.ru,https://pandia.ru/user/profile/StevanRamom,Available,404
StevanRamom,AdultFriendFinder,https://adultfriendfinder.com,https://adultfriendfinder.com/profile/StevanRamom,Claimed,200
StevanRamom,nightbot,https://nightbot.tv/,https://nightbot.tv/t/StevanRamom/commands,Available,404
StevanRamom,kofi,https://ko-fi.com,https://ko-fi.com/StevanRamom,Claimed,200
StevanRamom,Influenster,https://www.influenster.com/,https://www.influenster.com/StevanRamom,Unknown,403
StevanRamom,Truelancer,https://www.truelancer.com,https://www.truelancer.com/freelancer/StevanRamom,Available,200
StevanRamom,TVTropes,https://tvtropes.org,https://tvtropes.org/pmwiki/pmwiki.php/Tropers/StevanRamom,Available,404
StevanRamom,Speakerdeck,https://speakerdeck.com,https://speakerdeck.com/StevanRamom,Available,404
StevanRamom,discourse.jupyter.org,https://discourse.jupyter.org,https://discourse.jupyter.org/u/StevanRamom/summary,Available,404
StevanRamom,Justlanded,https://community.justlanded.com,https://community.justlanded.com/en/profile/StevanRamom,Available,404
StevanRamom,AnimeNewsNetwork,https://www.animenewsnetwork.com,https://www.animenewsnetwork.com/bbs/phpBB2/profile.php?mode=viewprofile&u=StevanRamom,Available,200
StevanRamom,Screwfix,https://community.screwfix.com,https://community.screwfix.com/members/?username=StevanRamom,Available,200
StevanRamom,allmylinks,https://allmylinks.com/,https://allmylinks.com/StevanRamom,Available,404
StevanRamom,joyreactor.cc,http://joyreactor.cc,http://joyreactor.cc/user/StevanRamom,Available,301
StevanRamom,Neoseeker,https://www.neoseeker.com,https://www.neoseeker.com/members/StevanRamom/,Unknown,403
StevanRamom,ImageShack,https://imageshack.com/,https://imageshack.com/user/StevanRamom,Available,302
StevanRamom,Voices,https://www.voices.com/,https://www.voices.com/actors/StevanRamom,Unknown,403
StevanRamom,hiveos.farm,https://forum.hiveos.farm,https://forum.hiveos.farm/u/StevanRamom/summary,Available,404
StevanRamom,Metal-archives,https://www.metal-archives.com,https://www.metal-archives.com/users/StevanRamom,Available,404
StevanRamom,Krstarica,https://forum.krstarica.com,https://forum.krstarica.com/members/?username=StevanRamom,Available,200
StevanRamom,Pbase,https://pbase.com/,https://pbase.com/StevanRamom/profile,Available,200
StevanRamom,Mouthshut,https://www.mouthshut.com/,https://www.mouthshut.com/StevanRamom,Available,301
StevanRamom,ifunny.co,https://www.ifunny.co,https://www.ifunny.co/user/StevanRamom,Available,404
StevanRamom,Edocr,https://www.edocr.com,https://www.edocr.com/user/StevanRamom/,Available,404
StevanRamom,TheOdysseyOnline,https://www.theodysseyonline.com,https://www.theodysseyonline.com/user/@StevanRamom,Available,404
StevanRamom,Smule,https://www.smule.com/,https://www.smule.com/StevanRamom,Available,200
StevanRamom,Kongregate,https://www.kongregate.com/,https://www.kongregate.com/accounts/StevanRamom,Available,404
StevanRamom,Empflix,https://www.empflix.com,https://www.empflix.com/profile/StevanRamom/,Available,301
StevanRamom,Picsart,https://picsart.com/,https://picsart.com/u/StevanRamom,Claimed,200
StevanRamom,Freesound,https://freesound.org/,https://freesound.org/people/StevanRamom/,Available,404
StevanRamom,Teletype,https://teletype.in,https://teletype.in/@StevanRamom,Available,404
StevanRamom,Niftygateway,https://api.niftygateway.com,https://niftygateway.com/profile/StevanRamom,Available,400
StevanRamom,Baby.ru,https://www.baby.ru/,https://www.baby.ru/u/StevanRamom/,Available,404
StevanRamom,forums.visual-paradigm.com,https://forums.visual-paradigm.com,https://forums.visual-paradigm.com/u/StevanRamom/summary,Available,404
StevanRamom,forums.indiegala.com,https://forums.indiegala.com,https://forums.indiegala.com/members/?username=StevanRamom,Available,200
StevanRamom,Fodors,https://www.fodors.com,https://www.fodors.com/community/profile/StevanRamom/forum-activity,Available,302
StevanRamom,couchsurfing,https://www.couchsurfing.com/,https://www.couchsurfing.com/people/StevanRamom,Available,404
StevanRamom,Slides,https://slides.com/,https://slides.com/StevanRamom,Available,404
StevanRamom,Proza.ru,https://www.proza.ru/,https://www.proza.ru/avtor/StevanRamom,Available,200
StevanRamom,Giantbomb,https://www.giantbomb.com,https://www.giantbomb.com/profile/StevanRamom,Available,404
StevanRamom,Namepros,https://www.namepros.com/,https://www.namepros.com/members/?username=StevanRamom,Available,200
StevanRamom,Wykop,https://www.wykop.pl,https://www.wykop.pl/ludzie/StevanRamom/,Available,404
StevanRamom,4x4.tomsk.ru,http://4x4.tomsk.ru,http://4x4.tomsk.ru/search.php?author=StevanRamom,Available,200
StevanRamom,Artsy,https://www.artsy.net,https://www.artsy.net/artist/StevanRamom,Available,404
StevanRamom,Advego,https://advego.com/,https://advego.com/profile/StevanRamom/author/,Available,404
StevanRamom,Gitee,https://gitee.com/,https://gitee.com/StevanRamom,Available,404
StevanRamom,codeforces.com,http://codeforces.com,http://codeforces.com/profile/StevanRamom,Available,200
StevanRamom,Bibsonomy,https://www.bibsonomy.org,https://www.bibsonomy.org/user/StevanRamom,Available,404
StevanRamom,Armorgames,https://armorgames.com,https://armorgames.com/user/StevanRamom,Available,302
StevanRamom,forum.snapcraft.io,https://forum.snapcraft.io,https://forum.snapcraft.io/u/StevanRamom/summary,Available,404
StevanRamom,Etxt,https://www.etxt.ru,https://www.etxt.ru/StevanRamom.html,Available,404
StevanRamom,iXBT,https://forum.ixbt.com,https://forum.ixbt.com/users.cgi?id=info:StevanRamom,Available,404
StevanRamom,MoneySavingExpert,https://forums.moneysavingexpert.com,https://forums.moneysavingexpert.com/profile/StevanRamom,Available,404
StevanRamom,lnk.bio,https://lnk.bio,https://lnk.bio/StevanRamom,Available,200
StevanRamom,Kinja,https://kinja.com,https://kinja.com/StevanRamom,Available,404
StevanRamom,Fanpop,https://www.fanpop.com/,https://www.fanpop.com/fans/StevanRamom,Available,404
StevanRamom,forums.steinberg.net,https://forums.steinberg.net,https://forums.steinberg.net/u/StevanRamom/summary,Available,404
StevanRamom,profi.ru,https://profi.ru,https://profi.ru/profile/StevanRamom/,Available,404
StevanRamom,forums.destructoid.com,https://forums.destructoid.com,https://forums.destructoid.com/members/?username=StevanRamom,Available,200
StevanRamom,Coderwall,https://coderwall.com/,https://coderwall.com/StevanRamom,Available,404
StevanRamom,Hackster,https://www.hackster.io,https://www.hackster.io/StevanRamom,Unknown,403
StevanRamom,TrueAchievements,https://www.trueachievements.com,https://www.trueachievements.com/gamer/StevanRamom,Available,404
StevanRamom,Diary.ru,https://diary.ru,https://StevanRamom.diary.ru/,Unknown,500
StevanRamom,Blu-ray,https://forum.blu-ray.com/,https://forum.blu-ray.com/member.php?username=StevanRamom,Available,200
StevanRamom,Picarto,https://ptvintern.picarto.tv,https://ptvintern.picarto.tv/metadescription/StevanRamom,Available,200
StevanRamom,3ddd,https://3ddd.ru,https://3ddd.ru/users/StevanRamom,Available,404
StevanRamom,dlive.tv,https://dlive.tv,https://dlive.tv/StevanRamom,Available,200
StevanRamom,mama.tomsk.ru,https://mama.tomsk.ru/forums,https://mama.tomsk.ru/forums/search.php?author=StevanRamom,Available,404
StevanRamom,TheStudentRoom,https://www.thestudentroom.co.uk,https://www.thestudentroom.co.uk/member.php?username=StevanRamom,Available,200
StevanRamom,Iphones.ru,https://www.iphones.ru,https://www.iphones.ru/iNotes/author/StevanRamom?profile=1,Available,404
StevanRamom,MyMiniFactory,https://www.myminifactory.com/,https://www.myminifactory.com/users/StevanRamom,Available,404
StevanRamom,Codewars,https://www.codewars.com,https://www.codewars.com/users/StevanRamom,Available,404
StevanRamom,smart-lab.ru,https://smart-lab.ru/,https://smart-lab.ru/profile/StevanRamom/,Available,404
StevanRamom,7dach,https://7dach.ru/,https://7dach.ru/profile/StevanRamom,Available,404
StevanRamom,Mobypicture,http://www.mobypicture.com,http://www.mobypicture.com/user/StevanRamom,Available,404
StevanRamom,Soup,https://soup.io,https://www.soup.io/author/StevanRamom,Available,301
StevanRamom,BabyBlog.ru,https://www.babyblog.ru/,https://www.babyblog.ru/user/StevanRamom,Available,301
StevanRamom,forum.ykt.ru,https://forum.ykt.ru,https://forum.ykt.ru/viewprofile.jsp?forum_id=11&user=StevanRamom,Available,302
StevanRamom,forum.ghost.org,https://forum.ghost.org,https://forum.ghost.org/u/StevanRamom/summary,Available,404
StevanRamom,donorbox,https://donorbox.org,https://donorbox.org/StevanRamom,Available,404
StevanRamom,Hotcopper,https://hotcopper.com.au,https://hotcopper.com.au/search/search?type=post&users=StevanRamom,Available,200
StevanRamom,Physicsforums,https://www.physicsforums.com,https://www.physicsforums.com/members/?username=StevanRamom,Available,200
StevanRamom,DigitalPoint,https://www.digitalpoint.com,https://www.digitalpoint.com/members/?username=StevanRamom,Available,200
StevanRamom,forum.nameberry.com,https://forum.nameberry.com,https://forum.nameberry.com/u/StevanRamom/summary,Unknown,403
StevanRamom,PushSquare,http://www.pushsquare.com,http://www.pushsquare.com/users/StevanRamom,Available,404
StevanRamom,Vgtimes,https://vgtimes.ru,https://vgtimes.ru/user/StevanRamom,Available,404
StevanRamom,Contently,https://contently.com/,https://StevanRamom.contently.com/,Available,200
StevanRamom,Untappd,https://untappd.com,https://untappd.com/user/StevanRamom,Available,404
StevanRamom,discuss.hashicorp.com,https://discuss.hashicorp.com,https://discuss.hashicorp.com/u/StevanRamom/summary,Available,404
StevanRamom,E621,https://e621.net,https://e621.net/users/StevanRamom,Available,404
StevanRamom,akniga,https://akniga.org/,https://akniga.org/profile/StevanRamom,Available,404
StevanRamom,Tinkoff Invest,https://www.tinkoff.ru/invest/,https://tinkoff.ru/invest/social/profile/StevanRamom/,Available,200
StevanRamom,Forumophilia,https://www.forumophilia.com,https://www.forumophilia.com/profile.php?mode=viewprofile&u=StevanRamom,Available,200
StevanRamom,B17,https://www.b17.ru/,https://www.b17.ru/StevanRamom,Unknown,503
StevanRamom,Vgtimes/Games,https://vgtimes.ru,https://vgtimes.ru/games/StevanRamom/forum/,Available,404
StevanRamom,xenforo.com,https://xenforo.com/community/,https://xenforo.com/community/members/?username=StevanRamom,Available,200
StevanRamom,EuroFootball,https://www.euro-football.ru,https://www.euro-football.ru/user/StevanRamom,Available,302
StevanRamom,TryHackMe,https://tryhackme.com/,https://tryhackme.com/p/StevanRamom,Available,200
StevanRamom,Myinstants,https://www.myinstants.com,https://www.myinstants.com/profile/StevanRamom/,Available,404
StevanRamom,Jimdo,https://jimdosite.com/,https://StevanRamom.jimdosite.com,Available,404
StevanRamom,forum.inaturalist.org,https://forum.inaturalist.org,https://forum.inaturalist.org/u/StevanRamom/summary,Available,404
StevanRamom,forum.shotcut.org,https://forum.shotcut.org,https://forum.shotcut.org/u/StevanRamom/summary,Available,404
StevanRamom,spletnik,https://spletnik.ru/,https://spletnik.ru/user/StevanRamom,Available,404
StevanRamom,getmyuni,https://getmyuni.com/,https://www.getmyuni.com/user/StevanRamom,Available,404
StevanRamom,igromania,http://forum.igromania.ru/,http://forum.igromania.ru/member.php?username=StevanRamom,Available,200
StevanRamom,Cent,https://cent.co/,https://beta.cent.co/@StevanRamom,Available,200
StevanRamom,hi5,http://www.hi5.com,http://www.hi5.com/StevanRamom,Available,200
StevanRamom,ForumHouse,https://www.forumhouse.ru/,https://www.forumhouse.ru/members/?username=StevanRamom,Available,200
StevanRamom,GameRevolution,https://forums.gamerevolution.com,https://forums.gamerevolution.com/members/?username=StevanRamom,Available,200
StevanRamom,mel.fm,https://mel.fm,https://mel.fm/blog/StevanRamom,Available,404
StevanRamom,GBAtemp.net,https://gbatemp.net/,https://gbatemp.net/members/?username=StevanRamom,Available,200
StevanRamom,Sbazar.cz,https://www.sbazar.cz/,https://www.sbazar.cz/StevanRamom,Available,404
StevanRamom,Brusheezy,https://www.brusheezy.com,https://www.brusheezy.com/members/StevanRamom,Available,200
StevanRamom,Oper,https://www.oper.ru/,https://www.oper.ru/visitors/info.php?t=StevanRamom,Available,200
StevanRamom,community.sweatco.in,https://community.sweatco.in,https://community.sweatco.in/u/StevanRamom/summary,Available,200
StevanRamom,DonationsAlerts,https://www.donationalerts.com/,https://www.donationalerts.com/r/StevanRamom,Available,404
StevanRamom,MoscowFlamp,https://moscow.flamp.ru/,https://moscow.flamp.ru/StevanRamom,Available,404
StevanRamom,GuruShots,https://gurushots.com/,https://gurushots.com/StevanRamom/photos,Available,200
StevanRamom,MirTesen,https://mirtesen.ru,https://mirtesen.ru/people/StevanRamom/profile,Available,200
StevanRamom,Ariva,https://www.ariva.de/,https://www.ariva.de/profil/StevanRamom,Available,404
StevanRamom,Dumpor,https://dumpor.com,https://dumpor.com/v/StevanRamom,Available,200
StevanRamom,ESET,https://forum.esetnod32.ru,https://forum.esetnod32.ru/user/StevanRamom/,Available,404
StevanRamom,forum.scssoft.com,https://forum.scssoft.com,https://forum.scssoft.com/search.php?author=StevanRamom,Available,200
StevanRamom,sparkpeople,https://www.sparkpeople.com,https://www.sparkpeople.com/mypage.asp?id=StevanRamom,Available,404
StevanRamom,Hackerearth,https://www.hackerearth.com,https://www.hackerearth.com/@StevanRamom,Available,200
StevanRamom,LiveInternet,https://www.liveinternet.ru,https://www.liveinternet.ru/users/StevanRamom/profile,Available,200
StevanRamom,Uchportal,https://www.uchportal.ru,https://www.uchportal.ru/index/8-0-StevanRamom,Available,200
StevanRamom,forums.digitalpoint.com,https://forums.digitalpoint.com/,https://forums.digitalpoint.com/members/?username=StevanRamom,Available,200
StevanRamom,Launchpad,https://launchpad.net/,https://launchpad.net/~StevanRamom,Available,404
StevanRamom,Aptoide,https://en.aptoide.com/,https://StevanRamom.en.aptoide.com/,Available,404
StevanRamom,NN.RU,https://www.nn.ru/,https://StevanRamom.www.nn.ru/,Available,404
StevanRamom,BikeRadar,https://forum.bikeradar.com,https://forum.bikeradar.com/profile/StevanRamom,Available,404
StevanRamom,hunting.karelia.ru,http://hunting.karelia.ru,http://hunting.karelia.ru/search.php?author=StevanRamom,Available,200
StevanRamom,forums.drom.ru,https://www.forumsdrom.ru/,https://www.forumsdrom.ru/member.php?username=StevanRamom,Available,200
StevanRamom,Psychologies.ru,http://www.psychologies.ru,http://www.psychologies.ru/personal/StevanRamom,Available,404
StevanRamom,teamtreehouse.com,https://teamtreehouse.com,https://teamtreehouse.com/profiles/StevanRamom,Available,429
StevanRamom,TRASHBOX.RU,https://trashbox.ru/,https://trashbox.ru/users/StevanRamom,Available,404
StevanRamom,geocaching,https://www.geocaching.com/,https://www.geocaching.com/profile/?u=StevanRamom,Available,404
StevanRamom,DigitalOcean,https://www.digitalocean.com/,https://www.digitalocean.com/community/users/StevanRamom,Available,404
StevanRamom,SevenForums,https://www.sevenforums.com,https://www.sevenforums.com/member.php?username=StevanRamom,Unknown,403
StevanRamom,YandexZenChannel,https://dzen.ru,https://dzen.ru/channel/StevanRamom,Available,404
StevanRamom,PerfectWorld,https://pw.mail.ru,https://pw.mail.ru/member.php?username=StevanRamom,Claimed,200
StevanRamom,designspiration.com,https://designspiration.com,https://designspiration.com/StevanRamom/,Available,404
StevanRamom,23hq,http://www.23hq.com,http://www.23hq.com/StevanRamom,Available,404
StevanRamom,Revelation,https://rev.mail.ru,https://rev.mail.ru/forums/member.php?username=StevanRamom,Unknown,0
StevanRamom,Newgrounds,https://newgrounds.com,https://StevanRamom.newgrounds.com,Available,404
StevanRamom,Tanks,https://tanks.mail.ru,https://tanks.mail.ru/forum/member.php?username=StevanRamom,Unknown,0
StevanRamom,PerfectWorldForum,https://pw.mail.ru/,https://pw.mail.ru/forums/member.php?username=StevanRamom,Unknown,0
StevanRamom,Warface,https://wf.mail.ru,https://wf.mail.ru/forums/member.php?username=StevanRamom,Unknown,0
StevanRamom,Infourok,,,Unknown,0
StevanRamom,HackerNews,,,Unknown,0
StevanRamom,forum.openoffice.org,,,Unknown,0
StevanRamom,giters.com,https://giters.com,https://giters.com/StevanRamom,Unknown,0
