username,name,url_main,url_user,exists,http_status
10Dravez,Quora,https://www.quora.com/,https://www.quora.com/profile/10Dravez,Available,301.0
10Dravez,SlideShare,https://www.slideshare.net,https://www.slideshare.net/10Dravez,Available,200.0
10Dravez,StackOverflow,https://stackoverflow.com,https://stackoverflow.com/users/filter?search=10Dravez,Available,200.0
10Dravez,Steam (Group),https://steamcommunity.com/,https://steamcommunity.com/groups/10Dravez,Available,200.0
10Dravez,Steam,https://steamcommunity.com/,https://steamcommunity.com/id/10Dravez,Available,200.0
10Dravez,iStock,https://www.istockphoto.com,https://www.istockphoto.com/ru/portfolio/10Dravez,Available,200.0
10Dravez,Freelancer.com,https://www.freelancer.com/,https://www.freelancer.com/api/users/0.1/users?usernames%5B%5D=10Dravez&compact=true,Available,200.0
10Dravez,Ebay,https://www.ebay.com/,https://www.ebay.com/usr/10Dravez,Unknown,200.0
10Dravez,Livejasmin,https://www.livejasmin.com/,https://www.livejasmin.com/en/girls/#!chat/10Dravez,Available,200.0
10Dravez,TikTok,https://www.tiktok.com/,https://www.tiktok.com/@10Dravez,Available,200.0
10Dravez,Pinterest,https://www.pinterest.com/,https://www.pinterest.com/10Dravez/,Available,200.0
10Dravez,Facebook,https://www.facebook.com/,https://www.facebook.com/10Dravez,Available,200.0
10Dravez,Duolingo,https://duolingo.com/,https://www.duolingo.com/profile/10Dravez,Available,200.0
10Dravez,Reddit,https://www.reddit.com/,https://www.reddit.com/user/10Dravez,Available,200.0
10Dravez,123rf,https://ru.123rf.com,https://ru.123rf.com/profile_10Dravez,Available,302.0
10Dravez,SoftwareInformer,https://users.software.informer.com,https://users.software.informer.com/10Dravez/,Available,301.0
10Dravez,community.adobe.com,https://community.adobe.com,https://community.adobe.com/t5/forums/searchpage/tab/user?q=10Dravez,Available,200.0
10Dravez,forum.wordreference.com,https://forum.wordreference.com,https://forum.wordreference.com/members/?username=10Dravez,Available,200.0
10Dravez,PCGamer,https://pcgamer.com,https://forums.pcgamer.com/members/?username=10Dravez,Available,200.0
10Dravez,Tinder,https://tinder.com/,https://www.tinder.com/@10Dravez,Available,200.0
10Dravez,Rutracker,https://rutracker.org/,https://rutracker.org/forum/profile.php?mode=viewprofile&u=10Dravez,Available,200.0
10Dravez,adblockplus.org,https://adblockplus.org,https://adblockplus.org/forum/search.php?keywords=&terms=all&author=10Dravez,Available,200.0
10Dravez,BodyBuilding,https://bodyspace.bodybuilding.com/,https://bodyspace.bodybuilding.com/10Dravez,Available,302.0
10Dravez,Plurk,https://www.plurk.com/,https://www.plurk.com/10Dravez,Available,200.0
10Dravez,Tom's guide,http://forums.tomsguide.com,http://forums.tomsguide.com/members/?username=10Dravez,Available,200.0
10Dravez,1337x,https://1337x.to,https://1337x.to/user/10Dravez/,Available,200.0
10Dravez,500px,https://500px.com/,https://500px.com/p/10Dravez,Unknown,200.0
10Dravez,TomsHardware,https://forums.tomshardware.com/,https://forums.tomshardware.com/members/?username=10Dravez,Available,200.0
10Dravez,BoardGameGeek,https://boardgamegeek.com,https://boardgamegeek.com/user/10Dravez,Available,200.0
10Dravez,Wikidot,http://www.wikidot.com/,http://www.wikidot.com/user:info/10Dravez,Available,200.0
10Dravez,AskFM,https://ask.fm/,https://ask.fm/10Dravez,Unknown,0.0
10Dravez,forum.sketchfab.com,https://forum.sketchfab.com,https://forum.sketchfab.com/u/10Dravez/summary,Available,200.0
10Dravez,LiveInternet,https://www.liveinternet.ru,https://www.liveinternet.ru/users/10Dravez/profile,Available,200.0
10Dravez,Codecademy,https://www.codecademy.com/,https://www.codecademy.com/profiles/10Dravez,Available,200.0
10Dravez,Baidu,https://tieba.baidu.com,https://tieba.baidu.com/home/main?un=10Dravez,Available,200.0
10Dravez,TechPowerUp,https://www.techpowerup.com,https://www.techpowerup.com/forums/members/?username=10Dravez,Available,200.0
10Dravez,GitLab,https://gitlab.com/,https://gitlab.com/10Dravez,Available,200.0
10Dravez,Cracked,https://www.cracked.com/,https://www.cracked.com/members/10Dravez/,Available,301.0
10Dravez,hackernoon.com,https://hackernoon.com,https://hackernoon.com/u/10Dravez,Available,200.0
10Dravez,Cheezburger,https://profile.cheezburger.com,https://profile.cheezburger.com/10Dravez,Available,302.0
10Dravez,FilmWeb,https://www.filmweb.pl/user/adam,https://www.filmweb.pl/user/10Dravez,Available,200.0
10Dravez,forum.blackmagicdesign.com,https://forum.blackmagicdesign.com,https://forum.blackmagicdesign.com/search.php?author=10Dravez,Available,200.0
10Dravez,Yummly,https://www.yummly.com,https://mapi.yummly.com/mapi/v19/user/10Dravez,Unknown,0.0
10Dravez,authorSTREAM,http://www.authorstream.com/,http://www.authorstream.com/author/10Dravez/,Claimed,200.0
10Dravez,AllKPop,https://www.allkpop.com/,https://www.allkpop.com/profile/10Dravez,Available,302.0
10Dravez,Anime-planet,https://www.anime-planet.com,https://www.anime-planet.com/forum/members/?username=10Dravez,Available,200.0
10Dravez,SkyscraperCity,https://www.skyscrapercity.com,https://www.skyscrapercity.com/members/?username=10Dravez,Available,200.0
10Dravez,F6S,https://f6s.com/,https://www.f6s.com/10Dravez,Available,200.0
10Dravez,Memrise,https://www.memrise.com/,https://www.memrise.com/user/10Dravez/,Available,301.0
10Dravez,Stihi.ru,https://www.stihi.ru/,https://www.stihi.ru/avtor/10Dravez,Available,200.0
10Dravez,LiveLib,https://www.livelib.ru/,https://www.livelib.ru/reader/10Dravez,Claimed,200.0
10Dravez,WikimapiaSearch,http://wikimapia.org,http://wikimapia.org/user/tools/users_rating/?username=10Dravez,Available,200.0
10Dravez,SeoClerks,https://www.seoclerks.com,https://www.seoclerks.com/user/10Dravez,Available,302.0
10Dravez,forums.linuxmint.com,https://forums.linuxmint.com,https://forums.linuxmint.com/search.php?author=10Dravez,Available,200.0
10Dravez,www.tagged.com,http://www.tagged.com,http://www.tagged.com/10Dravez,Available,200.0
10Dravez,www.itemfix.com,https://www.itemfix.com,https://www.itemfix.com/c/10Dravez,Available,200.0
10Dravez,Fark,https://www.fark.com/,https://www.fark.com/users/10Dravez/,Available,200.0
10Dravez,forums.majorgeeks.com,https://forums.majorgeeks.com,https://forums.majorgeeks.com/members/?username=10Dravez,Available,200.0
10Dravez,BOOTH,https://booth.pm/,https://10Dravez.booth.pm/,Available,302.0
10Dravez,Diigo,https://www.diigo.com/,https://www.diigo.com/interact_api/load_profile_info?name=10Dravez,Available,200.0
10Dravez,Codechef,https://www.codechef.com/,https://www.codechef.com/users/10Dravez,Available,302.0
10Dravez,blogs.klerk.ru,https://blogs.klerk.ru,https://blogs.klerk.ru/users/10Dravez/,Available,200.0
10Dravez,Typeracer,https://typeracer.com,https://data.typeracer.com/pit/profile?user=10Dravez,Available,200.0
10Dravez,Truelancer,https://www.truelancer.com,https://www.truelancer.com/freelancer/10Dravez,Available,200.0
10Dravez,Funnyjunk,https://funnyjunk.com/,https://funnyjunk.com/user/10Dravez,Available,307.0
10Dravez,AdultFriendFinder,https://adultfriendfinder.com,https://adultfriendfinder.com/profile/10Dravez,Claimed,200.0
10Dravez,kofi,https://ko-fi.com,https://ko-fi.com/10Dravez,Claimed,200.0
10Dravez,ImageShack,https://imageshack.com/,https://imageshack.com/user/10Dravez,Available,302.0
10Dravez,Screwfix,https://community.screwfix.com,https://community.screwfix.com/members/?username=10Dravez,Available,200.0
10Dravez,ProductHunt,https://www.producthunt.com/,https://www.producthunt.com/@10Dravez,Available,200.0
10Dravez,PyPi,https://pypi.org/,https://pypi.org/user/10Dravez,Unknown,200.0
10Dravez,TheSimsResource,https://www.thesimsresource.com/,https://www.thesimsresource.com/members/10Dravez/,Available,302.0
10Dravez,Packagist,https://packagist.org/,https://packagist.org/packages/10Dravez/,Available,302.0
10Dravez,Mouthshut,https://www.mouthshut.com/,https://www.mouthshut.com/10Dravez,Available,301.0
10Dravez,joyreactor.cc,http://joyreactor.cc,http://joyreactor.cc/user/10Dravez,Available,301.0
10Dravez,Smule,https://www.smule.com/,https://www.smule.com/10Dravez,Available,200.0
10Dravez,Proza.ru,https://www.proza.ru/,https://www.proza.ru/avtor/10Dravez,Available,200.0
10Dravez,interpals,https://www.interpals.net/,https://www.interpals.net/10Dravez,Available,200.0
10Dravez,Picarto,https://ptvintern.picarto.tv,https://ptvintern.picarto.tv/metadescription/10Dravez,Available,200.0
10Dravez,Tinkoff Invest,https://www.tinkoff.ru/invest/,https://tinkoff.ru/invest/social/profile/10Dravez/,Available,200.0
10Dravez,Pbase,https://pbase.com/,https://pbase.com/10Dravez/profile,Available,200.0
10Dravez,Empflix,https://www.empflix.com,https://www.empflix.com/profile/10Dravez/,Available,301.0
10Dravez,Namepros,https://www.namepros.com/,https://www.namepros.com/members/?username=10Dravez,Available,200.0
10Dravez,Speakerdeck,https://speakerdeck.com,https://speakerdeck.com/10Dravez,Claimed,200.0
10Dravez,Krstarica,https://forum.krstarica.com,https://forum.krstarica.com/members/?username=10Dravez,Available,200.0
10Dravez,forums.indiegala.com,https://forums.indiegala.com,https://forums.indiegala.com/members/?username=10Dravez,Available,200.0
10Dravez,4x4.tomsk.ru,http://4x4.tomsk.ru,http://4x4.tomsk.ru/search.php?author=10Dravez,Available,200.0
10Dravez,forums.destructoid.com,https://forums.destructoid.com,https://forums.destructoid.com/members/?username=10Dravez,Available,200.0
10Dravez,codeforces.com,http://codeforces.com,http://codeforces.com/profile/10Dravez,Available,200.0
10Dravez,Armorgames,https://armorgames.com,https://armorgames.com/user/10Dravez,Available,302.0
10Dravez,MirTesen,https://mirtesen.ru,https://mirtesen.ru/people/10Dravez/profile,Available,200.0
10Dravez,Fodors,https://www.fodors.com,https://www.fodors.com/community/profile/10Dravez/forum-activity,Available,302.0
10Dravez,Blu-ray,https://forum.blu-ray.com/,https://forum.blu-ray.com/member.php?username=10Dravez,Available,200.0
10Dravez,TheStudentRoom,https://www.thestudentroom.co.uk,https://www.thestudentroom.co.uk/member.php?username=10Dravez,Available,200.0
10Dravez,dlive.tv,https://dlive.tv,https://dlive.tv/10Dravez,Available,200.0
10Dravez,Contently,https://contently.com/,https://10Dravez.contently.com/,Available,200.0
10Dravez,easyen,https://easyen.ru,https://easyen.ru/index/8-0-10Dravez,Available,200.0
10Dravez,Physicsforums,https://www.physicsforums.com,https://www.physicsforums.com/members/?username=10Dravez,Available,200.0
10Dravez,forum.ykt.ru,https://forum.ykt.ru,https://forum.ykt.ru/viewprofile.jsp?forum_id=11&user=10Dravez,Available,302.0
10Dravez,Soup,https://soup.io,https://www.soup.io/author/10Dravez,Available,301.0
10Dravez,xenforo.com,https://xenforo.com/community/,https://xenforo.com/community/members/?username=10Dravez,Available,200.0
10Dravez,ForumHouse,https://www.forumhouse.ru/,https://www.forumhouse.ru/members/?username=10Dravez,Available,200.0
10Dravez,DigitalPoint,https://www.digitalpoint.com,https://www.digitalpoint.com/members/?username=10Dravez,Available,200.0
10Dravez,TryHackMe,https://tryhackme.com/,https://tryhackme.com/p/10Dravez,Available,200.0
10Dravez,hi5,http://www.hi5.com,http://www.hi5.com/10Dravez,Available,200.0
10Dravez,EuroFootball,https://www.euro-football.ru,https://www.euro-football.ru/user/10Dravez,Available,302.0
10Dravez,lnk.bio,https://lnk.bio,https://lnk.bio/10Dravez,Available,200.0
10Dravez,GameRevolution,https://forums.gamerevolution.com,https://forums.gamerevolution.com/members/?username=10Dravez,Available,200.0
10Dravez,igromania,http://forum.igromania.ru/,http://forum.igromania.ru/member.php?username=10Dravez,Available,200.0
10Dravez,Cent,https://cent.co/,https://beta.cent.co/@10Dravez,Available,200.0
10Dravez,Forumophilia,https://www.forumophilia.com,https://www.forumophilia.com/profile.php?mode=viewprofile&u=10Dravez,Available,200.0
10Dravez,GBAtemp.net,https://gbatemp.net/,https://gbatemp.net/members/?username=10Dravez,Available,200.0
10Dravez,ESET,https://forum.esetnod32.ru,https://forum.esetnod32.ru/user/10Dravez/,Claimed,200.0
10Dravez,BabyBlog.ru,https://www.babyblog.ru/,https://www.babyblog.ru/user/10Dravez,Available,301.0
10Dravez,GuruShots,https://gurushots.com/,https://gurushots.com/10Dravez/photos,Available,200.0
10Dravez,Hotcopper,https://hotcopper.com.au,https://hotcopper.com.au/search/search?type=post&users=10Dravez,Available,200.0
10Dravez,forums.drom.ru,https://www.forumsdrom.ru/,https://www.forumsdrom.ru/member.php?username=10Dravez,Available,200.0
10Dravez,Hackerearth,https://www.hackerearth.com,https://www.hackerearth.com/@10Dravez,Available,200.0
10Dravez,forum.scssoft.com,https://forum.scssoft.com,https://forum.scssoft.com/search.php?author=10Dravez,Available,200.0
10Dravez,Uchportal,https://www.uchportal.ru,https://www.uchportal.ru/index/8-0-10Dravez,Available,200.0
10Dravez,Dumpor,https://dumpor.com,https://dumpor.com/v/10Dravez,Available,200.0
10Dravez,Oper,https://www.oper.ru/,https://www.oper.ru/visitors/info.php?t=10Dravez,Available,200.0
10Dravez,hunting.karelia.ru,http://hunting.karelia.ru,http://hunting.karelia.ru/search.php?author=10Dravez,Available,200.0
10Dravez,Brusheezy,https://www.brusheezy.com,https://www.brusheezy.com/members/10Dravez,Available,200.0
10Dravez,forums.digitalpoint.com,https://forums.digitalpoint.com/,https://forums.digitalpoint.com/members/?username=10Dravez,Available,200.0
10Dravez,teamtreehouse.com,https://teamtreehouse.com,https://teamtreehouse.com/profiles/10Dravez,Available,200.0
10Dravez,community.sweatco.in,https://community.sweatco.in,https://community.sweatco.in/u/10Dravez/summary,Available,200.0
10Dravez,PerfectWorldForum,https://pw.mail.ru/,https://pw.mail.ru/forums/member.php?username=10Dravez,Claimed,200.0
10Dravez,AnimeNewsNetwork,https://www.animenewsnetwork.com,https://www.animenewsnetwork.com/bbs/phpBB2/profile.php?mode=viewprofile&u=10Dravez,Available,200.0
10Dravez,Tanks,,,Unknown,0.0
10Dravez,PerfectWorld,,,Unknown,0.0
10Dravez,Revelation,,,Unknown,0.0
10Dravez,Warface,,,Unknown,0.0
10Dravez,Otzovik,,,Unknown,0.0
10Dravez,ArchiveOfOurOwn,https://archiveofourown.org,https://archiveofourown.org/users/10Dravez,Unknown,0.0
10Dravez,HackerNews,https://news.ycombinator.com/,https://news.ycombinator.com/user?id=10Dravez,Unknown,0.0
10Dravez,forum.openoffice.org,,,Unknown,0.0
10Dravez,TRASHBOX.RU,,,Unknown,0.0
