username,name,url_main,url_user,exists,http_status
_MadMarc,Slack,https://slack.com,,Illegal,
_MadMarc,Wix,https://wix.com/,https://_MadMarc.wix.com,Unknown,0
_MadMarc,CNET,https://www.cnet.com,https://www.cnet.com/profiles/_MadMarc/,Unknown,403
_MadMarc,Figma,https://www.figma.com/,https://www.figma.com/@_MadMarc,Unknown,403
_MadMarc,Freepik,https://www.freepik.com,https://www.freepik.com/_MadMarc,Unknown,403
_MadMarc,OP.GG [LeagueOfLegends] Europe Nordic & East,https://www.op.gg/,https://www.op.gg/summoners/search?q=_MadMarc&region=eune,Available,429
_MadMarc,OP.GG [LeagueOfLegends] Phillippines,https://www.op.gg/,https://www.op.gg/summoners/search?q=_MadMarc&region=ph,Available,429
_MadMarc,OP.GG [LeagueOfLegends] Singapore,https://www.op.gg/,https://www.op.gg/summoners/search?q=_MadMarc&region=sg,Available,429
_MadMarc,OP.GG [LeagueOfLegends] Oceania,https://www.op.gg/,https://www.op.gg/summoners/search?q=_MadMarc&region=oce,Available,429
_MadMarc,OP.GG [LeagueOfLegends] Brazil,https://www.op.gg/,https://www.op.gg/summoners/search?q=_MadMarc&region=br,Available,429
_MadMarc,OP.GG [LeagueOfLegends] Europe West,https://www.op.gg/,https://www.op.gg/summoners/search?q=_MadMarc&region=euw,Available,429
_MadMarc,OP.GG [LeagueOfLegends] LAN,https://www.op.gg/,https://www.op.gg/summoners/search?q=_MadMarc&region=lan,Available,429
_MadMarc,OP.GG [LeagueOfLegends] North America,https://www.op.gg/,https://www.op.gg/summoners/search?q=_MadMarc&region=na,Available,429
_MadMarc,OP.GG [LeagueOfLegends] Taiwan,https://www.op.gg/,https://www.op.gg/summoners/search?q=_MadMarc&region=tw,Available,429
_MadMarc,OP.GG [LeagueOfLegends] Middle East,https://www.op.gg/,https://www.op.gg/summoners/search?q=_MadMarc&region=me,Available,429
_MadMarc,OP.GG [LeagueOfLegends] Thailand,https://www.op.gg/,https://www.op.gg/summoners/search?q=_MadMarc&region=th,Available,429
_MadMarc,OP.GG [LeagueOfLegends] Vietnam,https://www.op.gg/,https://www.op.gg/summoners/search?q=_MadMarc&region=vn,Available,429
_MadMarc,OP.GG [LeagueOfLegends] Turkey,https://www.op.gg/,https://www.op.gg/summoners/search?q=_MadMarc&region=tr,Available,429
_MadMarc,OP.GG [LeagueOfLegends] Russia,https://www.op.gg/,https://www.op.gg/summoners/search?q=_MadMarc&region=ru,Available,429
_MadMarc,OP.GG [LeagueOfLegends] LAS,https://www.op.gg/,https://www.op.gg/summoners/search?q=_MadMarc&region=las,Available,429
_MadMarc,OP.GG [LeagueOfLegends] Japan,https://www.op.gg/,https://www.op.gg/summoners/search?q=_MadMarc&region=jp,Available,429
_MadMarc,OP.GG [LeagueOfLegends] Korea,https://www.op.gg/,https://www.op.gg/summoners/search?q=_MadMarc&region=kr,Available,429
_MadMarc,Etsy,https://www.etsy.com/,https://www.etsy.com/shop/_MadMarc,Unknown,403
_MadMarc,GitHub,https://www.github.com/,,Illegal,
_MadMarc,Shutterstock,https://www.shutterstock.com,https://www.shutterstock.com/g/_MadMarc/about,Unknown,403
_MadMarc,YouTube User,https://www.youtube.com/,https://www.youtube.com/@_MadMarc,Available,404
_MadMarc,YouTube,https://www.youtube.com/,https://www.youtube.com/@_MadMarc,Available,404
_MadMarc,linktr.ee,https://linktr.ee,https://linktr.ee/_MadMarc,Available,406
_MadMarc,GooglePlayStore,https://play.google.com/store,https://play.google.com/store/apps/developer?id=_MadMarc,Available,404
_MadMarc,Twitter,https://www.twitter.com/,https://twitter.com/_MadMarc,Unknown,403
_MadMarc,Trello,https://trello.com/,https://trello.com/_MadMarc,Available,404
_MadMarc,Mozilla Support,https://support.mozilla.org,https://support.mozilla.org/en-US/user/_MadMarc/,Available,404
_MadMarc,Scribd,https://www.scribd.com/,https://www.scribd.com/_MadMarc,Available,404
_MadMarc,GitHubGist,https://gist.github.com,https://gist.github.com/_MadMarc,Available,404
_MadMarc,Udemy,https://www.udemy.com,https://www.udemy.com/user/_MadMarc/,Unknown,403
_MadMarc,StackOverflow,https://stackoverflow.com,https://stackoverflow.com/users/filter?search=_MadMarc,Available,200
_MadMarc,Quora,https://www.quora.com/,https://www.quora.com/profile/_MadMarc,Available,301
_MadMarc,upwork.com,https://upwork.com,https://upwork.com/fl/_MadMarc,Unknown,403
_MadMarc,Fandom,https://www.fandom.com/,https://www.fandom.com/u/_MadMarc,Available,404
_MadMarc,Naver,https://naver.com,https://blog.naver.com/_MadMarc,Available,404
_MadMarc,Behance,https://www.behance.net/,https://www.behance.net/_MadMarc,Available,404
_MadMarc,Vimeo,https://vimeo.com,https://vimeo.com/_MadMarc,Available,404
_MadMarc,DailyMotion,https://www.dailymotion.com,https://www.dailymotion.com/_MadMarc,Available,404
_MadMarc,GoodReads,https://www.goodreads.com/,https://www.goodreads.com/_MadMarc,Available,404
_MadMarc,iStock,https://www.istockphoto.com,https://www.istockphoto.com/ru/portfolio/_MadMarc,Available,200
_MadMarc,Ameblo,https://ameblo.jp,https://ameblo.jp/_MadMarc,Available,404
_MadMarc,Chess,https://www.chess.com,https://www.chess.com/member/_MadMarc,Available,404
_MadMarc,Telegram,https://t.me/,,Illegal,
_MadMarc,Tumblr,https://www.tumblr.com,https://www.tumblr.com/_MadMarc,Available,404
_MadMarc,SourceForge,https://sourceforge.net/,https://sourceforge.net/u/_MadMarc/profile,Unknown,403
_MadMarc,Fiverr,https://www.fiverr.com/,https://www.fiverr.com/_MadMarc,Unknown,403
_MadMarc,Facebook,https://www.facebook.com/,https://www.facebook.com/_MadMarc,Available,200
_MadMarc,Kickstarter,https://www.kickstarter.com,https://www.kickstarter.com/profile/_MadMarc,Unknown,403
_MadMarc,SoundCloud,https://soundcloud.com/,https://soundcloud.com/_MadMarc,Available,404
_MadMarc,TripAdvisor,https://tripadvisor.com/,https://tripadvisor.com/members/_MadMarc,Unknown,403
_MadMarc,Academia.edu,https://www.academia.edu/,https://independent.academia.edu/_MadMarc,Available,404
_MadMarc,TikTok,https://www.tiktok.com/,https://www.tiktok.com/@_MadMarc,Available,200
_MadMarc,Blogger,https://www.blogger.com/,,Illegal,
_MadMarc,Ebay,https://www.ebay.com/,https://www.ebay.com/usr/_MadMarc,Unknown,200
_MadMarc,AppleDiscussions,https://discussions.apple.com/,https://discussions.apple.com/profile/_MadMarc,Unknown,403
_MadMarc,Patreon,https://www.patreon.com/,https://www.patreon.com/_MadMarc,Available,404
_MadMarc,Freelancer.com,https://www.freelancer.com/,https://www.freelancer.com/api/users/0.1/users?usernames%5B%5D=_MadMarc&compact=true,Available,200
_MadMarc,Steam (Group),https://steamcommunity.com/,https://steamcommunity.com/groups/_MadMarc,Available,200
_MadMarc,Weebly,http://weebly.com,,Illegal,
_MadMarc,giphy.com,https://giphy.com,https://giphy.com/channel/_MadMarc,Available,404
_MadMarc,LiveJournal,https://www.livejournal.com/,,Illegal,
_MadMarc,mercadolivre,https://www.mercadolivre.com.br,https://www.mercadolivre.com.br/perfil/_MadMarc,Available,404
_MadMarc,Unsplash,https://unsplash.com/,https://unsplash.com/@_MadMarc,Available,404
_MadMarc,Steam,https://steamcommunity.com/,https://steamcommunity.com/id/_MadMarc,Available,200
_MadMarc,Disqus,https://disqus.com/,https://disqus.com/_MadMarc,Available,400
_MadMarc,Livejasmin,https://www.livejasmin.com/,https://www.livejasmin.com/en/girls/#!chat/_MadMarc,Available,200
_MadMarc,Reddit,https://www.reddit.com/,https://www.reddit.com/user/_MadMarc,Available,200
_MadMarc,Issuu,https://issuu.com/,https://issuu.com/_MadMarc,Available,404
_MadMarc,Twitch,https://www.twitch.tv/,https://twitchtracker.com/_MadMarc,Available,404
_MadMarc,Gamefaqs,https://gamefaqs.gamespot.com,https://gamefaqs.gamespot.com/community/_MadMarc,Unknown,401
_MadMarc,BleachFandom,https://bleach.fandom.com/ru,https://bleach.fandom.com/ru/wiki/%D0%A3%D1%87%D0%B0%D1%81%D1%82%D0%BD%D0%B8%D0%BA:_MadMarc,Available,404
_MadMarc,discourse.mozilla.org,https://discourse.mozilla.org,https://discourse.mozilla.org/u/_MadMarc/summary,Available,404
_MadMarc,Dreamstime,https://www.dreamstime.com,https://www.dreamstime.com/_MadMarc_info,Unknown,403
_MadMarc,Nairaland Forum,https://www.nairaland.com/,https://www.nairaland.com/_MadMarc,Unknown,403
_MadMarc,Pinterest,https://www.pinterest.com/,https://www.pinterest.com/_MadMarc/,Available,200
_MadMarc,Imgur,https://imgur.com,https://imgur.com/user/_MadMarc,Available,404
_MadMarc,TheVerge,https://www.theverge.com,https://www.theverge.com/users/_MadMarc,Available,410
_MadMarc,calendly.com,https://calendly.com,https://calendly.com/_MadMarc/15min,Available,404
_MadMarc,SlideShare,https://www.slideshare.net,https://www.slideshare.net/_MadMarc,Available,200
_MadMarc,Armchairgm,https://armchairgm.fandom.com/,https://armchairgm.fandom.com/wiki/User:_MadMarc,Available,404
_MadMarc,PeopleIgn,https://people.ign.com/,https://people.ign.com/_MadMarc,Available,404
_MadMarc,VK,https://vk.com/,https://vk.com/_MadMarc,Available,404
_MadMarc,Wattpad,https://www.wattpad.com/,https://www.wattpad.com/user/_MadMarc,Available,404
_MadMarc,Discogs,https://www.discogs.com/,https://www.discogs.com/user/_MadMarc,Unknown,403
_MadMarc,Artstation,https://www.artstation.com,https://www.artstation.com/_MadMarc,Unknown,403
_MadMarc,Gamespot,https://www.gamespot.com/,https://www.gamespot.com/profile/_MadMarc/,Available,404
_MadMarc,TradingView,https://www.tradingview.com/,https://www.tradingview.com/u/_MadMarc,Available,404
_MadMarc,WordPressOrg,https://wordpress.org/,https://profiles.wordpress.org/_MadMarc/,Available,404
_MadMarc,ThemeForest,https://themeforest.net,https://themeforest.net/user/_MadMarc,Available,404
_MadMarc,BongaCams,https://sbongacams.com,https://bongacams.com/profile/_MadMarc,Available,404
_MadMarc,Toster,https://qna.habr.com/,https://qna.habr.com/user/_MadMarc,Available,404
_MadMarc,Duolingo,https://duolingo.com/,https://www.duolingo.com/profile/_MadMarc,Available,200
_MadMarc,DeviantART,https://deviantart.com,,Illegal,
_MadMarc,Rutracker,https://rutracker.org/,https://rutracker.org/forum/profile.php?mode=viewprofile&u=_MadMarc,Available,200
_MadMarc,HabrCareer,https://career.habr.com/,https://career.habr.com/_MadMarc,Available,404
_MadMarc,AfreecaTV,http://bjapi.afreecatv.com,http://bjapi.afreecatv.com/api/_MadMarc/station,Unknown,515
_MadMarc,Aparat,https://www.aparat.com,https://www.aparat.com/_MadMarc,Available,404
_MadMarc,Scratch,https://scratch.mit.edu/,https://scratch.mit.edu/users/_MadMarc,Available,404
_MadMarc,cyber.harvard.edu,https://cyber.harvard.edu,https://cyber.harvard.edu/people/_MadMarc,Available,404
_MadMarc,Revelation,https://rev.mail.ru,https://rev.mail.ru/forums/member.php?username=_MadMarc,Unknown,0
_MadMarc,MyAnimeList,https://myanimelist.net/,https://myanimelist.net/profile/_MadMarc,Available,404
_MadMarc,Myspace,https://myspace.com/,https://myspace.com/_MadMarc,Available,404
_MadMarc,Kaggle,https://www.kaggle.com/,https://www.kaggle.com/_MadMarc,Available,404
_MadMarc,ComicvineGamespot,https://comicvine.gamespot.com/,https://comicvine.gamespot.com/profile/_MadMarc,Available,404
_MadMarc,Redbubble,https://www.redbubble.com/,https://www.redbubble.com/people/_MadMarc,Available,404
_MadMarc,Ultimate-Guitar,https://ultimate-guitar.com/,https://ultimate-guitar.com/u/_MadMarc,Available,410
_MadMarc,Wowhead,https://www.wowhead.com,https://www.wowhead.com/user=_MadMarc,Available,404
_MadMarc,Weibo,https://weibo.com,https://weibo.com/_MadMarc,Available,400
_MadMarc,community.simplilearn.com,https://community.simplilearn.com,https://community.simplilearn.com/members/?username=_MadMarc,Available,404
_MadMarc,www.change.org,https://www.change.org,https://www.change.org/o/_MadMarc,Available,404
_MadMarc,SoftwareInformer,https://users.software.informer.com,https://users.software.informer.com/_MadMarc/,Available,301
_MadMarc,BuzzFeed,https://buzzfeed.com/,https://buzzfeed.com/_MadMarc,Available,404
_MadMarc,AllRecipes,https://www.allrecipes.com/,https://www.allrecipes.com/cook/_MadMarc,Available,404
_MadMarc,FandomCommunityCentral,https://community.fandom.com,https://community.fandom.com/wiki/User:_MadMarc,Available,404
_MadMarc,Rottentomatoes,https://www.rottentomatoes.com,https://www.rottentomatoes.com/critic/_MadMarc/movies,Available,404
_MadMarc,123rf,https://ru.123rf.com,https://ru.123rf.com/profile__MadMarc,Available,302
_MadMarc,Codecanyon,https://codecanyon.net,https://codecanyon.net/user/_MadMarc,Available,404
_MadMarc,MyFitnessPal,https://www.myfitnesspal.com/,https://www.myfitnesspal.com/profile/_MadMarc,Unknown,403
_MadMarc,Pikabu,https://pikabu.ru/,https://pikabu.ru/@_MadMarc,Available,404
_MadMarc,ChaturBate,https://chaturbate.com,https://chaturbate.com/_MadMarc,Available,404
_MadMarc,Codepen,https://codepen.io/,https://codepen.io/_MadMarc,Unknown,403
_MadMarc,1337x,https://1337x.to,https://1337x.to/user/_MadMarc/,Claimed,200
_MadMarc,Polygon,https://www.polygon.com/,https://www.polygon.com/users/_MadMarc,Available,404
_MadMarc,PCGamer,https://pcgamer.com,https://forums.pcgamer.com/members/?username=_MadMarc,Available,200
_MadMarc,DiscussPython,https://discuss.python.org/,https://discuss.python.org/u/_MadMarc/summary,Available,404
_MadMarc,Battleraprus,https://battleraprus.fandom.com/ru,https://battleraprus.fandom.com/ru/wiki/%D0%A3%D1%87%D0%B0%D1%81%D1%82%D0%BD%D0%B8%D0%BA:_MadMarc,Available,404
_MadMarc,Plurk,https://www.plurk.com/,https://www.plurk.com/_MadMarc,Available,200
_MadMarc,Tinder,https://tinder.com/,https://www.tinder.com/@_MadMarc,Available,200
_MadMarc,drive2,https://www.drive2.ru/,https://www.drive2.ru/users/_MadMarc,Available,404
_MadMarc,Freelance.habr,https://freelance.habr.com/,https://freelance.habr.com/freelancers/_MadMarc,Available,410
_MadMarc,Amazon,https://amazon.com,https://amazon.com/author/_MadMarc,Available,404
_MadMarc,Habr,https://habr.com/,https://habr.com/ru/users/_MadMarc/,Available,404
_MadMarc,Pathofexile,https://ru.pathofexile.com,https://ru.pathofexile.com/account/view-profile/_MadMarc,Unknown,403
_MadMarc,Dribbble,https://dribbble.com/,,Illegal,
_MadMarc,247sports,https://247sports.com,https://247sports.com/user/_MadMarc/,Available,404
_MadMarc,Itch.io,https://itch.io/,https://_MadMarc.itch.io/,Available,404
_MadMarc,adblockplus.org,https://adblockplus.org,https://adblockplus.org/forum/search.php?keywords=&terms=all&author=_MadMarc,Available,200
_MadMarc,Tom's guide,http://forums.tomsguide.com,http://forums.tomsguide.com/members/?username=_MadMarc,Available,200
_MadMarc,Bandcamp,https://www.bandcamp.com/,https://www.bandcamp.com/_MadMarc,Available,404
_MadMarc,Gofundme,https://www.gofundme.com,https://www.gofundme.com/f/_MadMarc,Available,404
_MadMarc,BodyBuilding,https://bodyspace.bodybuilding.com/,https://bodyspace.bodybuilding.com/_MadMarc,Available,302
_MadMarc,sports.ru,https://www.sports.ru/,https://www.sports.ru/profile/_MadMarc/,Available,404
_MadMarc,Studfile,https://studfile.net,https://studfile.net/users/_MadMarc/,Available,404
_MadMarc,Sbnation,https://www.sbnation.com,https://www.sbnation.com/users/_MadMarc,Available,404
_MadMarc,YouPorn,https://youporn.com,https://youporn.com/uservids/_MadMarc,Available,404
_MadMarc,Roblox,https://www.roblox.com/,https://www.roblox.com/user.aspx?username=_MadMarc,Available,404
_MadMarc,Bit.ly,https://bit.ly,https://bit.ly/_MadMarc,Available,404
_MadMarc,500px,https://500px.com/,https://500px.com/p/_MadMarc,Unknown,200
_MadMarc,TomsHardware,https://forums.tomshardware.com/,https://forums.tomshardware.com/members/?username=_MadMarc,Available,200
_MadMarc,note,https://note.com/,https://note.com/_MadMarc,Available,404
_MadMarc,Redtube,https://ru.redtube.com/,https://ru.redtube.com/users/_MadMarc,Available,404
_MadMarc,Genius,https://genius.com/,https://genius.com/_MadMarc,Claimed,200
_MadMarc,discuss.codecademy.com,https://discuss.codecademy.com,https://discuss.codecademy.com/u/_MadMarc/summary,Available,404
_MadMarc,Pastebin,https://pastebin.com/,https://pastebin.com/u/_MadMarc,Available,404
_MadMarc,Ccm,https://ccm.net,https://ccm.net/profile/user/_MadMarc,Available,404
_MadMarc,jsfiddle.net,https://jsfiddle.net,https://jsfiddle.net/user/_MadMarc/,Available,404
_MadMarc,{username}.tilda.ws,https://tilda.ws,https://_MadMarc.tilda.ws,Available,404
_MadMarc,Kaskus,https://www.kaskus.co.id,https://www.kaskus.co.id/@_MadMarc,Available,404
_MadMarc,www.gamesradar.com,https://www.gamesradar.com,https://www.gamesradar.com/uk/author/_MadMarc/,Available,404
_MadMarc,CreativeMarket,https://creativemarket.com/,https://creativemarket.com/users/_MadMarc,Unknown,403
_MadMarc,community.icons8.com,https://community.icons8.com,https://community.icons8.com/u/_MadMarc/summary,Available,404
_MadMarc,jeuxvideo,http://www.jeuxvideo.com,http://www.jeuxvideo.com/profil/_MadMarc?mode=infos,Available,404
_MadMarc,last.fm,https://last.fm/,https://last.fm/user/_MadMarc,Available,404
_MadMarc,Wikidot,http://www.wikidot.com/,http://www.wikidot.com/user:info/_MadMarc,Available,200
_MadMarc,djskt.lnk.to,https://djskt.lnk.to,https://djskt.lnk.to/_MadMarc,Available,404
_MadMarc,forums.sketchup.com,https://forums.sketchup.com,https://forums.sketchup.com/u/_MadMarc/summary,Available,404
_MadMarc,forum.sketchfab.com,https://forum.sketchfab.com,https://forum.sketchfab.com/u/_MadMarc/summary,Available,200
_MadMarc,Thechive,https://thechive.com/,https://thechive.com/author/_MadMarc,Available,404
_MadMarc,Codecademy,https://www.codecademy.com/,https://www.codecademy.com/profiles/_MadMarc,Available,200
_MadMarc,Pornhub,https://pornhub.com/,https://pornhub.com/users/_MadMarc,Available,404
_MadMarc,BoardGameGeek,https://boardgamegeek.com,https://boardgamegeek.com/user/_MadMarc,Available,200
_MadMarc,9GAG,https://www.9gag.com/,https://www.9gag.com/u/_MadMarc,Available,404
_MadMarc,99designs.com,https://99designs.com,https://99designs.com/profiles/_MadMarc,Available,404
_MadMarc,Infourok,https://infourok.ru,https://infourok.ru/user/_MadMarc,Available,404
_MadMarc,Rajce.net,https://www.rajce.idnes.cz/,https://_MadMarc.rajce.idnes.cz/,Available,410
_MadMarc,Freecodecamp,https://www.freecodecamp.org/forum/,https://www.freecodecamp.org/forum/u/_MadMarc/summary,Available,404
_MadMarc,fotostrana.ru,https://fotostrana.ru,https://fotostrana.ru/_MadMarc/,Unknown,403
_MadMarc,AskFM,https://ask.fm/,https://ask.fm/_MadMarc,Unknown,0
_MadMarc,Eporner,,https://www.eporner.com/profile/_MadMarc/,Available,404
_MadMarc,Gab,https://gab.com/,https://gab.com/_MadMarc,Available,404
_MadMarc,Weforum,https://www.weforum.org,https://www.weforum.org/people/_MadMarc,Unknown,403
_MadMarc,Flightradar24,https://www.flightradar24.com/,https://my.flightradar24.com/_MadMarc,Available,404
_MadMarc,Xvideos,https://xvideos.com/,https://xvideos.com/profiles/_MadMarc,Available,404
_MadMarc,Baidu,https://tieba.baidu.com,https://tieba.baidu.com/home/main?un=_MadMarc,Available,200
_MadMarc,lyricstranslate.com,https://lyricstranslate.com,https://lyricstranslate.com/sco/translator/_MadMarc,Available,404
_MadMarc,Docker Hub,https://hub.docker.com/,https://hub.docker.com/u/_MadMarc/,Available,404
_MadMarc,HubPages,https://hubpages.com/,https://hubpages.com/@_MadMarc,Available,404
_MadMarc,angel.co,https://angel.co,https://angel.co/u/_MadMarc,Unknown,403
_MadMarc,TemplateMonster,https://www.templatemonster.com,https://www.templatemonster.com/authors/_MadMarc/,Available,404
_MadMarc,Lichess,https://lichess.org,https://lichess.org/@/_MadMarc,Available,404
_MadMarc,Venmo,https://venmo.com/,https://venmo.com/_MadMarc,Available,404
_MadMarc,Pluralsight,https://app.pluralsight.com,https://app.pluralsight.com/profile/author/_MadMarc,Available,404
_MadMarc,Guru,https://www.guru.com,https://www.guru.com/freelancers/_MadMarc,Available,404
_MadMarc,MixCloud,https://www.mixcloud.com/,https://www.mixcloud.com/_MadMarc/,Available,404
_MadMarc,forums.docker.com,https://forums.docker.com,https://forums.docker.com/u/_MadMarc/summary,Available,404
_MadMarc,profile.hatena.ne.jp,https://profile.hatena.ne.jp,https://profile.hatena.ne.jp/_MadMarc/,Available,404
_MadMarc,Letterboxd,https://letterboxd.com/,https://letterboxd.com/_MadMarc,Available,404
_MadMarc,ArchiveOfOurOwn,https://archiveofourown.org,https://archiveofourown.org/users/_MadMarc,Unknown,525
_MadMarc,iRecommend.RU,https://irecommend.ru/,https://irecommend.ru/users/_MadMarc,Unknown,521
_MadMarc,BitBucket,https://bitbucket.org/,https://bitbucket.org/_MadMarc/,Available,404
_MadMarc,Cracked,https://www.cracked.com/,https://www.cracked.com/members/_MadMarc/,Available,301
_MadMarc,beacons.ai,https://beacons.ai,https://beacons.ai/_MadMarc,Unknown,403
_MadMarc,TechPowerUp,https://www.techpowerup.com,https://www.techpowerup.com/forums/members/?username=_MadMarc,Available,200
_MadMarc,DigitalOcean,https://www.digitalocean.com/,https://www.digitalocean.com/community/users/_MadMarc,Available,404
_MadMarc,Muckrack,https://muckrack.com,https://muckrack.com/_MadMarc,Unknown,403
_MadMarc,Foursquare,https://foursquare.com/,https://foursquare.com/_MadMarc,Available,404
_MadMarc,osu!,https://osu.ppy.sh/,https://osu.ppy.sh/users/_MadMarc,Available,404
_MadMarc,AllTrails,https://www.alltrails.com/,https://www.alltrails.com/members/_MadMarc,Unknown,403
_MadMarc,Jigsawplanet,https://www.jigsawplanet.com,https://www.jigsawplanet.com/_MadMarc,Available,404
_MadMarc,Championat,https://www.championat.com/,https://www.championat.com/user/_MadMarc,Available,404
_MadMarc,GitLab,https://gitlab.com/,https://gitlab.com/_MadMarc,Available,200
_MadMarc,DEV Community,https://dev.to/,,Illegal,
_MadMarc,My.Mail.ru@gmail.com,https://my.mail.ru/,https://my.mail.ru/gmail.com/_MadMarc/,Available,404
_MadMarc,My.Mail.ru@yandex.ru,https://my.mail.ru/,https://my.mail.ru/yandex.ru/_MadMarc/,Available,404
_MadMarc,Zomato,https://www.zomato.com/,https://www.zomato.com/pl/_MadMarc/foodjourney,Available,404
_MadMarc,OK,https://ok.ru/,,Illegal,
_MadMarc,My.Mail.ru@bk.ru,https://my.mail.ru/,https://my.mail.ru/bk/_MadMarc/,Available,404
_MadMarc,Warrior Forum,https://www.warriorforum.com/,https://www.warriorforum.com/members/_MadMarc.html,Available,400
_MadMarc,My.Mail.ru@ya.ru,https://my.mail.ru/,https://my.mail.ru/ya.ru/_MadMarc/,Available,404
_MadMarc,Instructables,https://www.instructables.com/,https://www.instructables.com/member/_MadMarc,Available,404
_MadMarc,Livemaster,https://www.livemaster.ru,https://www.livemaster.ru/_MadMarc,Available,404
_MadMarc,Cheezburger,https://profile.cheezburger.com,https://profile.cheezburger.com/_MadMarc,Available,302
_MadMarc,videohive.net,https://videohive.net,https://videohive.net/user/_MadMarc,Available,404
_MadMarc,My.Mail.ru@mail.ru,https://my.mail.ru/,https://my.mail.ru/mail/_MadMarc/,Available,404
_MadMarc,My.Mail.ru@list.ru,https://my.mail.ru/,https://my.mail.ru/list/_MadMarc/,Available,404
_MadMarc,Slashdot,https://slashdot.org,https://slashdot.org/~_MadMarc,Available,404
_MadMarc,hackernoon.com,https://hackernoon.com,https://hackernoon.com/u/_MadMarc,Available,200
_MadMarc,FilmWeb,https://www.filmweb.pl/user/adam,https://www.filmweb.pl/user/_MadMarc,Available,200
_MadMarc,techspot.com,http://www.techspot.com/community/,http://www.techspot.com/community/members/?username=_MadMarc,Unknown,403
_MadMarc,Douban,https://www.douban.com,https://www.douban.com/people/_MadMarc/,Unknown,403
_MadMarc,forums.opera.com,https://forums.opera.com/,https://forums.opera.com/user/_MadMarc,Available,404
_MadMarc,Ameba,https://profile.ameba.jp,https://profile.ameba.jp/ameba/_MadMarc/,Available,404
_MadMarc,amp.flipboard.com,https://amp.flipboard.com,https://amp.flipboard.com/@_MadMarc,Available,404
_MadMarc,Techrepublic,https://www.techrepublic.com,https://www.techrepublic.com/members/profile/_MadMarc/,Available,404
_MadMarc,community.getpostman.com,https://community.getpostman.com,https://community.getpostman.com/u/_MadMarc/summary,Available,404
_MadMarc,pr0gramm,https://pr0gramm.com/,https://pr0gramm.com/api/profile/info?name=_MadMarc,Available,404
_MadMarc,www.minds.com,https://www.minds.com,https://www.minds.com/_MadMarc,Available,404
_MadMarc,forum.blackmagicdesign.com,https://forum.blackmagicdesign.com,https://forum.blackmagicdesign.com/search.php?author=_MadMarc,Available,200
_MadMarc,999.md,https://999.md,https://999.md/ru/profile/_MadMarc,Available,404
_MadMarc,Picuki,https://www.picuki.com/,https://www.picuki.com/profile/_MadMarc,Available,404
_MadMarc,Yummly,https://www.yummly.com,https://mapi.yummly.com/mapi/v19/user/_MadMarc,Unknown,0
_MadMarc,authorSTREAM,http://www.authorstream.com/,http://www.authorstream.com/author/_MadMarc/,Claimed,200
_MadMarc,VSCO,https://vsco.co/,https://vsco.co/_MadMarc,Available,404
_MadMarc,AlternativeTo,https://alternativeto.net/,https://alternativeto.net/user/_MadMarc,Unknown,403
_MadMarc,dailykos,https://www.dailykos.com,https://www.dailykos.com/user/_MadMarc,Available,404
_MadMarc,NPM-Package,https://www.npmjs.com/,https://www.npmjs.com/package/_MadMarc,Available,404
_MadMarc,Weedmaps,https://weedmaps.com,https://weedmaps.com/brands/_MadMarc,Unknown,403
_MadMarc,opensource,https://opensource.com/,https://opensource.com/users/_MadMarc,Available,404
_MadMarc,Flipboard,https://flipboard.com/,https://flipboard.com/@_MadMarc,Available,404
_MadMarc,Pokemon Showdown,https://pokemonshowdown.com,https://pokemonshowdown.com/users/_MadMarc,Claimed,200
_MadMarc,ModDB,https://www.moddb.com/,https://www.moddb.com/members/_MadMarc,Unknown,403
_MadMarc,Gumroad,https://www.gumroad.com/,https://www.gumroad.com/_MadMarc,Available,404
_MadMarc,Rate Your Music,https://rateyourmusic.com/,https://rateyourmusic.com/~_MadMarc,Unknown,403
_MadMarc,steemit,https://steemit.com,https://steemit.com/@_MadMarc,Available,404
_MadMarc,Gravatar,http://en.gravatar.com/,http://en.gravatar.com/_MadMarc,Available,404
_MadMarc,Smugmug,https://smugmug.com/,https://_MadMarc.smugmug.com/,Available,404
_MadMarc,Discuss.Elastic.co,https://discuss.elastic.co/,https://discuss.elastic.co/u/_MadMarc/summary,Available,404
_MadMarc,Gog,https://www.gog.com/,https://www.gog.com/u/_MadMarc,Available,404
_MadMarc,Sporcle,https://www.sporcle.com/,https://www.sporcle.com/user/_MadMarc/people,Available,404
_MadMarc,OpenStreetMap,https://www.openstreetmap.org/,https://www.openstreetmap.org/user/_MadMarc,Available,404
_MadMarc,AllKPop,https://www.allkpop.com/,https://www.allkpop.com/profile/_MadMarc,Available,302
_MadMarc,Codementor,https://www.codementor.io/,https://www.codementor.io/_MadMarc,Available,404
_MadMarc,Anime-planet,https://www.anime-planet.com,https://www.anime-planet.com/forum/members/?username=_MadMarc,Available,200
_MadMarc,LiveLib,https://www.livelib.ru/,https://www.livelib.ru/reader/_MadMarc,Claimed,200
_MadMarc,rapidapi.com,https://rapidapi.com,https://rapidapi.com/blog/author/_MadMarc/,Available,404
_MadMarc,Pinkbike,https://www.pinkbike.com/,https://www.pinkbike.com/u/_MadMarc/,Unknown,403
_MadMarc,F6S,https://f6s.com/,https://www.f6s.com/_MadMarc,Available,200
_MadMarc,forums.serebii.net,https://forums.serebii.net,https://forums.serebii.net/members/?username=_MadMarc,Claimed,403
_MadMarc,depop.com,https://www.depop.com,https://www.depop.com/_MadMarc,Unknown,403
_MadMarc,Audiojungle,https://audiojungle.net/,https://audiojungle.net/user/_MadMarc,Available,404
_MadMarc,www.tagged.com,http://www.tagged.com,http://www.tagged.com/_MadMarc,Available,200
_MadMarc,AdultFriendFinder,https://adultfriendfinder.com,https://adultfriendfinder.com/profile/_MadMarc,Claimed,200
_MadMarc,WikimapiaSearch,http://wikimapia.org,http://wikimapia.org/user/tools/users_rating/?username=_MadMarc,Available,200
_MadMarc,SeoClerks,https://www.seoclerks.com,https://www.seoclerks.com/user/_MadMarc,Available,302
_MadMarc,Codechef,https://www.codechef.com/,https://www.codechef.com/users/_MadMarc,Available,302
_MadMarc,Memrise,https://www.memrise.com/,https://www.memrise.com/user/_MadMarc/,Available,301
_MadMarc,ImgInn,https://imginn.com,https://imginn.com/_MadMarc/,Claimed,200
_MadMarc,Xing,https://www.xing.com/,https://www.xing.com/profile/_MadMarc,Available,404
_MadMarc,kwork,https://www.kwork.ru/,https://kwork.ru/user/_MadMarc,Available,404
_MadMarc,forum.audacityteam.org,https://forum.audacityteam.org,https://forum.audacityteam.org/search.php?author=_MadMarc,Available,404
_MadMarc,BOOTH,https://booth.pm/,https://_MadMarc.booth.pm/,Available,302
_MadMarc,forums.linuxmint.com,https://forums.linuxmint.com,https://forums.linuxmint.com/search.php?author=_MadMarc,Available,200
_MadMarc,About.me,https://about.me/,https://about.me/_MadMarc,Available,404
_MadMarc,Picsart,https://picsart.com/,https://picsart.com/u/_MadMarc,Available,404
_MadMarc,forums.bulbagarden.net,http://forums.bulbagarden.net,http://forums.bulbagarden.net/members/?username=_MadMarc,Claimed,403
_MadMarc,SkyscraperCity,https://www.skyscrapercity.com,https://www.skyscrapercity.com/members/?username=_MadMarc,Available,200
_MadMarc,www.itemfix.com,https://www.itemfix.com,https://www.itemfix.com/c/_MadMarc,Available,200
_MadMarc,PlanetMinecraft,https://www.planetminecraft.com,https://www.planetminecraft.com/member/_MadMarc,Unknown,403
_MadMarc,Typeracer,https://typeracer.com,https://data.typeracer.com/pit/profile?user=_MadMarc,Available,200
_MadMarc,forums.majorgeeks.com,https://forums.majorgeeks.com,https://forums.majorgeeks.com/members/?username=_MadMarc,Available,200
_MadMarc,Bibsonomy,https://www.bibsonomy.org,https://www.bibsonomy.org/user/_MadMarc,Available,404
_MadMarc,doctissimo,https://club.doctissimo.fr,https://club.doctissimo.fr/_MadMarc/,Available,404
_MadMarc,forum.pkp.sfu.ca,https://forum.pkp.sfu.ca,https://forum.pkp.sfu.ca/u/_MadMarc/summary,Unknown,403
_MadMarc,BuyMeACoffee,https://www.buymeacoffee.com/,https://buymeacoff.ee/_MadMarc,Available,404
_MadMarc,Stihi.ru,https://www.stihi.ru/,https://www.stihi.ru/avtor/_MadMarc,Available,200
_MadMarc,SublimeForum,https://forum.sublimetext.com/,https://forum.sublimetext.com/u/_MadMarc/summary,Available,404
_MadMarc,ReverbNation,https://www.reverbnation.com/,https://www.reverbnation.com/_MadMarc,Available,404
_MadMarc,blogs.klerk.ru,https://blogs.klerk.ru,https://blogs.klerk.ru/users/_MadMarc/,Available,200
_MadMarc,Diigo,https://www.diigo.com/,https://www.diigo.com/interact_api/load_profile_info?name=_MadMarc,Available,200
_MadMarc,Coub,https://coub.com/,https://coub.com/_MadMarc,Available,404
_MadMarc,Fark,https://www.fark.com/,https://www.fark.com/users/_MadMarc/,Available,200
_MadMarc,FortniteTracker,https://fortnitetracker.com/challenges,https://fortnitetracker.com/profile/all/_MadMarc,Unknown,403
_MadMarc,Trakt,https://www.trakt.tv/,https://www.trakt.tv/users/_MadMarc,Unknown,403
_MadMarc,Truelancer,https://www.truelancer.com,https://www.truelancer.com/freelancer/_MadMarc,Available,200
_MadMarc,Tinkoff Invest,https://www.tinkoff.ru/invest/,https://tinkoff.ru/invest/social/profile/_MadMarc/,Available,200
_MadMarc,AdvancedCustomFields,https://support.advancedcustomfields.com/,https://support.advancedcustomfields.com/forums/users/_MadMarc,Available,404
_MadMarc,Wykop,https://www.wykop.pl,https://www.wykop.pl/ludzie/_MadMarc/,Available,404
_MadMarc,Gitee,https://gitee.com/,https://gitee.com/_MadMarc,Available,404
_MadMarc,Screwfix,https://community.screwfix.com,https://community.screwfix.com/members/?username=_MadMarc,Available,200
_MadMarc,Repl.it,https://repl.it/,https://repl.it/@_MadMarc,Available,404
_MadMarc,iXBT,https://forum.ixbt.com,https://forum.ixbt.com/users.cgi?id=info:_MadMarc,Available,404
_MadMarc,bbs.boingboing.net,https://bbs.boingboing.net,https://bbs.boingboing.net/u/_MadMarc/summary,Unknown,403
_MadMarc,Kwejk,https://kwejk.pl,https://kwejk.pl/uzytkownik/_MadMarc#/tablica/,Available,404
_MadMarc,MuffinGroup,https://forum.muffingroup.com,https://forum.muffingroup.com/betheme/profile/_MadMarc,Available,404
_MadMarc,NICommunityForum,https://www.native-instruments.com/forum/,https://www.native-instruments.com/forum/members/?username=_MadMarc,Available,403
_MadMarc,Baby.ru,https://www.baby.ru/,https://www.baby.ru/u/_MadMarc/,Available,404
_MadMarc,NameMC,https://namemc.com/,https://namemc.com/profile/_MadMarc,Unknown,403
_MadMarc,Proza.ru,https://www.proza.ru/,https://www.proza.ru/avtor/_MadMarc,Available,200
_MadMarc,kofi,https://ko-fi.com,https://ko-fi.com/_MadMarc,Claimed,200
_MadMarc,Pandia,https://pandia.ru,https://pandia.ru/user/profile/_MadMarc,Available,404
_MadMarc,Kongregate,https://www.kongregate.com/,,Illegal,
_MadMarc,ifunny.co,https://www.ifunny.co,https://www.ifunny.co/user/_MadMarc,Available,404
_MadMarc,Justlanded,https://community.justlanded.com,https://community.justlanded.com/en/profile/_MadMarc,Available,404
_MadMarc,Speedrun.com,https://speedrun.com/,https://speedrun.com/users/_MadMarc,Available,404
_MadMarc,accounts.eclipse.org,https://accounts.eclipse.org,https://accounts.eclipse.org/users/_MadMarc,Available,404
_MadMarc,Funnyjunk,https://funnyjunk.com/,https://funnyjunk.com/user/_MadMarc,Available,307
_MadMarc,Mix,https://mix.com,https://mix.com/_MadMarc,Available,404
_MadMarc,eBaumsWorld,https://www.ebaumsworld.com/,https://www.ebaumsworld.com/user/profile/_MadMarc,Available,404
_MadMarc,author.today,https://author.today,https://author.today/u/_MadMarc,Unknown,403
_MadMarc,Mouthshut,https://www.mouthshut.com/,https://www.mouthshut.com/_MadMarc,Available,301
_MadMarc,hashnode,https://hashnode.com,https://hashnode.com/@_MadMarc,Claimed,429
_MadMarc,Americanthinker,https://www.americanthinker.com/,https://www.americanthinker.com/author/_MadMarc/,Available,404
_MadMarc,ProductHunt,https://www.producthunt.com/,https://www.producthunt.com/@_MadMarc,Available,200
_MadMarc,Vivino,https://www.vivino.com/,https://www.vivino.com/users/_MadMarc,Available,404
_MadMarc,PyPi,https://pypi.org/,https://pypi.org/user/_MadMarc,Unknown,200
_MadMarc,ImageShack,https://imageshack.com/,https://imageshack.com/user/_MadMarc,Available,302
_MadMarc,joyreactor.cc,http://joyreactor.cc,http://joyreactor.cc/user/_MadMarc,Available,301
_MadMarc,hiveos.farm,https://forum.hiveos.farm,https://forum.hiveos.farm/u/_MadMarc/summary,Available,404
_MadMarc,TheStudentRoom,https://www.thestudentroom.co.uk,https://www.thestudentroom.co.uk/member.php?username=_MadMarc,Available,200
_MadMarc,Packagist,https://packagist.org/,https://packagist.org/packages/_MadMarc/,Available,302
_MadMarc,Freesound,https://freesound.org/,https://freesound.org/people/_MadMarc/,Available,404
_MadMarc,TheSimsResource,https://www.thesimsresource.com/,https://www.thesimsresource.com/members/_MadMarc/,Available,302
_MadMarc,interpals,https://www.interpals.net/,https://www.interpals.net/_MadMarc,Available,200
_MadMarc,Edocr,https://www.edocr.com,https://www.edocr.com/user/_MadMarc/,Available,404
_MadMarc,N4g,https://n4g.com/,https://n4g.com/user/home/_MadMarc,Available,404
_MadMarc,Pbase,https://pbase.com/,https://pbase.com/_MadMarc/profile,Available,200
_MadMarc,Smule,https://www.smule.com/,https://www.smule.com/_MadMarc,Available,200
_MadMarc,forums.visual-paradigm.com,https://forums.visual-paradigm.com,https://forums.visual-paradigm.com/u/_MadMarc/summary,Available,404
_MadMarc,Empflix,https://www.empflix.com,https://www.empflix.com/profile/_MadMarc/,Available,301
_MadMarc,discourse.jupyter.org,https://discourse.jupyter.org,https://discourse.jupyter.org/u/_MadMarc/summary,Available,404
_MadMarc,HackerOne,https://hackerone.com/,https://hackerone.com/_MadMarc,Available,404
_MadMarc,TVTropes,https://tvtropes.org,https://tvtropes.org/pmwiki/pmwiki.php/Tropers/_MadMarc,Available,404
_MadMarc,Picarto,https://ptvintern.picarto.tv,https://ptvintern.picarto.tv/metadescription/_MadMarc,Available,200
_MadMarc,TheOdysseyOnline,https://www.theodysseyonline.com,https://www.theodysseyonline.com/user/@_MadMarc,Available,404
_MadMarc,Advego,https://advego.com/,https://advego.com/profile/_MadMarc/author/,Available,404
_MadMarc,Neoseeker,https://www.neoseeker.com,https://www.neoseeker.com/members/_MadMarc/,Unknown,403
_MadMarc,Influenster,https://www.influenster.com/,https://www.influenster.com/_MadMarc,Unknown,403
_MadMarc,3ddd,https://3ddd.ru,https://3ddd.ru/users/_MadMarc,Available,404
_MadMarc,Speakerdeck,https://speakerdeck.com,https://speakerdeck.com/_MadMarc,Available,404
_MadMarc,forum.snapcraft.io,https://forum.snapcraft.io,https://forum.snapcraft.io/u/_MadMarc/summary,Available,404
_MadMarc,discussion.squadhelp.com,https://discussion.squadhelp.com,https://discussion.squadhelp.com/u/_MadMarc/summary,Unknown,403
_MadMarc,allmylinks,https://allmylinks.com/,https://allmylinks.com/_MadMarc,Available,404
_MadMarc,Slides,https://slides.com/,https://slides.com/_MadMarc,Available,404
_MadMarc,MoneySavingExpert,https://forums.moneysavingexpert.com,https://forums.moneysavingexpert.com/profile/_MadMarc,Available,404
_MadMarc,NPM,https://www.npmjs.com/,https://www.npmjs.com/~_MadMarc,Available,404
_MadMarc,4x4.tomsk.ru,http://4x4.tomsk.ru,http://4x4.tomsk.ru/search.php?author=_MadMarc,Available,200
_MadMarc,Metal-archives,https://www.metal-archives.com,https://www.metal-archives.com/users/_MadMarc,Available,404
_MadMarc,profi.ru,https://profi.ru,https://profi.ru/profile/_MadMarc/,Available,404
_MadMarc,Giantbomb,https://www.giantbomb.com,https://www.giantbomb.com/profile/_MadMarc,Available,404
_MadMarc,Krstarica,https://forum.krstarica.com,https://forum.krstarica.com/members/?username=_MadMarc,Available,200
_MadMarc,Pixwox,https://www.pixwox.com,https://www.pixwox.com/profile/_MadMarc/,Claimed,200
_MadMarc,smart-lab.ru,https://smart-lab.ru/,https://smart-lab.ru/profile/_MadMarc/,Available,404
_MadMarc,forums.indiegala.com,https://forums.indiegala.com,https://forums.indiegala.com/members/?username=_MadMarc,Available,200
_MadMarc,Niftygateway,https://api.niftygateway.com,https://niftygateway.com/profile/_MadMarc,Available,400
_MadMarc,Namepros,https://www.namepros.com/,https://www.namepros.com/members/?username=_MadMarc,Available,200
_MadMarc,Hotcopper,https://hotcopper.com.au,https://hotcopper.com.au/search/search?type=post&users=_MadMarc,Available,200
_MadMarc,LiveInternet,https://www.liveinternet.ru,https://www.liveinternet.ru/users/_MadMarc/profile,Available,200
_MadMarc,Voices,https://www.voices.com/,https://www.voices.com/actors/_MadMarc,Unknown,403
_MadMarc,getmyuni,https://getmyuni.com/,https://www.getmyuni.com/user/_MadMarc,Available,404
_MadMarc,Diary.ru,https://diary.ru,https://_MadMarc.diary.ru/,Unknown,500
_MadMarc,mama.tomsk.ru,https://mama.tomsk.ru/forums,https://mama.tomsk.ru/forums/search.php?author=_MadMarc,Available,404
_MadMarc,dlive.tv,https://dlive.tv,https://dlive.tv/_MadMarc,Available,200
_MadMarc,Armorgames,https://armorgames.com,https://armorgames.com/user/_MadMarc,Available,302
_MadMarc,7dach,https://7dach.ru/,https://7dach.ru/profile/_MadMarc,Available,404
_MadMarc,nightbot,https://nightbot.tv/,https://nightbot.tv/t/_MadMarc/commands,Available,404
_MadMarc,Kinja,https://kinja.com,https://kinja.com/_MadMarc,Available,404
_MadMarc,forums.destructoid.com,https://forums.destructoid.com,https://forums.destructoid.com/members/?username=_MadMarc,Available,200
_MadMarc,Fanpop,https://www.fanpop.com/,https://www.fanpop.com/fans/_MadMarc,Available,404
_MadMarc,Jimdo,https://jimdosite.com/,https://_MadMarc.jimdosite.com,Unknown,403
_MadMarc,Mobypicture,http://www.mobypicture.com,http://www.mobypicture.com/user/_MadMarc,Available,404
_MadMarc,Contently,https://contently.com/,https://_MadMarc.contently.com/,Available,200
_MadMarc,Coderwall,https://coderwall.com/,https://coderwall.com/_MadMarc,Available,404
_MadMarc,B17,https://www.b17.ru/,https://www.b17.ru/_MadMarc,Unknown,503
_MadMarc,BikeRadar,https://forum.bikeradar.com,https://forum.bikeradar.com/profile/_MadMarc,Available,404
_MadMarc,easyen,https://easyen.ru,https://easyen.ru/index/8-0-_MadMarc,Available,200
_MadMarc,Fodors,https://www.fodors.com,https://www.fodors.com/community/profile/_MadMarc/forum-activity,Available,302
_MadMarc,forums.steinberg.net,https://forums.steinberg.net,https://forums.steinberg.net/u/_MadMarc/summary,Available,404
_MadMarc,MirTesen,https://mirtesen.ru,https://mirtesen.ru/people/_MadMarc/profile,Available,200
_MadMarc,Iphones.ru,https://www.iphones.ru,https://www.iphones.ru/iNotes/author/_MadMarc?profile=1,Available,404
_MadMarc,lnk.bio,https://lnk.bio,https://lnk.bio/_MadMarc,Available,200
_MadMarc,Vgtimes,https://vgtimes.ru,https://vgtimes.ru/user/_MadMarc,Available,404
_MadMarc,Blu-ray,https://forum.blu-ray.com/,https://forum.blu-ray.com/member.php?username=_MadMarc,Available,200
_MadMarc,Soup,https://soup.io,https://www.soup.io/author/_MadMarc,Available,301
_MadMarc,TrueAchievements,https://www.trueachievements.com,https://www.trueachievements.com/gamer/_MadMarc,Available,404
_MadMarc,akniga,https://akniga.org/,https://akniga.org/profile/_MadMarc,Available,404
_MadMarc,forum.ykt.ru,https://forum.ykt.ru,https://forum.ykt.ru/viewprofile.jsp?forum_id=11&user=_MadMarc,Available,302
_MadMarc,couchsurfing,https://www.couchsurfing.com/,https://www.couchsurfing.com/people/_MadMarc,Available,404
_MadMarc,forum.nameberry.com,https://forum.nameberry.com,https://forum.nameberry.com/u/_MadMarc/summary,Unknown,403
_MadMarc,Codewars,https://www.codewars.com,https://www.codewars.com/users/_MadMarc,Available,404
_MadMarc,forums.drom.ru,https://www.forumsdrom.ru/,https://www.forumsdrom.ru/member.php?username=_MadMarc,Available,200
_MadMarc,MyMiniFactory,https://www.myminifactory.com/,https://www.myminifactory.com/users/_MadMarc,Available,404
_MadMarc,Aptoide,https://en.aptoide.com/,https://_MadMarc.en.aptoide.com/,Available,404
_MadMarc,forum.ghost.org,https://forum.ghost.org,https://forum.ghost.org/u/_MadMarc/summary,Available,404
_MadMarc,hi5,http://www.hi5.com,http://www.hi5.com/_MadMarc,Available,200
_MadMarc,Hackster,https://www.hackster.io,https://www.hackster.io/_MadMarc,Unknown,403
_MadMarc,donorbox,https://donorbox.org,https://donorbox.org/_MadMarc,Available,404
_MadMarc,Teletype,https://teletype.in,https://teletype.in/@_MadMarc,Available,404
_MadMarc,Vgtimes/Games,https://vgtimes.ru,https://vgtimes.ru/games/_MadMarc/forum/,Available,404
_MadMarc,mel.fm,https://mel.fm,https://mel.fm/blog/_MadMarc,Available,404
_MadMarc,Hackerearth,https://www.hackerearth.com,https://www.hackerearth.com/@_MadMarc,Available,200
_MadMarc,EuroFootball,https://www.euro-football.ru,https://www.euro-football.ru/user/_MadMarc,Available,302
_MadMarc,DigitalPoint,https://www.digitalpoint.com,https://www.digitalpoint.com/members/?username=_MadMarc,Available,200
_MadMarc,GameRevolution,https://forums.gamerevolution.com,https://forums.gamerevolution.com/members/?username=_MadMarc,Available,200
_MadMarc,xenforo.com,https://xenforo.com/community/,https://xenforo.com/community/members/?username=_MadMarc,Available,200
_MadMarc,discuss.hashicorp.com,https://discuss.hashicorp.com,https://discuss.hashicorp.com/u/_MadMarc/summary,Available,404
_MadMarc,ForumHouse,https://www.forumhouse.ru/,https://www.forumhouse.ru/members/?username=_MadMarc,Available,200
_MadMarc,Artsy,https://www.artsy.net,https://www.artsy.net/artist/_MadMarc,Available,404
_MadMarc,E621,https://e621.net,https://e621.net/users/_MadMarc,Available,404
_MadMarc,Physicsforums,https://www.physicsforums.com,https://www.physicsforums.com/members/?username=_MadMarc,Available,200
_MadMarc,spletnik,https://spletnik.ru/,https://spletnik.ru/user/_MadMarc,Available,404
_MadMarc,igromania,http://forum.igromania.ru/,http://forum.igromania.ru/member.php?username=_MadMarc,Available,200
_MadMarc,Etxt,https://www.etxt.ru,https://www.etxt.ru/_MadMarc.html,Available,404
_MadMarc,forum.shotcut.org,https://forum.shotcut.org,https://forum.shotcut.org/u/_MadMarc/summary,Available,404
_MadMarc,Cent,https://cent.co/,https://beta.cent.co/@_MadMarc,Available,200
_MadMarc,GBAtemp.net,https://gbatemp.net/,https://gbatemp.net/members/?username=_MadMarc,Available,200
_MadMarc,PushSquare,http://www.pushsquare.com,http://www.pushsquare.com/users/_MadMarc,Available,404
_MadMarc,MoscowFlamp,https://moscow.flamp.ru/,https://moscow.flamp.ru/_MadMarc,Available,404
_MadMarc,DonationsAlerts,https://www.donationalerts.com/,https://www.donationalerts.com/r/_MadMarc,Available,404
_MadMarc,GuruShots,https://gurushots.com/,https://gurushots.com/_MadMarc/photos,Available,200
_MadMarc,forum.inaturalist.org,https://forum.inaturalist.org,https://forum.inaturalist.org/u/_MadMarc/summary,Available,404
_MadMarc,Sbazar.cz,https://www.sbazar.cz/,https://www.sbazar.cz/_MadMarc,Available,404
_MadMarc,TryHackMe,https://tryhackme.com/,https://tryhackme.com/p/_MadMarc,Available,200
_MadMarc,Myinstants,https://www.myinstants.com,https://www.myinstants.com/profile/_MadMarc/,Available,404
_MadMarc,Untappd,https://untappd.com,https://untappd.com/user/_MadMarc,Available,404
_MadMarc,designspiration.com,https://designspiration.com,https://designspiration.com/_MadMarc/,Available,404
_MadMarc,forum.scssoft.com,https://forum.scssoft.com,https://forum.scssoft.com/search.php?author=_MadMarc,Available,200
_MadMarc,sparkpeople,https://www.sparkpeople.com,https://www.sparkpeople.com/mypage.asp?id=_MadMarc,Available,404
_MadMarc,Forumophilia,https://www.forumophilia.com,https://www.forumophilia.com/profile.php?mode=viewprofile&u=_MadMarc,Available,200
_MadMarc,Oper,https://www.oper.ru/,https://www.oper.ru/visitors/info.php?t=_MadMarc,Available,200
_MadMarc,ESET,https://forum.esetnod32.ru,https://forum.esetnod32.ru/user/_MadMarc/,Available,404
_MadMarc,teamtreehouse.com,https://teamtreehouse.com,https://teamtreehouse.com/profiles/_MadMarc,Available,429
_MadMarc,23hq,http://www.23hq.com,http://www.23hq.com/_MadMarc,Unknown,503
_MadMarc,Uchportal,https://www.uchportal.ru,https://www.uchportal.ru/index/8-0-_MadMarc,Available,200
_MadMarc,Ariva,https://www.ariva.de/,https://www.ariva.de/profil/_MadMarc,Available,404
_MadMarc,BabyBlog.ru,https://www.babyblog.ru/,https://www.babyblog.ru/user/_MadMarc,Available,301
_MadMarc,Dumpor,https://dumpor.com,https://dumpor.com/v/_MadMarc,Available,200
_MadMarc,SevenForums,https://www.sevenforums.com,https://www.sevenforums.com/member.php?username=_MadMarc,Unknown,403
_MadMarc,NN.RU,https://www.nn.ru/,https://_MadMarc.www.nn.ru/,Available,404
_MadMarc,WordPress,https://wordpress.com,,Illegal,
_MadMarc,Launchpad,https://launchpad.net/,https://launchpad.net/~_MadMarc,Available,404
_MadMarc,YandexZenChannel,https://dzen.ru,https://dzen.ru/channel/_MadMarc,Available,404
_MadMarc,hunting.karelia.ru,http://hunting.karelia.ru,http://hunting.karelia.ru/search.php?author=_MadMarc,Available,200
_MadMarc,Psychologies.ru,http://www.psychologies.ru,http://www.psychologies.ru/personal/_MadMarc,Available,404
_MadMarc,forums.digitalpoint.com,https://forums.digitalpoint.com/,https://forums.digitalpoint.com/members/?username=_MadMarc,Available,200
_MadMarc,Brusheezy,https://www.brusheezy.com,https://www.brusheezy.com/members/_MadMarc,Available,200
_MadMarc,community.sweatco.in,https://community.sweatco.in,https://community.sweatco.in/u/_MadMarc/summary,Available,200
_MadMarc,TRASHBOX.RU,https://trashbox.ru/,https://trashbox.ru/users/_MadMarc,Available,404
_MadMarc,codeforces.com,http://codeforces.com,http://codeforces.com/profile/_MadMarc,Available,200
_MadMarc,geocaching,https://www.geocaching.com/,https://www.geocaching.com/profile/?u=_MadMarc,Available,404
_MadMarc,community.adobe.com,https://community.adobe.com,https://community.adobe.com/t5/forums/searchpage/tab/user?q=_MadMarc,Available,200
_MadMarc,fixya,https://www.fixya.com,https://www.fixya.com/users/_MadMarc,Available,404
_MadMarc,IFTTT,https://www.ifttt.com/,,Illegal,
_MadMarc,AppleDeveloper,https://developer.apple.com/forums,https://developer.apple.com/forums/profile/_MadMarc,Available,404
_MadMarc,Eksisozluk,https://eksisozluk.com,https://eksisozluk.com/biri/_MadMarc,Available,404
_MadMarc,forum.wordreference.com,https://forum.wordreference.com,https://forum.wordreference.com/members/?username=_MadMarc,Available,200
_MadMarc,Wikipedia,https://www.wikipedia.org/,https://www.wikipedia.org/wiki/User:_MadMarc,Available,404
_MadMarc,Envato,https://forums.envato.com,https://forums.envato.com/u/_MadMarc/summary,Available,404
_MadMarc,opensea.io,https://opensea.io,https://opensea.io/accounts/_MadMarc,Available,404
_MadMarc,CloudflareCommunity,https://community.cloudflare.com/,https://community.cloudflare.com/u/_MadMarc/summary,Unknown,403
_MadMarc,YandexMusic,https://music.yandex.ru/,https://music.yandex.ru/users/_MadMarc/playlists,Available,404
_MadMarc,community.brave.com,https://community.brave.com,https://community.brave.com/u/_MadMarc/summary,Available,404
_MadMarc,ResearchGate,https://www.researchgate.net/,,Illegal,
_MadMarc,xHamster,https://xhamster.com,https://xhamster.com/users/_MadMarc,Available,404
_MadMarc,Newgrounds,https://newgrounds.com,https://_MadMarc.newgrounds.com,Available,404
_MadMarc,AnimeNewsNetwork,https://www.animenewsnetwork.com,https://www.animenewsnetwork.com/bbs/phpBB2/profile.php?mode=viewprofile&u=_MadMarc,Unknown,504
_MadMarc,Tanks,,,Unknown,0
_MadMarc,PerfectWorld,,,Unknown,0
_MadMarc,PerfectWorldForum,,,Unknown,0
_MadMarc,Warface,,,Unknown,0
_MadMarc,Flickr,,,Unknown,0
_MadMarc,Otzovik,https://otzovik.com/,https://otzovik.com/profile/_MadMarc,Unknown,0
_MadMarc,Zoomir.ir,https://www.zoomit.ir,https://www.zoomit.ir/user/_MadMarc,Unknown,0
_MadMarc,HackerNews,https://news.ycombinator.com/,https://news.ycombinator.com/user?id=_MadMarc,Unknown,0
_MadMarc,forum.openoffice.org,https://forum.openoffice.org/en/forum,https://forum.openoffice.org/en/forum/search.php?author=_MadMarc,Unknown,0
_MadMarc,giters.com,https://giters.com,https://giters.com/_MadMarc,Unknown,0
