username,name,url_main,url_user,exists,http_status
AndyKaz_Brave,TradingView,https://www.tradingview.com/,https://www.tradingview.com/u/AndyKaz_Brave,Unknown,403
AndyKaz_Brave,Figma,https://www.figma.com/,https://www.figma.com/@AndyKaz_Brave,Unknown,403
AndyKaz_Brave,OP.GG [LeagueOfLegends] Oceania,https://www.op.gg/,https://www.op.gg/summoners/search?q=AndyKaz_Brave&region=oce,Available,429
AndyKaz_Brave,OP.GG [LeagueOfLegends] North America,https://www.op.gg/,https://www.op.gg/summoners/search?q=AndyKaz_Brave&region=na,Available,429
AndyKaz_Brave,OP.GG [LeagueOfLegends] Europe Nordic & East,https://www.op.gg/,https://www.op.gg/summoners/search?q=AndyKaz_Brave&region=eune,Available,429
AndyKaz_Brave,OP.GG [LeagueOfLegends] Turkey,https://www.op.gg/,https://www.op.gg/summoners/search?q=AndyKaz_Brave&region=tr,Available,429
AndyKaz_Brave,OP.GG [LeagueOfLegends] LAS,https://www.op.gg/,https://www.op.gg/summoners/search?q=AndyKaz_Brave&region=las,Available,429
AndyKaz_Brave,OP.GG [LeagueOfLegends] Brazil,https://www.op.gg/,https://www.op.gg/summoners/search?q=AndyKaz_Brave&region=br,Available,429
AndyKaz_Brave,OP.GG [LeagueOfLegends] Russia,https://www.op.gg/,https://www.op.gg/summoners/search?q=AndyKaz_Brave&region=ru,Available,429
AndyKaz_Brave,OP.GG [LeagueOfLegends] LAN,https://www.op.gg/,https://www.op.gg/summoners/search?q=AndyKaz_Brave&region=lan,Available,429
AndyKaz_Brave,OP.GG [LeagueOfLegends] Korea,https://www.op.gg/,https://www.op.gg/summoners/search?q=AndyKaz_Brave&region=kr,Available,429
AndyKaz_Brave,OP.GG [LeagueOfLegends] Europe West,https://www.op.gg/,https://www.op.gg/summoners/search?q=AndyKaz_Brave&region=euw,Available,429
AndyKaz_Brave,OP.GG [LeagueOfLegends] Middle East,https://www.op.gg/,https://www.op.gg/summoners/search?q=AndyKaz_Brave&region=me,Available,429
AndyKaz_Brave,Freepik,https://www.freepik.com,https://www.freepik.com/AndyKaz_Brave,Unknown,403
AndyKaz_Brave,OP.GG [LeagueOfLegends] Japan,https://www.op.gg/,https://www.op.gg/summoners/search?q=AndyKaz_Brave&region=jp,Available,429
AndyKaz_Brave,OP.GG [LeagueOfLegends] Vietnam,https://www.op.gg/,https://www.op.gg/summoners/search?q=AndyKaz_Brave&region=vn,Available,429
AndyKaz_Brave,OP.GG [LeagueOfLegends] Thailand,https://www.op.gg/,https://www.op.gg/summoners/search?q=AndyKaz_Brave&region=th,Available,429
AndyKaz_Brave,OP.GG [LeagueOfLegends] Taiwan,https://www.op.gg/,https://www.op.gg/summoners/search?q=AndyKaz_Brave&region=tw,Available,429
AndyKaz_Brave,OP.GG [LeagueOfLegends] Phillippines,https://www.op.gg/,https://www.op.gg/summoners/search?q=AndyKaz_Brave&region=ph,Available,429
AndyKaz_Brave,OP.GG [LeagueOfLegends] Singapore,https://www.op.gg/,https://www.op.gg/summoners/search?q=AndyKaz_Brave&region=sg,Available,429
AndyKaz_Brave,GitHub,https://www.github.com/,,Illegal,
AndyKaz_Brave,Etsy,https://www.etsy.com/,https://www.etsy.com/shop/AndyKaz_Brave,Unknown,403
AndyKaz_Brave,Shutterstock,https://www.shutterstock.com,https://www.shutterstock.com/g/AndyKaz_Brave/about,Unknown,403
AndyKaz_Brave,linktr.ee,https://linktr.ee,https://linktr.ee/AndyKaz_Brave,Available,406
AndyKaz_Brave,YouTube,https://www.youtube.com/,https://www.youtube.com/@AndyKaz_Brave,Available,404
AndyKaz_Brave,YouTube User,https://www.youtube.com/,https://www.youtube.com/@AndyKaz_Brave,Available,404
AndyKaz_Brave,ResearchGate,https://www.researchgate.net/,https://www.researchgate.net/profile/AndyKaz_Brave,Unknown,403
AndyKaz_Brave,WordPress,https://wordpress.com,https://AndyKaz_Brave.wordpress.com/,Available,400
AndyKaz_Brave,Twitch,https://www.twitch.tv/,https://twitchtracker.com/AndyKaz_Brave,Unknown,403
AndyKaz_Brave,Udemy,https://www.udemy.com,https://www.udemy.com/user/AndyKaz_Brave/,Unknown,403
AndyKaz_Brave,upwork.com,https://upwork.com,https://upwork.com/fl/AndyKaz_Brave,Unknown,403
AndyKaz_Brave,Twitter,https://www.twitter.com/,https://twitter.com/AndyKaz_Brave,Unknown,403
AndyKaz_Brave,GooglePlayStore,https://play.google.com/store,https://play.google.com/store/apps/developer?id=AndyKaz_Brave,Available,404
AndyKaz_Brave,Trello,https://trello.com/,https://trello.com/AndyKaz_Brave,Available,404
AndyKaz_Brave,Scribd,https://www.scribd.com/,https://www.scribd.com/AndyKaz_Brave,Available,404
AndyKaz_Brave,Ameblo,https://ameblo.jp,https://ameblo.jp/AndyKaz_Brave,Available,404
AndyKaz_Brave,StackOverflow,https://stackoverflow.com,https://stackoverflow.com/users/filter?search=AndyKaz_Brave,Available,200
AndyKaz_Brave,Quora,https://www.quora.com/,https://www.quora.com/profile/AndyKaz_Brave,Available,301
AndyKaz_Brave,Kickstarter,https://www.kickstarter.com,https://www.kickstarter.com/profile/AndyKaz_Brave,Unknown,403
AndyKaz_Brave,GitHubGist,https://gist.github.com,https://gist.github.com/AndyKaz_Brave,Available,404
AndyKaz_Brave,SourceForge,https://sourceforge.net/,https://sourceforge.net/u/AndyKaz_Brave/profile,Unknown,403
AndyKaz_Brave,Vimeo,https://vimeo.com,https://vimeo.com/AndyKaz_Brave,Available,404
AndyKaz_Brave,Wix,https://wix.com/,https://AndyKaz_Brave.wix.com,Available,404
AndyKaz_Brave,Fiverr,https://www.fiverr.com/,https://www.fiverr.com/AndyKaz_Brave,Unknown,403
AndyKaz_Brave,Behance,https://www.behance.net/,https://www.behance.net/AndyKaz_Brave,Available,404
AndyKaz_Brave,Facebook,https://www.facebook.com/,https://www.facebook.com/AndyKaz_Brave,Available,200
AndyKaz_Brave,Mozilla Support,https://support.mozilla.org,https://support.mozilla.org/en-US/user/AndyKaz_Brave/,Available,404
AndyKaz_Brave,Academia.edu,https://www.academia.edu/,https://independent.academia.edu/AndyKaz_Brave,Available,404
AndyKaz_Brave,Slack,https://slack.com,https://AndyKaz_Brave.slack.com,Available,404
AndyKaz_Brave,Chess,https://www.chess.com,https://www.chess.com/member/AndyKaz_Brave,Available,404
AndyKaz_Brave,GoodReads,https://www.goodreads.com/,https://www.goodreads.com/AndyKaz_Brave,Available,404
AndyKaz_Brave,Naver,https://naver.com,https://blog.naver.com/AndyKaz_Brave,Available,404
AndyKaz_Brave,FandomCommunityCentral,https://community.fandom.com,https://community.fandom.com/wiki/User:AndyKaz_Brave,Available,404
AndyKaz_Brave,DailyMotion,https://www.dailymotion.com,https://www.dailymotion.com/AndyKaz_Brave,Available,404
AndyKaz_Brave,Battleraprus,https://battleraprus.fandom.com/ru,https://battleraprus.fandom.com/ru/wiki/%D0%A3%D1%87%D0%B0%D1%81%D1%82%D0%BD%D0%B8%D0%BA:AndyKaz_Brave,Available,404
AndyKaz_Brave,Unsplash,https://unsplash.com/,https://unsplash.com/@AndyKaz_Brave,Available,404
AndyKaz_Brave,Freelancer.com,https://www.freelancer.com/,https://www.freelancer.com/api/users/0.1/users?usernames%5B%5D=AndyKaz_Brave&compact=true,Available,200
AndyKaz_Brave,Weebly,http://weebly.com,,Illegal,
AndyKaz_Brave,Armchairgm,https://armchairgm.fandom.com/,https://armchairgm.fandom.com/wiki/User:AndyKaz_Brave,Available,404
AndyKaz_Brave,Steam (Group),https://steamcommunity.com/,https://steamcommunity.com/groups/AndyKaz_Brave,Available,200
AndyKaz_Brave,BleachFandom,https://bleach.fandom.com/ru,https://bleach.fandom.com/ru/wiki/%D0%A3%D1%87%D0%B0%D1%81%D1%82%D0%BD%D0%B8%D0%BA:AndyKaz_Brave,Available,404
AndyKaz_Brave,Patreon,https://www.patreon.com/,https://www.patreon.com/AndyKaz_Brave,Available,404
AndyKaz_Brave,Disqus,https://disqus.com/,https://disqus.com/AndyKaz_Brave,Available,400
AndyKaz_Brave,Steam,https://steamcommunity.com/,https://steamcommunity.com/id/AndyKaz_Brave,Available,200
AndyKaz_Brave,Issuu,https://issuu.com/,https://issuu.com/AndyKaz_Brave,Available,404
AndyKaz_Brave,giphy.com,https://giphy.com,https://giphy.com/channel/AndyKaz_Brave,Available,404
AndyKaz_Brave,SoundCloud,https://soundcloud.com/,https://soundcloud.com/AndyKaz_Brave,Available,404
AndyKaz_Brave,iStock,https://www.istockphoto.com,https://www.istockphoto.com/ru/portfolio/AndyKaz_Brave,Available,200
AndyKaz_Brave,Tumblr,https://www.tumblr.com,https://www.tumblr.com/AndyKaz_Brave,Available,404
AndyKaz_Brave,CNET,https://www.cnet.com,https://www.cnet.com/profiles/AndyKaz_Brave/,Available,404
AndyKaz_Brave,mercadolivre,https://www.mercadolivre.com.br,https://www.mercadolivre.com.br/perfil/AndyKaz_Brave,Available,404
AndyKaz_Brave,Rutracker,https://rutracker.org/,https://rutracker.org/forum/profile.php?mode=viewprofile&u=AndyKaz_Brave,Available,200
AndyKaz_Brave,calendly.com,https://calendly.com,https://calendly.com/AndyKaz_Brave/15min,Available,404
AndyKaz_Brave,BuzzFeed,https://buzzfeed.com/,https://buzzfeed.com/AndyKaz_Brave,Available,404
AndyKaz_Brave,Discogs,https://www.discogs.com/,https://www.discogs.com/user/AndyKaz_Brave,Unknown,403
AndyKaz_Brave,Dreamstime,https://www.dreamstime.com,https://www.dreamstime.com/AndyKaz_Brave_info,Unknown,403
AndyKaz_Brave,CloudflareCommunity,https://community.cloudflare.com/,https://community.cloudflare.com/u/AndyKaz_Brave/summary,Unknown,403
AndyKaz_Brave,Gamefaqs,https://gamefaqs.gamespot.com,https://gamefaqs.gamespot.com/community/AndyKaz_Brave,Available,404
AndyKaz_Brave,Ebay,https://www.ebay.com/,https://www.ebay.com/usr/AndyKaz_Brave,Unknown,200
AndyKaz_Brave,Nairaland Forum,https://www.nairaland.com/,https://www.nairaland.com/AndyKaz_Brave,Unknown,403
AndyKaz_Brave,Livejasmin,https://www.livejasmin.com/,https://www.livejasmin.com/en/girls/#!chat/AndyKaz_Brave,Available,200
AndyKaz_Brave,Fandom,https://www.fandom.com/,https://www.fandom.com/u/AndyKaz_Brave,Available,404
AndyKaz_Brave,discourse.mozilla.org,https://discourse.mozilla.org,https://discourse.mozilla.org/u/AndyKaz_Brave/summary,Available,404
AndyKaz_Brave,TikTok,https://www.tiktok.com/,https://www.tiktok.com/@AndyKaz_Brave,Available,200
AndyKaz_Brave,1337x,https://1337x.to,https://1337x.to/user/AndyKaz_Brave/,Available,200
AndyKaz_Brave,Genius,https://genius.com/,https://genius.com/AndyKaz_Brave,Available,404
AndyKaz_Brave,Telegram,https://t.me/,https://t.me/AndyKaz_Brave,Available,200
AndyKaz_Brave,BongaCams,https://sbongacams.com,https://bongacams.com/profile/AndyKaz_Brave,Available,404
AndyKaz_Brave,Imgur,https://imgur.com,https://imgur.com/user/AndyKaz_Brave,Available,404
AndyKaz_Brave,TheVerge,https://www.theverge.com,https://www.theverge.com/users/AndyKaz_Brave,Available,410
AndyKaz_Brave,ThemeForest,https://themeforest.net,https://themeforest.net/user/AndyKaz_Brave,Available,404
AndyKaz_Brave,Artstation,https://www.artstation.com,https://www.artstation.com/AndyKaz_Brave,Unknown,403
AndyKaz_Brave,community.brave.com,https://community.brave.com,https://community.brave.com/u/AndyKaz_Brave/summary,Available,404
AndyKaz_Brave,Gamespot,https://www.gamespot.com/,https://www.gamespot.com/profile/AndyKaz_Brave/,Available,404
AndyKaz_Brave,TripAdvisor,https://tripadvisor.com/,https://tripadvisor.com/members/AndyKaz_Brave,Available,404
AndyKaz_Brave,SlideShare,https://www.slideshare.net,https://www.slideshare.net/AndyKaz_Brave,Available,200
AndyKaz_Brave,Wattpad,https://www.wattpad.com/,https://www.wattpad.com/user/AndyKaz_Brave,Available,404
AndyKaz_Brave,Scratch,https://scratch.mit.edu/,https://scratch.mit.edu/users/AndyKaz_Brave,Available,404
AndyKaz_Brave,AppleDiscussions,https://discussions.apple.com/,https://discussions.apple.com/profile/AndyKaz_Brave,Unknown,403
AndyKaz_Brave,OK,https://ok.ru/,https://ok.ru/AndyKaz_Brave,Available,404
AndyKaz_Brave,MyFitnessPal,https://www.myfitnesspal.com/,https://www.myfitnesspal.com/profile/AndyKaz_Brave,Unknown,403
AndyKaz_Brave,Duolingo,https://duolingo.com/,https://www.duolingo.com/profile/AndyKaz_Brave,Available,200
AndyKaz_Brave,WordPressOrg,https://wordpress.org/,https://profiles.wordpress.org/AndyKaz_Brave/,Available,404
AndyKaz_Brave,forum.wordreference.com,https://forum.wordreference.com,https://forum.wordreference.com/members/?username=AndyKaz_Brave,Available,200
AndyKaz_Brave,Rottentomatoes,https://www.rottentomatoes.com,https://www.rottentomatoes.com/critic/AndyKaz_Brave/movies,Available,404
AndyKaz_Brave,VK,https://vk.com/,https://vk.com/AndyKaz_Brave,Available,404
AndyKaz_Brave,Envato,https://forums.envato.com,https://forums.envato.com/u/AndyKaz_Brave/summary,Available,404
AndyKaz_Brave,SoftwareInformer,https://users.software.informer.com,https://users.software.informer.com/AndyKaz_Brave/,Available,301
AndyKaz_Brave,Toster,https://qna.habr.com/,https://qna.habr.com/user/AndyKaz_Brave,Available,404
AndyKaz_Brave,Freelance.habr,https://freelance.habr.com/,https://freelance.habr.com/freelancers/AndyKaz_Brave,Available,410
AndyKaz_Brave,AllRecipes,https://www.allrecipes.com/,https://www.allrecipes.com/cook/AndyKaz_Brave,Available,404
AndyKaz_Brave,HabrCareer,https://career.habr.com/,https://career.habr.com/AndyKaz_Brave,Available,404
AndyKaz_Brave,Plurk,https://www.plurk.com/,https://www.plurk.com/AndyKaz_Brave,Available,200
AndyKaz_Brave,Ultimate-Guitar,https://ultimate-guitar.com/,https://ultimate-guitar.com/u/AndyKaz_Brave,Available,410
AndyKaz_Brave,community.simplilearn.com,https://community.simplilearn.com,https://community.simplilearn.com/members/?username=AndyKaz_Brave,Available,404
AndyKaz_Brave,AfreecaTV,http://bjapi.afreecatv.com,http://bjapi.afreecatv.com/api/AndyKaz_Brave/station,Unknown,515
AndyKaz_Brave,Codepen,https://codepen.io/,https://codepen.io/AndyKaz_Brave,Unknown,403
AndyKaz_Brave,opensea.io,https://opensea.io,https://opensea.io/accounts/AndyKaz_Brave,Available,404
AndyKaz_Brave,MyAnimeList,https://myanimelist.net/,https://myanimelist.net/profile/AndyKaz_Brave,Available,404
AndyKaz_Brave,Kaggle,https://www.kaggle.com/,https://www.kaggle.com/AndyKaz_Brave,Available,404
AndyKaz_Brave,ComicvineGamespot,https://comicvine.gamespot.com/,https://comicvine.gamespot.com/profile/AndyKaz_Brave,Available,404
AndyKaz_Brave,BodyBuilding,https://bodyspace.bodybuilding.com/,https://bodyspace.bodybuilding.com/AndyKaz_Brave,Available,302
AndyKaz_Brave,Blogger,https://www.blogger.com/,https://AndyKaz_Brave.blogspot.com,Available,404
AndyKaz_Brave,cyber.harvard.edu,https://cyber.harvard.edu,https://cyber.harvard.edu/people/AndyKaz_Brave,Available,404
AndyKaz_Brave,Aparat,https://www.aparat.com,https://www.aparat.com/AndyKaz_Brave,Available,404
AndyKaz_Brave,Wowhead,https://www.wowhead.com,https://www.wowhead.com/user=AndyKaz_Brave,Available,404
AndyKaz_Brave,Pinterest,https://www.pinterest.com/,https://www.pinterest.com/AndyKaz_Brave/,Available,200
AndyKaz_Brave,Zomato,https://www.zomato.com/,https://www.zomato.com/pl/AndyKaz_Brave/foodjourney,Available,404
AndyKaz_Brave,ChaturBate,https://chaturbate.com,https://chaturbate.com/AndyKaz_Brave,Available,404
AndyKaz_Brave,Pathofexile,https://ru.pathofexile.com,https://ru.pathofexile.com/account/view-profile/AndyKaz_Brave,Unknown,403
AndyKaz_Brave,DiscussPython,https://discuss.python.org/,https://discuss.python.org/u/AndyKaz_Brave/summary,Available,404
AndyKaz_Brave,community.adobe.com,https://community.adobe.com,https://community.adobe.com/t5/forums/searchpage/tab/user?q=AndyKaz_Brave,Available,200
AndyKaz_Brave,Wikipedia,https://www.wikipedia.org/,https://www.wikipedia.org/wiki/User:AndyKaz_Brave,Available,404
AndyKaz_Brave,Reddit,https://www.reddit.com/,https://www.reddit.com/user/AndyKaz_Brave,Available,200
AndyKaz_Brave,adblockplus.org,https://adblockplus.org,https://adblockplus.org/forum/search.php?keywords=&terms=all&author=AndyKaz_Brave,Available,200
AndyKaz_Brave,www.change.org,https://www.change.org,https://www.change.org/o/AndyKaz_Brave,Available,404
AndyKaz_Brave,Weibo,https://weibo.com,https://weibo.com/AndyKaz_Brave,Available,400
AndyKaz_Brave,Codecanyon,https://codecanyon.net,https://codecanyon.net/user/AndyKaz_Brave,Available,404
AndyKaz_Brave,Amazon,https://amazon.com,https://amazon.com/author/AndyKaz_Brave,Available,404
AndyKaz_Brave,Pikabu,https://pikabu.ru/,https://pikabu.ru/@AndyKaz_Brave,Available,404
AndyKaz_Brave,AppleDeveloper,https://developer.apple.com/forums,https://developer.apple.com/forums/profile/AndyKaz_Brave,Available,404
AndyKaz_Brave,Dribbble,https://dribbble.com/,https://dribbble.com/AndyKaz_Brave,Available,404
AndyKaz_Brave,123rf,https://ru.123rf.com,https://ru.123rf.com/profile_AndyKaz_Brave,Available,302
AndyKaz_Brave,YandexMusic,https://music.yandex.ru/,https://music.yandex.ru/users/AndyKaz_Brave/playlists,Available,404
AndyKaz_Brave,247sports,https://247sports.com,https://247sports.com/user/AndyKaz_Brave/,Available,404
AndyKaz_Brave,jsfiddle.net,https://jsfiddle.net,https://jsfiddle.net/user/AndyKaz_Brave/,Available,404
AndyKaz_Brave,Pastebin,https://pastebin.com/,https://pastebin.com/u/AndyKaz_Brave,Available,404
AndyKaz_Brave,Bit.ly,https://bit.ly,https://bit.ly/AndyKaz_Brave,Available,404
AndyKaz_Brave,drive2,https://www.drive2.ru/,https://www.drive2.ru/users/AndyKaz_Brave,Available,404
AndyKaz_Brave,Bandcamp,https://www.bandcamp.com/,https://www.bandcamp.com/AndyKaz_Brave,Available,404
AndyKaz_Brave,Myspace,https://myspace.com/,https://myspace.com/AndyKaz_Brave,Available,404
AndyKaz_Brave,500px,https://500px.com/,https://500px.com/p/AndyKaz_Brave,Unknown,200
AndyKaz_Brave,Habr,https://habr.com/,https://habr.com/ru/users/AndyKaz_Brave/,Available,404
AndyKaz_Brave,discuss.codecademy.com,https://discuss.codecademy.com,https://discuss.codecademy.com/u/AndyKaz_Brave/summary,Available,404
AndyKaz_Brave,CreativeMarket,https://creativemarket.com/,https://creativemarket.com/users/AndyKaz_Brave,Unknown,403
AndyKaz_Brave,Studfile,https://studfile.net,https://studfile.net/users/AndyKaz_Brave/,Available,404
AndyKaz_Brave,Gab,https://gab.com/,https://gab.com/AndyKaz_Brave,Available,404
AndyKaz_Brave,Tinder,https://tinder.com/,https://www.tinder.com/@AndyKaz_Brave,Available,200
AndyKaz_Brave,Gofundme,https://www.gofundme.com,https://www.gofundme.com/f/AndyKaz_Brave,Available,404
AndyKaz_Brave,Sbnation,https://www.sbnation.com,https://www.sbnation.com/users/AndyKaz_Brave,Available,404
AndyKaz_Brave,Itch.io,https://itch.io/,https://AndyKaz_Brave.itch.io/,Available,404
AndyKaz_Brave,Tom's guide,http://forums.tomsguide.com,http://forums.tomsguide.com/members/?username=AndyKaz_Brave,Available,200
AndyKaz_Brave,last.fm,https://last.fm/,https://last.fm/user/AndyKaz_Brave,Available,404
AndyKaz_Brave,PCGamer,https://pcgamer.com,https://forums.pcgamer.com/members/?username=AndyKaz_Brave,Available,200
AndyKaz_Brave,Polygon,https://www.polygon.com/,https://www.polygon.com/users/AndyKaz_Brave,Available,404
AndyKaz_Brave,DeviantART,https://deviantart.com,https://AndyKaz_Brave.deviantart.com,Available,404
AndyKaz_Brave,LiveJournal,https://www.livejournal.com/,https://AndyKaz_Brave.livejournal.com,Available,404
AndyKaz_Brave,Redbubble,https://www.redbubble.com/,https://www.redbubble.com/people/AndyKaz_Brave,Available,404
AndyKaz_Brave,Codecademy,https://www.codecademy.com/,https://www.codecademy.com/profiles/AndyKaz_Brave,Available,200
AndyKaz_Brave,sports.ru,https://www.sports.ru/,https://www.sports.ru/profile/AndyKaz_Brave/,Available,404
AndyKaz_Brave,PeopleIgn,https://people.ign.com/,https://people.ign.com/AndyKaz_Brave,Available,404
AndyKaz_Brave,Picuki,https://www.picuki.com/,https://www.picuki.com/profile/AndyKaz_Brave,Unknown,403
AndyKaz_Brave,amp.flipboard.com,https://amp.flipboard.com,https://amp.flipboard.com/@AndyKaz_Brave,Available,404
AndyKaz_Brave,TomsHardware,https://forums.tomshardware.com/,https://forums.tomshardware.com/members/?username=AndyKaz_Brave,Available,200
AndyKaz_Brave,Freecodecamp,https://www.freecodecamp.org/forum/,https://www.freecodecamp.org/forum/u/AndyKaz_Brave/summary,Available,404
AndyKaz_Brave,Revelation,https://rev.mail.ru,https://rev.mail.ru/forums/member.php?username=AndyKaz_Brave,Unknown,0
AndyKaz_Brave,YouPorn,https://youporn.com,https://youporn.com/uservids/AndyKaz_Brave,Available,404
AndyKaz_Brave,Ccm,https://ccm.net,https://ccm.net/profile/user/AndyKaz_Brave,Available,404
AndyKaz_Brave,forum.sketchfab.com,https://forum.sketchfab.com,https://forum.sketchfab.com/u/AndyKaz_Brave/summary,Available,200
AndyKaz_Brave,jeuxvideo,http://www.jeuxvideo.com,http://www.jeuxvideo.com/profil/AndyKaz_Brave?mode=infos,Available,404
AndyKaz_Brave,AskFM,https://ask.fm/,https://ask.fm/AndyKaz_Brave,Unknown,0
AndyKaz_Brave,Docker Hub,https://hub.docker.com/,https://hub.docker.com/u/AndyKaz_Brave/,Available,404
AndyKaz_Brave,Flightradar24,https://www.flightradar24.com/,https://my.flightradar24.com/AndyKaz_Brave,Available,404
AndyKaz_Brave,xHamster,https://xhamster.com,https://xhamster.com/users/AndyKaz_Brave,Available,404
AndyKaz_Brave,forums.sketchup.com,https://forums.sketchup.com,https://forums.sketchup.com/u/AndyKaz_Brave/summary,Available,404
AndyKaz_Brave,beacons.ai,https://beacons.ai,https://beacons.ai/AndyKaz_Brave,Unknown,403
AndyKaz_Brave,note,https://note.com/,https://note.com/AndyKaz_Brave,Available,404
AndyKaz_Brave,community.icons8.com,https://community.icons8.com,https://community.icons8.com/u/AndyKaz_Brave/summary,Available,404
AndyKaz_Brave,BoardGameGeek,https://boardgamegeek.com,https://boardgamegeek.com/user/AndyKaz_Brave,Available,200
AndyKaz_Brave,Redtube,https://ru.redtube.com/,https://ru.redtube.com/users/AndyKaz_Brave,Available,404
AndyKaz_Brave,djskt.lnk.to,https://djskt.lnk.to,https://djskt.lnk.to/AndyKaz_Brave,Available,404
AndyKaz_Brave,Roblox,https://www.roblox.com/,https://www.roblox.com/user.aspx?username=AndyKaz_Brave,Available,404
AndyKaz_Brave,Lichess,https://lichess.org,https://lichess.org/@/AndyKaz_Brave,Available,404
AndyKaz_Brave,AllTrails,https://www.alltrails.com/,https://www.alltrails.com/members/AndyKaz_Brave,Unknown,403
AndyKaz_Brave,Eporner,,https://www.eporner.com/profile/AndyKaz_Brave/,Available,404
AndyKaz_Brave,Muckrack,https://muckrack.com,https://muckrack.com/AndyKaz_Brave,Unknown,403
AndyKaz_Brave,BitBucket,https://bitbucket.org/,https://bitbucket.org/AndyKaz_Brave/,Available,404
AndyKaz_Brave,Letterboxd,https://letterboxd.com/,https://letterboxd.com/AndyKaz_Brave,Available,404
AndyKaz_Brave,99designs.com,https://99designs.com,https://99designs.com/profiles/AndyKaz_Brave,Available,404
AndyKaz_Brave,Wikidot,http://www.wikidot.com/,http://www.wikidot.com/user:info/AndyKaz_Brave,Available,200
AndyKaz_Brave,Cracked,https://www.cracked.com/,https://www.cracked.com/members/AndyKaz_Brave/,Available,301
AndyKaz_Brave,Thechive,https://thechive.com/,https://thechive.com/author/AndyKaz_Brave,Available,404
AndyKaz_Brave,Kaskus,https://www.kaskus.co.id,https://www.kaskus.co.id/@AndyKaz_Brave,Available,404
AndyKaz_Brave,Weforum,https://www.weforum.org,https://www.weforum.org/people/AndyKaz_Brave,Unknown,403
AndyKaz_Brave,forums.docker.com,https://forums.docker.com,https://forums.docker.com/u/AndyKaz_Brave/summary,Available,404
AndyKaz_Brave,Guru,https://www.guru.com,https://www.guru.com/freelancers/AndyKaz_Brave,Available,404
AndyKaz_Brave,osu!,https://osu.ppy.sh/,https://osu.ppy.sh/users/AndyKaz_Brave,Available,404
AndyKaz_Brave,Otzovik,https://otzovik.com/,https://otzovik.com/profile/AndyKaz_Brave,Available,404
AndyKaz_Brave,Pluralsight,https://app.pluralsight.com,https://app.pluralsight.com/profile/author/AndyKaz_Brave,Available,404
AndyKaz_Brave,ArchiveOfOurOwn,https://archiveofourown.org,https://archiveofourown.org/users/AndyKaz_Brave,Unknown,525
AndyKaz_Brave,DigitalOcean,https://www.digitalocean.com/,https://www.digitalocean.com/community/users/AndyKaz_Brave,Available,404
AndyKaz_Brave,Rajce.net,https://www.rajce.idnes.cz/,https://AndyKaz_Brave.rajce.idnes.cz/,Available,410
AndyKaz_Brave,GitLab,https://gitlab.com/,https://gitlab.com/AndyKaz_Brave,Available,200
AndyKaz_Brave,lyricstranslate.com,https://lyricstranslate.com,https://lyricstranslate.com/sco/translator/AndyKaz_Brave,Available,404
AndyKaz_Brave,HubPages,https://hubpages.com/,https://hubpages.com/@AndyKaz_Brave,Available,404
AndyKaz_Brave,9GAG,https://www.9gag.com/,https://www.9gag.com/u/AndyKaz_Brave,Available,404
AndyKaz_Brave,Eksisozluk,https://eksisozluk.com,https://eksisozluk.com/biri/AndyKaz_Brave,Available,404
AndyKaz_Brave,hackernoon.com,https://hackernoon.com,https://hackernoon.com/u/AndyKaz_Brave,Available,200
AndyKaz_Brave,Pornhub,https://pornhub.com/,https://pornhub.com/users/AndyKaz_Brave,Available,404
AndyKaz_Brave,{username}.tilda.ws,https://tilda.ws,https://AndyKaz_Brave.tilda.ws,Available,404
AndyKaz_Brave,angel.co,https://angel.co,https://angel.co/u/AndyKaz_Brave,Unknown,403
AndyKaz_Brave,MixCloud,https://www.mixcloud.com/,https://www.mixcloud.com/AndyKaz_Brave/,Available,404
AndyKaz_Brave,TechPowerUp,https://www.techpowerup.com,https://www.techpowerup.com/forums/members/?username=AndyKaz_Brave,Available,200
AndyKaz_Brave,Jigsawplanet,https://www.jigsawplanet.com,https://www.jigsawplanet.com/AndyKaz_Brave,Available,404
AndyKaz_Brave,pr0gramm,https://pr0gramm.com/,https://pr0gramm.com/api/profile/info?name=AndyKaz_Brave,Available,404
AndyKaz_Brave,Gumroad,https://www.gumroad.com/,https://www.gumroad.com/AndyKaz_Brave,Available,404
AndyKaz_Brave,AlternativeTo,https://alternativeto.net/,https://alternativeto.net/user/AndyKaz_Brave,Unknown,403
AndyKaz_Brave,TemplateMonster,https://www.templatemonster.com,https://www.templatemonster.com/authors/AndyKaz_Brave/,Available,404
AndyKaz_Brave,fotostrana.ru,https://fotostrana.ru,https://fotostrana.ru/AndyKaz_Brave/,Available,404
AndyKaz_Brave,authorSTREAM,http://www.authorstream.com/,http://www.authorstream.com/author/AndyKaz_Brave/,Claimed,200
AndyKaz_Brave,www.gamesradar.com,https://www.gamesradar.com,https://www.gamesradar.com/uk/author/AndyKaz_Brave/,Available,404
AndyKaz_Brave,iRecommend.RU,https://irecommend.ru/,https://irecommend.ru/users/AndyKaz_Brave,Unknown,521
AndyKaz_Brave,Foursquare,https://foursquare.com/,https://foursquare.com/AndyKaz_Brave,Available,404
AndyKaz_Brave,Baidu,https://tieba.baidu.com,https://tieba.baidu.com/home/main?un=AndyKaz_Brave,Available,200
AndyKaz_Brave,opensource,https://opensource.com/,https://opensource.com/users/AndyKaz_Brave,Available,404
AndyKaz_Brave,techspot.com,http://www.techspot.com/community/,http://www.techspot.com/community/members/?username=AndyKaz_Brave,Unknown,403
AndyKaz_Brave,www.minds.com,https://www.minds.com,https://www.minds.com/AndyKaz_Brave,Available,404
AndyKaz_Brave,Ameba,https://profile.ameba.jp,https://profile.ameba.jp/ameba/AndyKaz_Brave/,Available,404
AndyKaz_Brave,Codementor,https://www.codementor.io/,https://www.codementor.io/AndyKaz_Brave,Available,404
AndyKaz_Brave,Cheezburger,https://profile.cheezburger.com,https://profile.cheezburger.com/AndyKaz_Brave,Available,302
AndyKaz_Brave,AllKPop,https://www.allkpop.com/,https://www.allkpop.com/profile/AndyKaz_Brave,Available,302
AndyKaz_Brave,depop.com,https://www.depop.com,https://www.depop.com/AndyKaz_Brave,Unknown,403
AndyKaz_Brave,Slashdot,https://slashdot.org,https://slashdot.org/~AndyKaz_Brave,Available,404
AndyKaz_Brave,community.getpostman.com,https://community.getpostman.com,https://community.getpostman.com/u/AndyKaz_Brave/summary,Available,404
AndyKaz_Brave,Zoomir.ir,https://www.zoomit.ir,https://www.zoomit.ir/user/AndyKaz_Brave,Available,404
AndyKaz_Brave,Yummly,https://www.yummly.com,https://mapi.yummly.com/mapi/v19/user/AndyKaz_Brave,Unknown,0
AndyKaz_Brave,profile.hatena.ne.jp,https://profile.hatena.ne.jp,https://profile.hatena.ne.jp/AndyKaz_Brave/,Available,404
AndyKaz_Brave,Flickr,https://www.flickr.com/,https://www.flickr.com/photos/AndyKaz_Brave,Available,404
AndyKaz_Brave,Warrior Forum,https://www.warriorforum.com/,https://www.warriorforum.com/members/AndyKaz_Brave.html,Available,400
AndyKaz_Brave,Audiojungle,https://audiojungle.net/,https://audiojungle.net/user/AndyKaz_Brave,Available,404
AndyKaz_Brave,forum.blackmagicdesign.com,https://forum.blackmagicdesign.com,https://forum.blackmagicdesign.com/search.php?author=AndyKaz_Brave,Available,200
AndyKaz_Brave,Pokemon Showdown,https://pokemonshowdown.com,https://pokemonshowdown.com/users/AndyKaz_Brave,Available,404
AndyKaz_Brave,Stihi.ru,https://www.stihi.ru/,https://www.stihi.ru/avtor/AndyKaz_Brave,Available,200
AndyKaz_Brave,Venmo,https://venmo.com/,https://venmo.com/AndyKaz_Brave,Available,404
AndyKaz_Brave,Trakt,https://www.trakt.tv/,https://www.trakt.tv/users/AndyKaz_Brave,Unknown,403
AndyKaz_Brave,Xvideos,https://xvideos.com/,https://xvideos.com/profiles/AndyKaz_Brave,Available,404
AndyKaz_Brave,Weedmaps,https://weedmaps.com,https://weedmaps.com/brands/AndyKaz_Brave,Unknown,403
AndyKaz_Brave,Sporcle,https://www.sporcle.com/,https://www.sporcle.com/user/AndyKaz_Brave/people,Available,404
AndyKaz_Brave,Discuss.Elastic.co,https://discuss.elastic.co/,https://discuss.elastic.co/u/AndyKaz_Brave/summary,Available,404
AndyKaz_Brave,FilmWeb,https://www.filmweb.pl/user/adam,https://www.filmweb.pl/user/AndyKaz_Brave,Available,200
AndyKaz_Brave,Livemaster,https://www.livemaster.ru,https://www.livemaster.ru/AndyKaz_Brave,Available,404
AndyKaz_Brave,dailykos,https://www.dailykos.com,https://www.dailykos.com/user/AndyKaz_Brave,Available,404
AndyKaz_Brave,Typeracer,https://typeracer.com,https://data.typeracer.com/pit/profile?user=AndyKaz_Brave,Available,200
AndyKaz_Brave,DEV Community,https://dev.to/,https://dev.to/AndyKaz_Brave,Available,404
AndyKaz_Brave,VSCO,https://vsco.co/,https://vsco.co/AndyKaz_Brave,Available,404
AndyKaz_Brave,forums.bulbagarden.net,http://forums.bulbagarden.net,http://forums.bulbagarden.net/members/?username=AndyKaz_Brave,Claimed,403
AndyKaz_Brave,Anime-planet,https://www.anime-planet.com,https://www.anime-planet.com/forum/members/?username=AndyKaz_Brave,Available,200
AndyKaz_Brave,Memrise,https://www.memrise.com/,https://www.memrise.com/user/AndyKaz_Brave/,Available,301
AndyKaz_Brave,Flipboard,https://flipboard.com/,https://flipboard.com/@AndyKaz_Brave,Available,404
AndyKaz_Brave,forums.serebii.net,https://forums.serebii.net,https://forums.serebii.net/members/?username=AndyKaz_Brave,Claimed,403
AndyKaz_Brave,forums.opera.com,https://forums.opera.com/,https://forums.opera.com/user/AndyKaz_Brave,Available,404
AndyKaz_Brave,Rate Your Music,https://rateyourmusic.com/,https://rateyourmusic.com/~AndyKaz_Brave,Unknown,403
AndyKaz_Brave,ModDB,https://www.moddb.com/,https://www.moddb.com/members/AndyKaz_Brave,Unknown,403
AndyKaz_Brave,Championat,https://www.championat.com/,https://www.championat.com/user/AndyKaz_Brave,Available,404
AndyKaz_Brave,PlanetMinecraft,https://www.planetminecraft.com,https://www.planetminecraft.com/member/AndyKaz_Brave,Unknown,403
AndyKaz_Brave,rapidapi.com,https://rapidapi.com,https://rapidapi.com/blog/author/AndyKaz_Brave/,Available,404
AndyKaz_Brave,OpenStreetMap,https://www.openstreetmap.org/,https://www.openstreetmap.org/user/AndyKaz_Brave,Available,404
AndyKaz_Brave,fixya,https://www.fixya.com,https://www.fixya.com/users/AndyKaz_Brave,Available,404
AndyKaz_Brave,Gravatar,http://en.gravatar.com/,http://en.gravatar.com/AndyKaz_Brave,Available,404
AndyKaz_Brave,F6S,https://f6s.com/,https://www.f6s.com/AndyKaz_Brave,Available,200
AndyKaz_Brave,999.md,https://999.md,https://999.md/ru/profile/AndyKaz_Brave,Available,404
AndyKaz_Brave,Pinkbike,https://www.pinkbike.com/,https://www.pinkbike.com/u/AndyKaz_Brave/,Unknown,403
AndyKaz_Brave,Repl.it,https://repl.it/,https://repl.it/@AndyKaz_Brave,Available,404
AndyKaz_Brave,NPM,https://www.npmjs.com/,https://www.npmjs.com/~AndyKaz_Brave,Available,429
AndyKaz_Brave,FortniteTracker,https://fortnitetracker.com/challenges,https://fortnitetracker.com/profile/all/AndyKaz_Brave,Unknown,403
AndyKaz_Brave,SkyscraperCity,https://www.skyscrapercity.com,https://www.skyscrapercity.com/members/?username=AndyKaz_Brave,Available,200
AndyKaz_Brave,Gog,https://www.gog.com/,https://www.gog.com/u/AndyKaz_Brave,Available,404
AndyKaz_Brave,videohive.net,https://videohive.net,https://videohive.net/user/AndyKaz_Brave,Available,404
AndyKaz_Brave,Fark,https://www.fark.com/,https://www.fark.com/users/AndyKaz_Brave/,Available,200
AndyKaz_Brave,kofi,https://ko-fi.com,https://ko-fi.com/AndyKaz_Brave,Claimed,200
AndyKaz_Brave,BuyMeACoffee,https://www.buymeacoffee.com/,https://buymeacoff.ee/AndyKaz_Brave,Available,404
AndyKaz_Brave,Instructables,https://www.instructables.com/,https://www.instructables.com/member/AndyKaz_Brave,Available,404
AndyKaz_Brave,NPM-Package,https://www.npmjs.com/,https://www.npmjs.com/package/AndyKaz_Brave,Available,429
AndyKaz_Brave,forum.audacityteam.org,https://forum.audacityteam.org,https://forum.audacityteam.org/search.php?author=AndyKaz_Brave,Available,404
AndyKaz_Brave,Techrepublic,https://www.techrepublic.com,https://www.techrepublic.com/members/profile/AndyKaz_Brave/,Available,404
AndyKaz_Brave,My.Mail.ru@yandex.ru,https://my.mail.ru/,https://my.mail.ru/yandex.ru/AndyKaz_Brave/,Available,404
AndyKaz_Brave,My.Mail.ru@ya.ru,https://my.mail.ru/,https://my.mail.ru/ya.ru/AndyKaz_Brave/,Available,404
AndyKaz_Brave,Douban,https://www.douban.com,https://www.douban.com/people/AndyKaz_Brave/,Unknown,403
AndyKaz_Brave,WikimapiaSearch,http://wikimapia.org,http://wikimapia.org/user/tools/users_rating/?username=AndyKaz_Brave,Available,200
AndyKaz_Brave,Codechef,https://www.codechef.com/,https://www.codechef.com/users/AndyKaz_Brave,Available,302
AndyKaz_Brave,About.me,https://about.me/,https://about.me/AndyKaz_Brave,Available,404
AndyKaz_Brave,steemit,https://steemit.com,https://steemit.com/@AndyKaz_Brave,Available,404
AndyKaz_Brave,SeoClerks,https://www.seoclerks.com,https://www.seoclerks.com/user/AndyKaz_Brave,Available,302
AndyKaz_Brave,NameMC,https://namemc.com/,https://namemc.com/profile/AndyKaz_Brave,Unknown,403
AndyKaz_Brave,forums.linuxmint.com,https://forums.linuxmint.com,https://forums.linuxmint.com/search.php?author=AndyKaz_Brave,Available,200
AndyKaz_Brave,Smugmug,https://smugmug.com/,https://AndyKaz_Brave.smugmug.com/,Available,404
AndyKaz_Brave,Picsart,https://picsart.com/,https://picsart.com/u/AndyKaz_Brave,Available,404
AndyKaz_Brave,LiveLib,https://www.livelib.ru/,https://www.livelib.ru/reader/AndyKaz_Brave,Claimed,200
AndyKaz_Brave,IFTTT,https://www.ifttt.com/,,Illegal,
AndyKaz_Brave,author.today,https://author.today,https://author.today/u/AndyKaz_Brave,Unknown,403
AndyKaz_Brave,easyen,https://easyen.ru,https://easyen.ru/index/8-0-AndyKaz_Brave,Unknown,403
AndyKaz_Brave,forums.majorgeeks.com,https://forums.majorgeeks.com,https://forums.majorgeeks.com/members/?username=AndyKaz_Brave,Available,200
AndyKaz_Brave,www.itemfix.com,https://www.itemfix.com,https://www.itemfix.com/c/AndyKaz_Brave,Available,200
AndyKaz_Brave,Xing,https://www.xing.com/,https://www.xing.com/profile/AndyKaz_Brave,Available,404
AndyKaz_Brave,NICommunityForum,https://www.native-instruments.com/forum/,https://www.native-instruments.com/forum/members/?username=AndyKaz_Brave,Available,403
AndyKaz_Brave,forum.pkp.sfu.ca,https://forum.pkp.sfu.ca,https://forum.pkp.sfu.ca/u/AndyKaz_Brave/summary,Unknown,403
AndyKaz_Brave,PyPi,https://pypi.org/,https://pypi.org/user/AndyKaz_Brave,Unknown,200
AndyKaz_Brave,SublimeForum,https://forum.sublimetext.com/,https://forum.sublimetext.com/u/AndyKaz_Brave/summary,Available,404
AndyKaz_Brave,www.tagged.com,http://www.tagged.com,http://www.tagged.com/AndyKaz_Brave,Available,200
AndyKaz_Brave,BOOTH,https://booth.pm/,https://AndyKaz_Brave.booth.pm/,Available,302
AndyKaz_Brave,ReverbNation,https://www.reverbnation.com/,https://www.reverbnation.com/AndyKaz_Brave,Available,404
AndyKaz_Brave,ImgInn,https://imginn.com,https://imginn.com/AndyKaz_Brave/,Available,404
AndyKaz_Brave,Diigo,https://www.diigo.com/,https://www.diigo.com/interact_api/load_profile_info?name=AndyKaz_Brave,Available,200
AndyKaz_Brave,N4g,https://n4g.com/,https://n4g.com/user/home/AndyKaz_Brave,Available,404
AndyKaz_Brave,Coub,https://coub.com/,https://coub.com/AndyKaz_Brave,Available,404
AndyKaz_Brave,ProductHunt,https://www.producthunt.com/,https://www.producthunt.com/@AndyKaz_Brave,Available,200
AndyKaz_Brave,accounts.eclipse.org,https://accounts.eclipse.org,https://accounts.eclipse.org/users/AndyKaz_Brave,Available,404
AndyKaz_Brave,AdvancedCustomFields,https://support.advancedcustomfields.com/,https://support.advancedcustomfields.com/forums/users/AndyKaz_Brave,Available,404
AndyKaz_Brave,discussion.squadhelp.com,https://discussion.squadhelp.com,https://discussion.squadhelp.com/u/AndyKaz_Brave/summary,Unknown,403
AndyKaz_Brave,blogs.klerk.ru,https://blogs.klerk.ru,https://blogs.klerk.ru/users/AndyKaz_Brave/,Available,200
AndyKaz_Brave,Americanthinker,https://www.americanthinker.com/,https://www.americanthinker.com/author/AndyKaz_Brave/,Available,404
AndyKaz_Brave,kwork,https://www.kwork.ru/,https://kwork.ru/user/AndyKaz_Brave,Available,404
AndyKaz_Brave,Pandia,https://pandia.ru,https://pandia.ru/user/profile/AndyKaz_Brave,Available,404
AndyKaz_Brave,Packagist,https://packagist.org/,https://packagist.org/packages/AndyKaz_Brave/,Available,302
AndyKaz_Brave,TheSimsResource,https://www.thesimsresource.com/,https://www.thesimsresource.com/members/AndyKaz_Brave/,Available,302
AndyKaz_Brave,hashnode,https://hashnode.com,https://hashnode.com/@AndyKaz_Brave,Claimed,429
AndyKaz_Brave,Pixwox,https://www.pixwox.com,https://www.pixwox.com/profile/AndyKaz_Brave/,Available,404
AndyKaz_Brave,Vivino,https://www.vivino.com/,https://www.vivino.com/users/AndyKaz_Brave,Available,404
AndyKaz_Brave,interpals,https://www.interpals.net/,https://www.interpals.net/AndyKaz_Brave,Available,200
AndyKaz_Brave,HackerOne,https://hackerone.com/,https://hackerone.com/AndyKaz_Brave,Available,404
AndyKaz_Brave,Proza.ru,https://www.proza.ru/,https://www.proza.ru/avtor/AndyKaz_Brave,Available,200
AndyKaz_Brave,TheStudentRoom,https://www.thestudentroom.co.uk,https://www.thestudentroom.co.uk/member.php?username=AndyKaz_Brave,Available,200
AndyKaz_Brave,Mix,https://mix.com,https://mix.com/AndyKaz_Brave,Available,404
AndyKaz_Brave,bbs.boingboing.net,https://bbs.boingboing.net,https://bbs.boingboing.net/u/AndyKaz_Brave/summary,Unknown,403
AndyKaz_Brave,codeforces.com,http://codeforces.com,http://codeforces.com/profile/AndyKaz_Brave,Available,200
AndyKaz_Brave,Truelancer,https://www.truelancer.com,https://www.truelancer.com/freelancer/AndyKaz_Brave,Available,200
AndyKaz_Brave,Influenster,https://www.influenster.com/,https://www.influenster.com/AndyKaz_Brave,Unknown,403
AndyKaz_Brave,Kwejk,https://kwejk.pl,https://kwejk.pl/uzytkownik/AndyKaz_Brave#/tablica/,Available,404
AndyKaz_Brave,Funnyjunk,https://funnyjunk.com/,https://funnyjunk.com/user/AndyKaz_Brave,Available,307
AndyKaz_Brave,MuffinGroup,https://forum.muffingroup.com,https://forum.muffingroup.com/betheme/profile/AndyKaz_Brave,Available,404
AndyKaz_Brave,discourse.jupyter.org,https://discourse.jupyter.org,https://discourse.jupyter.org/u/AndyKaz_Brave/summary,Available,404
AndyKaz_Brave,nightbot,https://nightbot.tv/,https://nightbot.tv/t/AndyKaz_Brave/commands,Available,404
AndyKaz_Brave,Neoseeker,https://www.neoseeker.com,https://www.neoseeker.com/members/AndyKaz_Brave/,Unknown,403
AndyKaz_Brave,Speedrun.com,https://speedrun.com/,https://speedrun.com/users/AndyKaz_Brave,Available,404
AndyKaz_Brave,Justlanded,https://community.justlanded.com,https://community.justlanded.com/en/profile/AndyKaz_Brave,Available,404
AndyKaz_Brave,eBaumsWorld,https://www.ebaumsworld.com/,https://www.ebaumsworld.com/user/profile/AndyKaz_Brave,Available,404
AndyKaz_Brave,AdultFriendFinder,https://adultfriendfinder.com,https://adultfriendfinder.com/profile/AndyKaz_Brave,Claimed,200
AndyKaz_Brave,joyreactor.cc,http://joyreactor.cc,http://joyreactor.cc/user/AndyKaz_Brave,Available,301
AndyKaz_Brave,ifunny.co,https://www.ifunny.co,https://www.ifunny.co/user/AndyKaz_Brave,Available,404
AndyKaz_Brave,ImageShack,https://imageshack.com/,https://imageshack.com/user/AndyKaz_Brave,Available,302
AndyKaz_Brave,allmylinks,https://allmylinks.com/,https://allmylinks.com/AndyKaz_Brave,Available,404
AndyKaz_Brave,Speakerdeck,https://speakerdeck.com,https://speakerdeck.com/AndyKaz_Brave,Available,404
AndyKaz_Brave,Mouthshut,https://www.mouthshut.com/,https://www.mouthshut.com/AndyKaz_Brave,Available,301
AndyKaz_Brave,Screwfix,https://community.screwfix.com,https://community.screwfix.com/members/?username=AndyKaz_Brave,Available,200
AndyKaz_Brave,Voices,https://www.voices.com/,https://www.voices.com/actors/AndyKaz_Brave,Unknown,403
AndyKaz_Brave,Pbase,https://pbase.com/,https://pbase.com/AndyKaz_Brave/profile,Available,200
AndyKaz_Brave,TVTropes,https://tvtropes.org,https://tvtropes.org/pmwiki/pmwiki.php/Tropers/AndyKaz_Brave,Available,404
AndyKaz_Brave,Smule,https://www.smule.com/,https://www.smule.com/AndyKaz_Brave,Available,200
AndyKaz_Brave,forums.indiegala.com,https://forums.indiegala.com,https://forums.indiegala.com/members/?username=AndyKaz_Brave,Available,200
AndyKaz_Brave,Metal-archives,https://www.metal-archives.com,https://www.metal-archives.com/users/AndyKaz_Brave,Available,404
AndyKaz_Brave,Edocr,https://www.edocr.com,https://www.edocr.com/user/AndyKaz_Brave/,Available,404
AndyKaz_Brave,TheOdysseyOnline,https://www.theodysseyonline.com,https://www.theodysseyonline.com/user/@AndyKaz_Brave,Available,404
AndyKaz_Brave,hiveos.farm,https://forum.hiveos.farm,https://forum.hiveos.farm/u/AndyKaz_Brave/summary,Available,404
AndyKaz_Brave,Krstarica,https://forum.krstarica.com,https://forum.krstarica.com/members/?username=AndyKaz_Brave,Available,200
AndyKaz_Brave,Empflix,https://www.empflix.com,https://www.empflix.com/profile/AndyKaz_Brave/,Available,301
AndyKaz_Brave,Namepros,https://www.namepros.com/,https://www.namepros.com/members/?username=AndyKaz_Brave,Available,200
AndyKaz_Brave,Kongregate,https://www.kongregate.com/,https://www.kongregate.com/accounts/AndyKaz_Brave,Available,404
AndyKaz_Brave,iXBT,https://forum.ixbt.com,https://forum.ixbt.com/users.cgi?id=info:AndyKaz_Brave,Available,404
AndyKaz_Brave,Baby.ru,https://www.baby.ru/,https://www.baby.ru/u/AndyKaz_Brave/,Available,404
AndyKaz_Brave,doctissimo,https://club.doctissimo.fr,https://club.doctissimo.fr/AndyKaz_Brave/,Available,404
AndyKaz_Brave,Jimdo,https://jimdosite.com/,https://AndyKaz_Brave.jimdosite.com,Unknown,403
AndyKaz_Brave,forum.snapcraft.io,https://forum.snapcraft.io,https://forum.snapcraft.io/u/AndyKaz_Brave/summary,Available,404
AndyKaz_Brave,Niftygateway,https://api.niftygateway.com,https://niftygateway.com/profile/AndyKaz_Brave,Available,400
AndyKaz_Brave,forum.openoffice.org,https://forum.openoffice.org/en/forum,https://forum.openoffice.org/en/forum/search.php?author=AndyKaz_Brave,Available,200
AndyKaz_Brave,Wykop,https://www.wykop.pl,https://www.wykop.pl/ludzie/AndyKaz_Brave/,Available,404
AndyKaz_Brave,forums.destructoid.com,https://forums.destructoid.com,https://forums.destructoid.com/members/?username=AndyKaz_Brave,Available,200
AndyKaz_Brave,Giantbomb,https://www.giantbomb.com,https://www.giantbomb.com/profile/AndyKaz_Brave,Available,404
AndyKaz_Brave,forums.visual-paradigm.com,https://forums.visual-paradigm.com,https://forums.visual-paradigm.com/u/AndyKaz_Brave/summary,Available,404
AndyKaz_Brave,MoneySavingExpert,https://forums.moneysavingexpert.com,https://forums.moneysavingexpert.com/profile/AndyKaz_Brave,Available,404
AndyKaz_Brave,Freesound,https://freesound.org/,https://freesound.org/people/AndyKaz_Brave/,Available,404
AndyKaz_Brave,Slides,https://slides.com/,https://slides.com/AndyKaz_Brave,Available,404
AndyKaz_Brave,Armorgames,https://armorgames.com,https://armorgames.com/user/AndyKaz_Brave,Available,302
AndyKaz_Brave,3ddd,https://3ddd.ru,https://3ddd.ru/users/AndyKaz_Brave,Available,404
AndyKaz_Brave,4x4.tomsk.ru,http://4x4.tomsk.ru,http://4x4.tomsk.ru/search.php?author=AndyKaz_Brave,Available,200
AndyKaz_Brave,Fodors,https://www.fodors.com,https://www.fodors.com/community/profile/AndyKaz_Brave/forum-activity,Available,302
AndyKaz_Brave,Etxt,https://www.etxt.ru,https://www.etxt.ru/AndyKaz_Brave.html,Available,404
AndyKaz_Brave,Artsy,https://www.artsy.net,https://www.artsy.net/artist/AndyKaz_Brave,Available,404
AndyKaz_Brave,Kinja,https://kinja.com,https://kinja.com/AndyKaz_Brave,Available,404
AndyKaz_Brave,lnk.bio,https://lnk.bio,https://lnk.bio/AndyKaz_Brave,Available,200
AndyKaz_Brave,dlive.tv,https://dlive.tv,https://dlive.tv/AndyKaz_Brave,Available,200
AndyKaz_Brave,Coderwall,https://coderwall.com/,https://coderwall.com/AndyKaz_Brave,Available,404
AndyKaz_Brave,Fanpop,https://www.fanpop.com/,https://www.fanpop.com/fans/AndyKaz_Brave,Available,404
AndyKaz_Brave,forums.steinberg.net,https://forums.steinberg.net,https://forums.steinberg.net/u/AndyKaz_Brave/summary,Available,404
AndyKaz_Brave,profi.ru,https://profi.ru,https://profi.ru/profile/AndyKaz_Brave/,Available,404
AndyKaz_Brave,Codewars,https://www.codewars.com,https://www.codewars.com/users/AndyKaz_Brave,Available,404
AndyKaz_Brave,TrueAchievements,https://www.trueachievements.com,https://www.trueachievements.com/gamer/AndyKaz_Brave,Available,404
AndyKaz_Brave,Hackster,https://www.hackster.io,https://www.hackster.io/AndyKaz_Brave,Unknown,403
AndyKaz_Brave,Picarto,https://ptvintern.picarto.tv,https://ptvintern.picarto.tv/metadescription/AndyKaz_Brave,Available,200
AndyKaz_Brave,Advego,https://advego.com/,https://advego.com/profile/AndyKaz_Brave/author/,Available,404
AndyKaz_Brave,Mobypicture,http://www.mobypicture.com,http://www.mobypicture.com/user/AndyKaz_Brave,Available,404
AndyKaz_Brave,smart-lab.ru,https://smart-lab.ru/,https://smart-lab.ru/profile/AndyKaz_Brave/,Available,404
AndyKaz_Brave,Physicsforums,https://www.physicsforums.com,https://www.physicsforums.com/members/?username=AndyKaz_Brave,Available,200
AndyKaz_Brave,Diary.ru,https://diary.ru,https://AndyKaz_Brave.diary.ru/,Unknown,500
AndyKaz_Brave,Teletype,https://teletype.in,https://teletype.in/@AndyKaz_Brave,Available,404
AndyKaz_Brave,couchsurfing,https://www.couchsurfing.com/,https://www.couchsurfing.com/people/AndyKaz_Brave,Available,404
AndyKaz_Brave,Blu-ray,https://forum.blu-ray.com/,https://forum.blu-ray.com/member.php?username=AndyKaz_Brave,Available,200
AndyKaz_Brave,Iphones.ru,https://www.iphones.ru,https://www.iphones.ru/iNotes/author/AndyKaz_Brave?profile=1,Available,404
AndyKaz_Brave,mama.tomsk.ru,https://mama.tomsk.ru/forums,https://mama.tomsk.ru/forums/search.php?author=AndyKaz_Brave,Available,404
AndyKaz_Brave,MirTesen,https://mirtesen.ru,https://mirtesen.ru/people/AndyKaz_Brave/profile,Available,200
AndyKaz_Brave,MyMiniFactory,https://www.myminifactory.com/,https://www.myminifactory.com/users/AndyKaz_Brave,Available,404
AndyKaz_Brave,Gitee,https://gitee.com/,https://gitee.com/AndyKaz_Brave,Available,404
AndyKaz_Brave,donorbox,https://donorbox.org,https://donorbox.org/AndyKaz_Brave,Available,404
AndyKaz_Brave,Hotcopper,https://hotcopper.com.au,https://hotcopper.com.au/search/search?type=post&users=AndyKaz_Brave,Available,200
AndyKaz_Brave,Soup,https://soup.io,https://www.soup.io/author/AndyKaz_Brave,Available,301
AndyKaz_Brave,7dach,https://7dach.ru/,https://7dach.ru/profile/AndyKaz_Brave,Available,404
AndyKaz_Brave,forum.ykt.ru,https://forum.ykt.ru,https://forum.ykt.ru/viewprofile.jsp?forum_id=11&user=AndyKaz_Brave,Available,302
AndyKaz_Brave,Contently,https://contently.com/,https://AndyKaz_Brave.contently.com/,Available,200
AndyKaz_Brave,Untappd,https://untappd.com,https://untappd.com/user/AndyKaz_Brave,Available,404
AndyKaz_Brave,B17,https://www.b17.ru/,https://www.b17.ru/AndyKaz_Brave,Unknown,503
AndyKaz_Brave,forum.ghost.org,https://forum.ghost.org,https://forum.ghost.org/u/AndyKaz_Brave/summary,Available,404
AndyKaz_Brave,DigitalPoint,https://www.digitalpoint.com,https://www.digitalpoint.com/members/?username=AndyKaz_Brave,Available,200
AndyKaz_Brave,Vgtimes,https://vgtimes.ru,https://vgtimes.ru/user/AndyKaz_Brave,Available,404
AndyKaz_Brave,E621,https://e621.net,https://e621.net/users/AndyKaz_Brave,Available,404
AndyKaz_Brave,GBAtemp.net,https://gbatemp.net/,https://gbatemp.net/members/?username=AndyKaz_Brave,Available,200
AndyKaz_Brave,discuss.hashicorp.com,https://discuss.hashicorp.com,https://discuss.hashicorp.com/u/AndyKaz_Brave/summary,Available,404
AndyKaz_Brave,BikeRadar,https://forum.bikeradar.com,https://forum.bikeradar.com/profile/AndyKaz_Brave,Available,404
AndyKaz_Brave,GameRevolution,https://forums.gamerevolution.com,https://forums.gamerevolution.com/members/?username=AndyKaz_Brave,Available,200
AndyKaz_Brave,forum.nameberry.com,https://forum.nameberry.com,https://forum.nameberry.com/u/AndyKaz_Brave/summary,Unknown,403
AndyKaz_Brave,Myinstants,https://www.myinstants.com,https://www.myinstants.com/profile/AndyKaz_Brave/,Available,404
AndyKaz_Brave,Forumophilia,https://www.forumophilia.com,https://www.forumophilia.com/profile.php?mode=viewprofile&u=AndyKaz_Brave,Available,200
AndyKaz_Brave,xenforo.com,https://xenforo.com/community/,https://xenforo.com/community/members/?username=AndyKaz_Brave,Available,200
AndyKaz_Brave,akniga,https://akniga.org/,https://akniga.org/profile/AndyKaz_Brave,Available,404
AndyKaz_Brave,Vgtimes/Games,https://vgtimes.ru,https://vgtimes.ru/games/AndyKaz_Brave/forum/,Available,404
AndyKaz_Brave,TryHackMe,https://tryhackme.com/,https://tryhackme.com/p/AndyKaz_Brave,Available,200
AndyKaz_Brave,ForumHouse,https://www.forumhouse.ru/,https://www.forumhouse.ru/members/?username=AndyKaz_Brave,Available,200
AndyKaz_Brave,EuroFootball,https://www.euro-football.ru,https://www.euro-football.ru/user/AndyKaz_Brave,Available,302
AndyKaz_Brave,forum.shotcut.org,https://forum.shotcut.org,https://forum.shotcut.org/u/AndyKaz_Brave/summary,Available,404
AndyKaz_Brave,PushSquare,http://www.pushsquare.com,http://www.pushsquare.com/users/AndyKaz_Brave,Available,404
AndyKaz_Brave,forum.inaturalist.org,https://forum.inaturalist.org,https://forum.inaturalist.org/u/AndyKaz_Brave/summary,Available,404
AndyKaz_Brave,Tinkoff Invest,https://www.tinkoff.ru/invest/,https://tinkoff.ru/invest/social/profile/AndyKaz_Brave/,Available,200
AndyKaz_Brave,igromania,http://forum.igromania.ru/,http://forum.igromania.ru/member.php?username=AndyKaz_Brave,Available,200
AndyKaz_Brave,Cent,https://cent.co/,https://beta.cent.co/@AndyKaz_Brave,Available,200
AndyKaz_Brave,hi5,http://www.hi5.com,http://www.hi5.com/AndyKaz_Brave,Available,200
AndyKaz_Brave,getmyuni,https://getmyuni.com/,https://www.getmyuni.com/user/AndyKaz_Brave,Available,404
AndyKaz_Brave,Sbazar.cz,https://www.sbazar.cz/,https://www.sbazar.cz/AndyKaz_Brave,Available,404
AndyKaz_Brave,spletnik,https://spletnik.ru/,https://spletnik.ru/user/AndyKaz_Brave,Available,404
AndyKaz_Brave,SevenForums,https://www.sevenforums.com,https://www.sevenforums.com/member.php?username=AndyKaz_Brave,Unknown,403
AndyKaz_Brave,mel.fm,https://mel.fm,https://mel.fm/blog/AndyKaz_Brave,Available,404
AndyKaz_Brave,MoscowFlamp,https://moscow.flamp.ru/,https://moscow.flamp.ru/AndyKaz_Brave,Available,404
AndyKaz_Brave,Ariva,https://www.ariva.de/,https://www.ariva.de/profil/AndyKaz_Brave,Available,404
AndyKaz_Brave,Oper,https://www.oper.ru/,https://www.oper.ru/visitors/info.php?t=AndyKaz_Brave,Available,200
AndyKaz_Brave,Dumpor,https://dumpor.com,https://dumpor.com/v/AndyKaz_Brave,Available,200
AndyKaz_Brave,DonationsAlerts,https://www.donationalerts.com/,https://www.donationalerts.com/r/AndyKaz_Brave,Available,404
AndyKaz_Brave,ESET,https://forum.esetnod32.ru,https://forum.esetnod32.ru/user/AndyKaz_Brave/,Available,404
AndyKaz_Brave,Brusheezy,https://www.brusheezy.com,https://www.brusheezy.com/members/AndyKaz_Brave,Available,200
AndyKaz_Brave,Aptoide,https://en.aptoide.com/,https://AndyKaz_Brave.en.aptoide.com/,Available,404
AndyKaz_Brave,community.sweatco.in,https://community.sweatco.in,https://community.sweatco.in/u/AndyKaz_Brave/summary,Available,200
AndyKaz_Brave,BabyBlog.ru,https://www.babyblog.ru/,https://www.babyblog.ru/user/AndyKaz_Brave,Available,301
AndyKaz_Brave,forum.scssoft.com,https://forum.scssoft.com,https://forum.scssoft.com/search.php?author=AndyKaz_Brave,Available,200
AndyKaz_Brave,GuruShots,https://gurushots.com/,https://gurushots.com/AndyKaz_Brave/photos,Available,200
AndyKaz_Brave,LiveInternet,https://www.liveinternet.ru,https://www.liveinternet.ru/users/AndyKaz_Brave/profile,Available,200
AndyKaz_Brave,Uchportal,https://www.uchportal.ru,https://www.uchportal.ru/index/8-0-AndyKaz_Brave,Available,200
AndyKaz_Brave,Hackerearth,https://www.hackerearth.com,https://www.hackerearth.com/@AndyKaz_Brave,Available,200
AndyKaz_Brave,sparkpeople,https://www.sparkpeople.com,https://www.sparkpeople.com/mypage.asp?id=AndyKaz_Brave,Available,404
AndyKaz_Brave,forums.digitalpoint.com,https://forums.digitalpoint.com/,https://forums.digitalpoint.com/members/?username=AndyKaz_Brave,Available,200
AndyKaz_Brave,23hq,http://www.23hq.com,http://www.23hq.com/AndyKaz_Brave,Available,404
AndyKaz_Brave,NN.RU,https://www.nn.ru/,https://AndyKaz_Brave.www.nn.ru/,Available,404
AndyKaz_Brave,AnimeNewsNetwork,https://www.animenewsnetwork.com,https://www.animenewsnetwork.com/bbs/phpBB2/profile.php?mode=viewprofile&u=AndyKaz_Brave,Available,200
AndyKaz_Brave,hunting.karelia.ru,http://hunting.karelia.ru,http://hunting.karelia.ru/search.php?author=AndyKaz_Brave,Available,200
AndyKaz_Brave,Psychologies.ru,http://www.psychologies.ru,http://www.psychologies.ru/personal/AndyKaz_Brave,Available,404
AndyKaz_Brave,forums.drom.ru,https://www.forumsdrom.ru/,https://www.forumsdrom.ru/member.php?username=AndyKaz_Brave,Available,200
AndyKaz_Brave,TRASHBOX.RU,https://trashbox.ru/,https://trashbox.ru/users/AndyKaz_Brave,Available,404
AndyKaz_Brave,teamtreehouse.com,https://teamtreehouse.com,https://teamtreehouse.com/profiles/AndyKaz_Brave,Available,200
AndyKaz_Brave,geocaching,https://www.geocaching.com/,https://www.geocaching.com/profile/?u=AndyKaz_Brave,Available,404
AndyKaz_Brave,Launchpad,https://launchpad.net/,https://launchpad.net/~AndyKaz_Brave,Available,404
AndyKaz_Brave,YandexZenChannel,https://dzen.ru,https://dzen.ru/channel/AndyKaz_Brave,Available,404
AndyKaz_Brave,Warface,https://wf.mail.ru,https://wf.mail.ru/forums/member.php?username=AndyKaz_Brave,Unknown,0
AndyKaz_Brave,Bibsonomy,https://www.bibsonomy.org,https://www.bibsonomy.org/user/AndyKaz_Brave,Available,404
AndyKaz_Brave,Newgrounds,https://newgrounds.com,https://AndyKaz_Brave.newgrounds.com,Available,404
AndyKaz_Brave,designspiration.com,https://designspiration.com,https://designspiration.com/AndyKaz_Brave/,Available,404
AndyKaz_Brave,giters.com,https://giters.com,https://giters.com/AndyKaz_Brave,Available,404
AndyKaz_Brave,Tanks,https://tanks.mail.ru,https://tanks.mail.ru/forum/member.php?username=AndyKaz_Brave,Unknown,0
AndyKaz_Brave,PerfectWorld,https://pw.mail.ru,https://pw.mail.ru/member.php?username=AndyKaz_Brave,Unknown,0
AndyKaz_Brave,My.Mail.ru@mail.ru,https://my.mail.ru/,https://my.mail.ru/mail/AndyKaz_Brave/,Unknown,0
AndyKaz_Brave,My.Mail.ru@bk.ru,https://my.mail.ru/,https://my.mail.ru/bk/AndyKaz_Brave/,Unknown,0
AndyKaz_Brave,My.Mail.ru@gmail.com,https://my.mail.ru/,https://my.mail.ru/gmail.com/AndyKaz_Brave/,Unknown,0
AndyKaz_Brave,My.Mail.ru@list.ru,https://my.mail.ru/,https://my.mail.ru/list/AndyKaz_Brave/,Unknown,0
AndyKaz_Brave,PerfectWorldForum,https://pw.mail.ru/,https://pw.mail.ru/forums/member.php?username=AndyKaz_Brave,Unknown,0
AndyKaz_Brave,Infourok,,,Unknown,0
AndyKaz_Brave,HackerNews,https://news.ycombinator.com/,https://news.ycombinator.com/user?id=AndyKaz_Brave,Unknown,0
