username,name,url_main,url_user,exists,http_status
bren_dou,Freepik,https://www.freepik.com,https://www.freepik.com/bren_dou,Unknown,403
bren_dou,Figma,https://www.figma.com/,https://www.figma.com/@bren_dou,Unknown,403
bren_dou,OP.GG [LeagueOfLegends] Brazil,https://www.op.gg/,https://www.op.gg/summoners/search?q=bren_dou&region=br,Available,429
bren_dou,OP.GG [LeagueOfLegends] Singapore,https://www.op.gg/,https://www.op.gg/summoners/search?q=bren_dou&region=sg,Available,429
bren_dou,OP.GG [LeagueOfLegends] Europe West,https://www.op.gg/,https://www.op.gg/summoners/search?q=bren_dou&region=euw,Available,429
bren_dou,OP.GG [LeagueOfLegends] Oceania,https://www.op.gg/,https://www.op.gg/summoners/search?q=bren_dou&region=oce,Available,429
bren_dou,OP.GG [LeagueOfLegends] Turkey,https://www.op.gg/,https://www.op.gg/summoners/search?q=bren_dou&region=tr,Available,429
bren_dou,OP.GG [LeagueOfLegends] LAN,https://www.op.gg/,https://www.op.gg/summoners/search?q=bren_dou&region=lan,Available,429
bren_dou,OP.GG [LeagueOfLegends] North America,https://www.op.gg/,https://www.op.gg/summoners/search?q=bren_dou&region=na,Available,429
bren_dou,OP.GG [LeagueOfLegends] Korea,https://www.op.gg/,https://www.op.gg/summoners/search?q=bren_dou&region=kr,Available,429
bren_dou,OP.GG [LeagueOfLegends] Vietnam,https://www.op.gg/,https://www.op.gg/summoners/search?q=bren_dou&region=vn,Available,429
bren_dou,OP.GG [LeagueOfLegends] Europe Nordic & East,https://www.op.gg/,https://www.op.gg/summoners/search?q=bren_dou&region=eune,Available,429
bren_dou,OP.GG [LeagueOfLegends] Taiwan,https://www.op.gg/,https://www.op.gg/summoners/search?q=bren_dou&region=tw,Available,429
bren_dou,OP.GG [LeagueOfLegends] Russia,https://www.op.gg/,https://www.op.gg/summoners/search?q=bren_dou&region=ru,Available,429
bren_dou,OP.GG [LeagueOfLegends] LAS,https://www.op.gg/,https://www.op.gg/summoners/search?q=bren_dou&region=las,Available,429
bren_dou,OP.GG [LeagueOfLegends] Japan,https://www.op.gg/,https://www.op.gg/summoners/search?q=bren_dou&region=jp,Available,429
bren_dou,OP.GG [LeagueOfLegends] Thailand,https://www.op.gg/,https://www.op.gg/summoners/search?q=bren_dou&region=th,Available,429
bren_dou,OP.GG [LeagueOfLegends] Phillippines,https://www.op.gg/,https://www.op.gg/summoners/search?q=bren_dou&region=ph,Available,429
bren_dou,OP.GG [LeagueOfLegends] Middle East,https://www.op.gg/,https://www.op.gg/summoners/search?q=bren_dou&region=me,Available,429
bren_dou,Shutterstock,https://www.shutterstock.com,https://www.shutterstock.com/g/bren_dou/about,Unknown,403
bren_dou,ResearchGate,https://www.researchgate.net/,https://www.researchgate.net/profile/bren_dou,Unknown,403
bren_dou,Etsy,https://www.etsy.com/,https://www.etsy.com/shop/bren_dou,Unknown,403
bren_dou,GitHub,https://www.github.com/,,Illegal,
bren_dou,YouTube,https://www.youtube.com/,https://www.youtube.com/@bren_dou,Available,404
bren_dou,linktr.ee,https://linktr.ee,https://linktr.ee/bren_dou,Available,406
bren_dou,YouTube User,https://www.youtube.com/,https://www.youtube.com/@bren_dou,Available,404
bren_dou,GooglePlayStore,https://play.google.com/store,https://play.google.com/store/apps/developer?id=bren_dou,Available,404
bren_dou,Trello,https://trello.com/,https://trello.com/bren_dou,Available,404
bren_dou,Twitter,https://www.twitter.com/,https://twitter.com/bren_dou,Unknown,403
bren_dou,Mozilla Support,https://support.mozilla.org,https://support.mozilla.org/en-US/user/bren_dou/,Available,404
bren_dou,Scribd,https://www.scribd.com/,https://www.scribd.com/bren_dou,Available,404
bren_dou,Facebook,https://www.facebook.com/,https://www.facebook.com/bren_dou,Available,200
bren_dou,WordPress,https://wordpress.com,https://bren_dou.wordpress.com/,Available,400
bren_dou,Udemy,https://www.udemy.com,https://www.udemy.com/user/bren_dou/,Unknown,403
bren_dou,GitHubGist,https://gist.github.com,https://gist.github.com/bren_dou,Available,404
bren_dou,Wix,https://wix.com/,https://bren_dou.wix.com,Available,404
bren_dou,Quora,https://www.quora.com/,https://www.quora.com/profile/bren_dou,Available,301
bren_dou,upwork.com,https://upwork.com,https://upwork.com/fl/bren_dou,Unknown,403
bren_dou,Vimeo,https://vimeo.com,https://vimeo.com/bren_dou,Available,404
bren_dou,Behance,https://www.behance.net/,https://www.behance.net/bren_dou,Available,404
bren_dou,Naver,https://naver.com,https://blog.naver.com/bren_dou,Available,404
bren_dou,BongaCams,https://sbongacams.com,https://bongacams.com/profile/bren_dou,Available,404
bren_dou,StackOverflow,https://stackoverflow.com,https://stackoverflow.com/users/filter?search=bren_dou,Available,200
bren_dou,SlideShare,https://www.slideshare.net,https://www.slideshare.net/bren_dou,Available,200
bren_dou,CNET,https://www.cnet.com,https://www.cnet.com/profiles/bren_dou/,Available,404
bren_dou,Chess,https://www.chess.com,https://www.chess.com/member/bren_dou,Available,404
bren_dou,iStock,https://www.istockphoto.com,https://www.istockphoto.com/ru/portfolio/bren_dou,Available,200
bren_dou,Tumblr,https://www.tumblr.com,https://www.tumblr.com/bren_dou,Available,404
bren_dou,SoundCloud,https://soundcloud.com/,https://soundcloud.com/bren_dou,Available,404
bren_dou,Fiverr,https://www.fiverr.com/,https://www.fiverr.com/bren_dou,Unknown,403
bren_dou,Ameblo,https://ameblo.jp,https://ameblo.jp/bren_dou,Available,404
bren_dou,Patreon,https://www.patreon.com/,https://www.patreon.com/bren_dou,Available,404
bren_dou,Slack,https://slack.com,https://bren_dou.slack.com,Available,404
bren_dou,SourceForge,https://sourceforge.net/,https://sourceforge.net/u/bren_dou/profile,Unknown,403
bren_dou,TikTok,https://www.tiktok.com/,https://www.tiktok.com/@bren_dou,Claimed,200
bren_dou,Kickstarter,https://www.kickstarter.com,https://www.kickstarter.com/profile/bren_dou,Unknown,403
bren_dou,Ebay,https://www.ebay.com/,https://www.ebay.com/usr/bren_dou,Unknown,200
bren_dou,GoodReads,https://www.goodreads.com/,https://www.goodreads.com/bren_dou,Available,404
bren_dou,DailyMotion,https://www.dailymotion.com,https://www.dailymotion.com/bren_dou,Available,404
bren_dou,TripAdvisor,https://tripadvisor.com/,https://tripadvisor.com/members/bren_dou,Unknown,403
bren_dou,Academia.edu,https://www.academia.edu/,https://independent.academia.edu/bren_dou,Available,404
bren_dou,Unsplash,https://unsplash.com/,https://unsplash.com/@bren_dou,Available,404
bren_dou,Steam (Group),https://steamcommunity.com/,https://steamcommunity.com/groups/bren_dou,Available,200
bren_dou,Livejasmin,https://www.livejasmin.com/,https://www.livejasmin.com/en/girls/#!chat/bren_dou,Available,200
bren_dou,Steam,https://steamcommunity.com/,https://steamcommunity.com/id/bren_dou,Available,200
bren_dou,Weebly,http://weebly.com,,Illegal,
bren_dou,AppleDiscussions,https://discussions.apple.com/,https://discussions.apple.com/profile/bren_dou,Unknown,403
bren_dou,Freelancer.com,https://www.freelancer.com/,https://www.freelancer.com/api/users/0.1/users?usernames%5B%5D=bren_dou&compact=true,Available,200
bren_dou,Imgur,https://imgur.com,https://imgur.com/user/bren_dou,Available,404
bren_dou,Disqus,https://disqus.com/,https://disqus.com/bren_dou,Available,400
bren_dou,giphy.com,https://giphy.com,https://giphy.com/channel/bren_dou,Available,404
bren_dou,Blogger,https://www.blogger.com/,https://bren_dou.blogspot.com,Available,404
bren_dou,TradingView,https://www.tradingview.com/,https://www.tradingview.com/u/bren_dou,Available,404
bren_dou,Fandom,https://www.fandom.com/,https://www.fandom.com/u/bren_dou,Available,404
bren_dou,ThemeForest,https://themeforest.net,https://themeforest.net/user/bren_dou,Available,404
bren_dou,Gamefaqs,https://gamefaqs.gamespot.com,https://gamefaqs.gamespot.com/community/bren_dou,Unknown,401
bren_dou,mercadolivre,https://www.mercadolivre.com.br,https://www.mercadolivre.com.br/perfil/bren_dou,Available,404
bren_dou,CloudflareCommunity,https://community.cloudflare.com/,https://community.cloudflare.com/u/bren_dou/summary,Unknown,403
bren_dou,BleachFandom,https://bleach.fandom.com/ru,https://bleach.fandom.com/ru/wiki/%D0%A3%D1%87%D0%B0%D1%81%D1%82%D0%BD%D0%B8%D0%BA:bren_dou,Available,404
bren_dou,Telegram,https://t.me/,https://t.me/bren_dou,Available,200
bren_dou,discourse.mozilla.org,https://discourse.mozilla.org,https://discourse.mozilla.org/u/bren_dou/summary,Available,404
bren_dou,Dreamstime,https://www.dreamstime.com,https://www.dreamstime.com/bren_dou_info,Unknown,403
bren_dou,Armchairgm,https://armchairgm.fandom.com/,https://armchairgm.fandom.com/wiki/User:bren_dou,Available,404
bren_dou,Wattpad,https://www.wattpad.com/,https://www.wattpad.com/user/bren_dou,Available,404
bren_dou,Discogs,https://www.discogs.com/,https://www.discogs.com/user/bren_dou,Unknown,403
bren_dou,TheVerge,https://www.theverge.com,https://www.theverge.com/users/bren_dou,Available,410
bren_dou,Issuu,https://issuu.com/,https://issuu.com/bren_dou,Available,404
bren_dou,Battleraprus,https://battleraprus.fandom.com/ru,https://battleraprus.fandom.com/ru/wiki/%D0%A3%D1%87%D0%B0%D1%81%D1%82%D0%BD%D0%B8%D0%BA:bren_dou,Available,404
bren_dou,FandomCommunityCentral,https://community.fandom.com,https://community.fandom.com/wiki/User:bren_dou,Available,404
bren_dou,Nairaland Forum,https://www.nairaland.com/,https://www.nairaland.com/bren_dou,Unknown,403
bren_dou,1337x,https://1337x.to,https://1337x.to/user/bren_dou/,Available,200
bren_dou,opensea.io,https://opensea.io,https://opensea.io/accounts/bren_dou,Available,404
bren_dou,ChaturBate,https://chaturbate.com,https://chaturbate.com/bren_dou,Available,404
bren_dou,Gamespot,https://www.gamespot.com/,https://www.gamespot.com/profile/bren_dou/,Available,404
bren_dou,Amazon,https://amazon.com,https://amazon.com/author/bren_dou,Available,404
bren_dou,AllRecipes,https://www.allrecipes.com/,https://www.allrecipes.com/cook/bren_dou,Available,404
bren_dou,calendly.com,https://calendly.com,https://calendly.com/bren_dou/15min,Available,404
bren_dou,WordPressOrg,https://wordpress.org/,https://profiles.wordpress.org/bren_dou/,Available,404
bren_dou,VK,https://vk.com/,https://vk.com/bren_dou,Available,404
bren_dou,community.brave.com,https://community.brave.com,https://community.brave.com/u/bren_dou/summary,Available,404
bren_dou,Genius,https://genius.com/,https://genius.com/bren_dou,Available,404
bren_dou,PeopleIgn,https://people.ign.com/,https://people.ign.com/bren_dou,Available,404
bren_dou,BuzzFeed,https://buzzfeed.com/,https://buzzfeed.com/bren_dou,Available,404
bren_dou,Artstation,https://www.artstation.com,https://www.artstation.com/bren_dou,Unknown,403
bren_dou,Rottentomatoes,https://www.rottentomatoes.com,https://www.rottentomatoes.com/critic/bren_dou/movies,Available,404
bren_dou,Duolingo,https://duolingo.com/,https://www.duolingo.com/profile/bren_dou,Available,200
bren_dou,MyFitnessPal,https://www.myfitnesspal.com/,https://www.myfitnesspal.com/profile/bren_dou,Unknown,403
bren_dou,forum.wordreference.com,https://forum.wordreference.com,https://forum.wordreference.com/members/?username=bren_dou,Available,200
bren_dou,community.adobe.com,https://community.adobe.com,https://community.adobe.com/t5/forums/searchpage/tab/user?q=bren_dou,Available,200
bren_dou,Aparat,https://www.aparat.com,https://www.aparat.com/bren_dou,Available,404
bren_dou,AfreecaTV,http://bjapi.afreecatv.com,http://bjapi.afreecatv.com/api/bren_dou/station,Unknown,515
bren_dou,OK,https://ok.ru/,https://ok.ru/bren_dou,Available,404
bren_dou,Wowhead,https://www.wowhead.com,https://www.wowhead.com/user=bren_dou,Available,404
bren_dou,Rutracker,https://rutracker.org/,https://rutracker.org/forum/profile.php?mode=viewprofile&u=bren_dou,Available,200
bren_dou,Envato,https://forums.envato.com,https://forums.envato.com/u/bren_dou/summary,Available,404
bren_dou,AppleDeveloper,https://developer.apple.com/forums,https://developer.apple.com/forums/profile/bren_dou,Available,404
bren_dou,HabrCareer,https://career.habr.com/,https://career.habr.com/bren_dou,Available,404
bren_dou,MyAnimeList,https://myanimelist.net/,https://myanimelist.net/profile/bren_dou,Available,404
bren_dou,Pinterest,https://www.pinterest.com/,https://www.pinterest.com/bren_dou/,Available,200
bren_dou,Toster,https://qna.habr.com/,https://qna.habr.com/user/bren_dou,Available,404
bren_dou,SoftwareInformer,https://users.software.informer.com,https://users.software.informer.com/bren_dou/,Available,301
bren_dou,Codepen,https://codepen.io/,https://codepen.io/bren_dou,Unknown,403
bren_dou,cyber.harvard.edu,https://cyber.harvard.edu,https://cyber.harvard.edu/people/bren_dou,Available,404
bren_dou,Kaggle,https://www.kaggle.com/,https://www.kaggle.com/bren_dou,Available,404
bren_dou,Codecanyon,https://codecanyon.net,https://codecanyon.net/user/bren_dou,Available,404
bren_dou,Eksisozluk,https://eksisozluk.com,https://eksisozluk.com/biri/bren_dou,Available,404
bren_dou,Myspace,https://myspace.com/,https://myspace.com/bren_dou,Available,404
bren_dou,BodyBuilding,https://bodyspace.bodybuilding.com/,https://bodyspace.bodybuilding.com/bren_dou,Available,302
bren_dou,Scratch,https://scratch.mit.edu/,https://scratch.mit.edu/users/bren_dou,Available,404
bren_dou,Plurk,https://www.plurk.com/,https://www.plurk.com/bren_dou,Available,200
bren_dou,My.Mail.ru@bk.ru,https://my.mail.ru/,https://my.mail.ru/bk/bren_dou/,Available,404
bren_dou,My.Mail.ru@list.ru,https://my.mail.ru/,https://my.mail.ru/list/bren_dou/,Available,404
bren_dou,Redbubble,https://www.redbubble.com/,https://www.redbubble.com/people/bren_dou,Available,404
bren_dou,Wikipedia,https://www.wikipedia.org/,https://www.wikipedia.org/wiki/User:bren_dou,Available,404
bren_dou,My.Mail.ru@ya.ru,https://my.mail.ru/,https://my.mail.ru/ya.ru/bren_dou/,Available,404
bren_dou,YandexMusic,https://music.yandex.ru/,https://music.yandex.ru/users/bren_dou/playlists,Available,404
bren_dou,Zomato,https://www.zomato.com/,https://www.zomato.com/pl/bren_dou/foodjourney,Available,404
bren_dou,community.simplilearn.com,https://community.simplilearn.com,https://community.simplilearn.com/members/?username=bren_dou,Available,404
bren_dou,Ultimate-Guitar,https://ultimate-guitar.com/,https://ultimate-guitar.com/u/bren_dou,Available,410
bren_dou,Reddit,https://www.reddit.com/,https://www.reddit.com/user/bren_dou,Available,200
bren_dou,Weibo,https://weibo.com,https://weibo.com/bren_dou,Available,400
bren_dou,Pathofexile,https://ru.pathofexile.com,https://ru.pathofexile.com/account/view-profile/bren_dou,Unknown,403
bren_dou,DiscussPython,https://discuss.python.org/,https://discuss.python.org/u/bren_dou/summary,Available,404
bren_dou,Bandcamp,https://www.bandcamp.com/,https://www.bandcamp.com/bren_dou,Available,404
bren_dou,247sports,https://247sports.com,https://247sports.com/user/bren_dou/,Available,404
bren_dou,Twitch,https://www.twitch.tv/,https://twitchtracker.com/bren_dou,Claimed,200
bren_dou,Tinder,https://tinder.com/,https://www.tinder.com/@bren_dou,Available,200
bren_dou,123rf,https://ru.123rf.com,https://ru.123rf.com/profile_bren_dou,Available,302
bren_dou,ComicvineGamespot,https://comicvine.gamespot.com/,https://comicvine.gamespot.com/profile/bren_dou,Available,404
bren_dou,adblockplus.org,https://adblockplus.org,https://adblockplus.org/forum/search.php?keywords=&terms=all&author=bren_dou,Available,200
bren_dou,Dribbble,https://dribbble.com/,https://dribbble.com/bren_dou,Available,404
bren_dou,Pikabu,https://pikabu.ru/,https://pikabu.ru/@bren_dou,Available,404
bren_dou,Pastebin,https://pastebin.com/,https://pastebin.com/u/bren_dou,Available,404
bren_dou,Bit.ly,https://bit.ly,https://bit.ly/bren_dou,Available,404
bren_dou,Polygon,https://www.polygon.com/,https://www.polygon.com/users/bren_dou,Available,404
bren_dou,Pornhub,https://pornhub.com/,https://pornhub.com/users/bren_dou,Available,404
bren_dou,Habr,https://habr.com/,https://habr.com/ru/users/bren_dou/,Available,404
bren_dou,Gab,https://gab.com/,https://gab.com/bren_dou,Available,404
bren_dou,Studfile,https://studfile.net,https://studfile.net/users/bren_dou/,Available,404
bren_dou,drive2,https://www.drive2.ru/,https://www.drive2.ru/users/bren_dou,Available,404
bren_dou,Freelance.habr,https://freelance.habr.com/,https://freelance.habr.com/freelancers/bren_dou,Available,410
bren_dou,Gofundme,https://www.gofundme.com,https://www.gofundme.com/f/bren_dou,Available,404
bren_dou,jsfiddle.net,https://jsfiddle.net,https://jsfiddle.net/user/bren_dou/,Available,404
bren_dou,CreativeMarket,https://creativemarket.com/,https://creativemarket.com/users/bren_dou,Unknown,403
bren_dou,LiveJournal,https://www.livejournal.com/,https://bren_dou.livejournal.com,Available,404
bren_dou,500px,https://500px.com/,https://500px.com/p/bren_dou,Unknown,200
bren_dou,Sbnation,https://www.sbnation.com,https://www.sbnation.com/users/bren_dou,Available,404
bren_dou,www.change.org,https://www.change.org,https://www.change.org/o/bren_dou,Available,404
bren_dou,last.fm,https://last.fm/,https://last.fm/user/bren_dou,Available,404
bren_dou,PCGamer,https://pcgamer.com,https://forums.pcgamer.com/members/?username=bren_dou,Available,200
bren_dou,Itch.io,https://itch.io/,https://bren_dou.itch.io/,Available,404
bren_dou,Tom's guide,http://forums.tomsguide.com,http://forums.tomsguide.com/members/?username=bren_dou,Available,200
bren_dou,xHamster,https://xhamster.com,https://xhamster.com/users/bren_dou,Available,404
bren_dou,AskFM,https://ask.fm/,https://ask.fm/bren_dou,Unknown,0
bren_dou,amp.flipboard.com,https://amp.flipboard.com,https://amp.flipboard.com/@bren_dou,Available,404
bren_dou,note,https://note.com/,https://note.com/bren_dou,Available,404
bren_dou,sports.ru,https://www.sports.ru/,https://www.sports.ru/profile/bren_dou/,Available,404
bren_dou,Ccm,https://ccm.net,https://ccm.net/profile/user/bren_dou,Available,404
bren_dou,beacons.ai,https://beacons.ai,https://beacons.ai/bren_dou,Unknown,403
bren_dou,YouPorn,https://youporn.com,https://youporn.com/uservids/bren_dou,Available,404
bren_dou,Freecodecamp,https://www.freecodecamp.org/forum/,https://www.freecodecamp.org/forum/u/bren_dou/summary,Available,404
bren_dou,forums.sketchup.com,https://forums.sketchup.com,https://forums.sketchup.com/u/bren_dou/summary,Available,404
bren_dou,Wikidot,http://www.wikidot.com/,http://www.wikidot.com/user:info/bren_dou,Available,200
bren_dou,forum.sketchfab.com,https://forum.sketchfab.com,https://forum.sketchfab.com/u/bren_dou/summary,Available,200
bren_dou,Lichess,https://lichess.org,https://lichess.org/@/bren_dou,Available,404
bren_dou,Redtube,https://ru.redtube.com/,https://ru.redtube.com/users/bren_dou,Available,404
bren_dou,community.icons8.com,https://community.icons8.com,https://community.icons8.com/u/bren_dou/summary,Available,404
bren_dou,Docker Hub,https://hub.docker.com/,https://hub.docker.com/u/bren_dou/,Available,404
bren_dou,BoardGameGeek,https://boardgamegeek.com,https://boardgamegeek.com/user/bren_dou,Available,200
bren_dou,TomsHardware,https://forums.tomshardware.com/,https://forums.tomshardware.com/members/?username=bren_dou,Available,200
bren_dou,Letterboxd,https://letterboxd.com/,https://letterboxd.com/bren_dou,Available,404
bren_dou,djskt.lnk.to,https://djskt.lnk.to,https://djskt.lnk.to/bren_dou,Available,404
bren_dou,Cracked,https://www.cracked.com/,https://www.cracked.com/members/bren_dou/,Available,301
bren_dou,Codecademy,https://www.codecademy.com/,https://www.codecademy.com/profiles/bren_dou,Available,200
bren_dou,Roblox,https://www.roblox.com/,https://www.roblox.com/user.aspx?username=bren_dou,Claimed,200
bren_dou,AllTrails,https://www.alltrails.com/,https://www.alltrails.com/members/bren_dou,Unknown,403
bren_dou,Infourok,https://infourok.ru,https://infourok.ru/user/bren_dou,Available,404
bren_dou,videohive.net,https://videohive.net,https://videohive.net/user/bren_dou,Available,404
bren_dou,9GAG,https://www.9gag.com/,https://www.9gag.com/u/bren_dou,Available,404
bren_dou,forums.opera.com,https://forums.opera.com/,https://forums.opera.com/user/bren_dou,Available,404
bren_dou,DeviantART,https://deviantart.com,https://bren_dou.deviantart.com,Claimed,200
bren_dou,fotostrana.ru,https://fotostrana.ru,https://fotostrana.ru/bren_dou/,Unknown,403
bren_dou,Muckrack,https://muckrack.com,https://muckrack.com/bren_dou,Unknown,403
bren_dou,99designs.com,https://99designs.com,https://99designs.com/profiles/bren_dou,Available,404
bren_dou,Thechive,https://thechive.com/,https://thechive.com/author/bren_dou,Available,404
bren_dou,discuss.codecademy.com,https://discuss.codecademy.com,https://discuss.codecademy.com/u/bren_dou/summary,Available,404
bren_dou,forums.docker.com,https://forums.docker.com,https://forums.docker.com/u/bren_dou/summary,Available,404
bren_dou,Eporner,,https://www.eporner.com/profile/bren_dou/,Available,404
bren_dou,Pluralsight,https://app.pluralsight.com,https://app.pluralsight.com/profile/author/bren_dou,Available,404
bren_dou,Rajce.net,https://www.rajce.idnes.cz/,https://bren_dou.rajce.idnes.cz/,Available,410
bren_dou,Weforum,https://www.weforum.org,https://www.weforum.org/people/bren_dou,Unknown,403
bren_dou,GitLab,https://gitlab.com/,https://gitlab.com/bren_dou,Available,200
bren_dou,TemplateMonster,https://www.templatemonster.com,https://www.templatemonster.com/authors/bren_dou/,Available,404
bren_dou,Kaskus,https://www.kaskus.co.id,https://www.kaskus.co.id/@bren_dou,Available,404
bren_dou,BitBucket,https://bitbucket.org/,https://bitbucket.org/bren_dou/,Available,404
bren_dou,hackernoon.com,https://hackernoon.com,https://hackernoon.com/u/bren_dou,Available,200
bren_dou,osu!,https://osu.ppy.sh/,https://osu.ppy.sh/users/bren_dou,Available,404
bren_dou,Guru,https://www.guru.com,https://www.guru.com/freelancers/bren_dou,Available,404
bren_dou,Baidu,https://tieba.baidu.com,https://tieba.baidu.com/home/main?un=bren_dou,Available,200
bren_dou,lyricstranslate.com,https://lyricstranslate.com,https://lyricstranslate.com/sco/translator/bren_dou,Available,404
bren_dou,Flickr,https://www.flickr.com/,https://www.flickr.com/photos/bren_dou,Available,404
bren_dou,angel.co,https://angel.co,https://angel.co/u/bren_dou,Unknown,403
bren_dou,techspot.com,http://www.techspot.com/community/,http://www.techspot.com/community/members/?username=bren_dou,Unknown,403
bren_dou,Jigsawplanet,https://www.jigsawplanet.com,https://www.jigsawplanet.com/bren_dou,Available,404
bren_dou,TechPowerUp,https://www.techpowerup.com,https://www.techpowerup.com/forums/members/?username=bren_dou,Available,200
bren_dou,{username}.tilda.ws,https://tilda.ws,https://bren_dou.tilda.ws,Available,404
bren_dou,DEV Community,https://dev.to/,https://dev.to/bren_dou,Available,404
bren_dou,DigitalOcean,https://www.digitalocean.com/,https://www.digitalocean.com/community/users/bren_dou,Available,404
bren_dou,HubPages,https://hubpages.com/,https://hubpages.com/@bren_dou,Available,404
bren_dou,MixCloud,https://www.mixcloud.com/,https://www.mixcloud.com/bren_dou/,Available,404
bren_dou,profile.hatena.ne.jp,https://profile.hatena.ne.jp,https://profile.hatena.ne.jp/bren_dou/,Available,404
bren_dou,ImgInn,https://imginn.com,https://imginn.com/bren_dou/,Claimed,200
bren_dou,iRecommend.RU,https://irecommend.ru/,https://irecommend.ru/users/bren_dou,Unknown,521
bren_dou,Gog,https://www.gog.com/,https://www.gog.com/u/bren_dou,Available,404
bren_dou,steemit,https://steemit.com,https://steemit.com/@bren_dou,Available,404
bren_dou,AlternativeTo,https://alternativeto.net/,https://alternativeto.net/user/bren_dou,Unknown,403
bren_dou,Gumroad,https://www.gumroad.com/,https://www.gumroad.com/bren_dou,Available,404
bren_dou,Instructables,https://www.instructables.com/,https://www.instructables.com/member/bren_dou,Available,404
bren_dou,Techrepublic,https://www.techrepublic.com,https://www.techrepublic.com/members/profile/bren_dou/,Available,404
bren_dou,pr0gramm,https://pr0gramm.com/,https://pr0gramm.com/api/profile/info?name=bren_dou,Available,404
bren_dou,jeuxvideo,http://www.jeuxvideo.com,http://www.jeuxvideo.com/profil/bren_dou?mode=infos,Available,404
bren_dou,authorSTREAM,http://www.authorstream.com/,http://www.authorstream.com/author/bren_dou/,Claimed,200
bren_dou,Foursquare,https://foursquare.com/,https://foursquare.com/bren_dou,Available,404
bren_dou,Flightradar24,https://www.flightradar24.com/,https://my.flightradar24.com/bren_dou,Available,404
bren_dou,OpenStreetMap,https://www.openstreetmap.org/,https://www.openstreetmap.org/user/bren_dou,Available,404
bren_dou,Yummly,https://www.yummly.com,https://mapi.yummly.com/mapi/v19/user/bren_dou,Unknown,0
bren_dou,Zoomir.ir,https://www.zoomit.ir,https://www.zoomit.ir/user/bren_dou,Available,404
bren_dou,depop.com,https://www.depop.com,https://www.depop.com/bren_dou,Unknown,403
bren_dou,Audiojungle,https://audiojungle.net/,https://audiojungle.net/user/bren_dou,Available,404
bren_dou,Cheezburger,https://profile.cheezburger.com,https://profile.cheezburger.com/bren_dou,Available,302
bren_dou,Codementor,https://www.codementor.io/,https://www.codementor.io/bren_dou,Available,404
bren_dou,www.gamesradar.com,https://www.gamesradar.com,https://www.gamesradar.com/uk/author/bren_dou/,Available,404
bren_dou,AllKPop,https://www.allkpop.com/,https://www.allkpop.com/profile/bren_dou,Available,302
bren_dou,Slashdot,https://slashdot.org,https://slashdot.org/~bren_dou,Available,404
bren_dou,Weedmaps,https://weedmaps.com,https://weedmaps.com/brands/bren_dou,Unknown,403
bren_dou,Warrior Forum,https://www.warriorforum.com/,https://www.warriorforum.com/members/bren_dou.html,Available,400
bren_dou,FilmWeb,https://www.filmweb.pl/user/adam,https://www.filmweb.pl/user/bren_dou,Available,200
bren_dou,forum.blackmagicdesign.com,https://forum.blackmagicdesign.com,https://forum.blackmagicdesign.com/search.php?author=bren_dou,Available,200
bren_dou,opensource,https://opensource.com/,https://opensource.com/users/bren_dou,Available,404
bren_dou,Pokemon Showdown,https://pokemonshowdown.com,https://pokemonshowdown.com/users/bren_dou,Available,404
bren_dou,Rate Your Music,https://rateyourmusic.com/,https://rateyourmusic.com/~bren_dou,Unknown,403
bren_dou,Trakt,https://www.trakt.tv/,https://www.trakt.tv/users/bren_dou,Unknown,403
bren_dou,forums.bulbagarden.net,http://forums.bulbagarden.net,http://forums.bulbagarden.net/members/?username=bren_dou,Claimed,403
bren_dou,VSCO,https://vsco.co/,https://vsco.co/bren_dou,Available,404
bren_dou,Stihi.ru,https://www.stihi.ru/,https://www.stihi.ru/avtor/bren_dou,Available,200
bren_dou,PlanetMinecraft,https://www.planetminecraft.com,https://www.planetminecraft.com/member/bren_dou,Unknown,403
bren_dou,Championat,https://www.championat.com/,https://www.championat.com/user/bren_dou,Available,404
bren_dou,Discuss.Elastic.co,https://discuss.elastic.co/,https://discuss.elastic.co/u/bren_dou/summary,Available,404
bren_dou,Venmo,https://venmo.com/,https://venmo.com/bren_dou,Available,404
bren_dou,Pinkbike,https://www.pinkbike.com/,https://www.pinkbike.com/u/bren_dou/,Unknown,403
bren_dou,fixya,https://www.fixya.com,https://www.fixya.com/users/bren_dou,Available,404
bren_dou,F6S,https://f6s.com/,https://www.f6s.com/bren_dou,Available,200
bren_dou,Xvideos,https://xvideos.com/,https://xvideos.com/profiles/bren_dou,Available,404
bren_dou,Douban,https://www.douban.com,https://www.douban.com/people/bren_dou/,Unknown,403
bren_dou,Repl.it,https://repl.it/,https://repl.it/@bren_dou,Available,404
bren_dou,IFTTT,https://www.ifttt.com/,,Illegal,
bren_dou,Ameba,https://profile.ameba.jp,https://profile.ameba.jp/ameba/bren_dou/,Available,404
bren_dou,999.md,https://999.md,https://999.md/ru/profile/bren_dou,Available,404
bren_dou,www.minds.com,https://www.minds.com,https://www.minds.com/bren_dou,Available,404
bren_dou,Memrise,https://www.memrise.com/,https://www.memrise.com/user/bren_dou/,Available,301
bren_dou,forums.serebii.net,https://forums.serebii.net,https://forums.serebii.net/members/?username=bren_dou,Claimed,403
bren_dou,ModDB,https://www.moddb.com/,https://www.moddb.com/members/bren_dou,Unknown,403
bren_dou,Flipboard,https://flipboard.com/,https://flipboard.com/@bren_dou,Available,404
bren_dou,Gravatar,http://en.gravatar.com/,http://en.gravatar.com/bren_dou,Available,404
bren_dou,Anime-planet,https://www.anime-planet.com,https://www.anime-planet.com/forum/members/?username=bren_dou,Available,200
bren_dou,Baby.ru,https://www.baby.ru/,https://www.baby.ru/u/bren_dou/,Available,404
bren_dou,FortniteTracker,https://fortnitetracker.com/challenges,https://fortnitetracker.com/profile/all/bren_dou,Unknown,403
bren_dou,SeoClerks,https://www.seoclerks.com,https://www.seoclerks.com/user/bren_dou,Available,302
bren_dou,WikimapiaSearch,http://wikimapia.org,http://wikimapia.org/user/tools/users_rating/?username=bren_dou,Available,200
bren_dou,Xing,https://www.xing.com/,https://www.xing.com/profile/bren_dou,Available,404
bren_dou,Livemaster,https://www.livemaster.ru,https://www.livemaster.ru/bren_dou,Available,404
bren_dou,Codechef,https://www.codechef.com/,https://www.codechef.com/users/bren_dou,Available,302
bren_dou,kwork,https://www.kwork.ru/,https://kwork.ru/user/bren_dou,Available,404
bren_dou,community.getpostman.com,https://community.getpostman.com,https://community.getpostman.com/u/bren_dou/summary,Available,404
bren_dou,About.me,https://about.me/,https://about.me/bren_dou,Available,404
bren_dou,forum.audacityteam.org,https://forum.audacityteam.org,https://forum.audacityteam.org/search.php?author=bren_dou,Available,404
bren_dou,Sporcle,https://www.sporcle.com/,https://www.sporcle.com/user/bren_dou/people,Available,404
bren_dou,rapidapi.com,https://rapidapi.com,https://rapidapi.com/blog/author/bren_dou/,Available,404
bren_dou,forums.linuxmint.com,https://forums.linuxmint.com,https://forums.linuxmint.com/search.php?author=bren_dou,Available,200
bren_dou,AdvancedCustomFields,https://support.advancedcustomfields.com/,https://support.advancedcustomfields.com/forums/users/bren_dou,Available,404
bren_dou,LiveLib,https://www.livelib.ru/,https://www.livelib.ru/reader/bren_dou,Claimed,200
bren_dou,NPM,https://www.npmjs.com/,https://www.npmjs.com/~bren_dou,Available,429
bren_dou,SkyscraperCity,https://www.skyscrapercity.com,https://www.skyscrapercity.com/members/?username=bren_dou,Available,200
bren_dou,Fark,https://www.fark.com/,https://www.fark.com/users/bren_dou/,Available,200
bren_dou,forums.majorgeeks.com,https://forums.majorgeeks.com,https://forums.majorgeeks.com/members/?username=bren_dou,Available,200
bren_dou,BuyMeACoffee,https://www.buymeacoffee.com/,https://buymeacoff.ee/bren_dou,Available,404
bren_dou,www.itemfix.com,https://www.itemfix.com,https://www.itemfix.com/c/bren_dou,Available,200
bren_dou,NPM-Package,https://www.npmjs.com/,https://www.npmjs.com/package/bren_dou,Available,429
bren_dou,Gitee,https://gitee.com/,https://gitee.com/bren_dou,Available,404
bren_dou,NameMC,https://namemc.com/,https://namemc.com/profile/bren_dou,Unknown,403
bren_dou,Picuki,https://www.picuki.com/,https://www.picuki.com/profile/bren_dou,Claimed,200
bren_dou,author.today,https://author.today,https://author.today/u/bren_dou,Unknown,403
bren_dou,easyen,https://easyen.ru,https://easyen.ru/index/8-0-bren_dou,Unknown,403
bren_dou,NICommunityForum,https://www.native-instruments.com/forum/,https://www.native-instruments.com/forum/members/?username=bren_dou,Available,403
bren_dou,forum.pkp.sfu.ca,https://forum.pkp.sfu.ca,https://forum.pkp.sfu.ca/u/bren_dou/summary,Unknown,403
bren_dou,ProductHunt,https://www.producthunt.com/,https://www.producthunt.com/@bren_dou,Available,200
bren_dou,SublimeForum,https://forum.sublimetext.com/,https://forum.sublimetext.com/u/bren_dou/summary,Available,404
bren_dou,dailykos,https://www.dailykos.com,https://www.dailykos.com/user/bren_dou,Available,404
bren_dou,ReverbNation,https://www.reverbnation.com/,https://www.reverbnation.com/bren_dou,Available,404
bren_dou,Diigo,https://www.diigo.com/,https://www.diigo.com/interact_api/load_profile_info?name=bren_dou,Available,200
bren_dou,accounts.eclipse.org,https://accounts.eclipse.org,https://accounts.eclipse.org/users/bren_dou,Available,404
bren_dou,blogs.klerk.ru,https://blogs.klerk.ru,https://blogs.klerk.ru/users/bren_dou/,Available,200
bren_dou,www.tagged.com,http://www.tagged.com,http://www.tagged.com/bren_dou,Available,200
bren_dou,PyPi,https://pypi.org/,https://pypi.org/user/bren_dou,Unknown,200
bren_dou,doctissimo,https://club.doctissimo.fr,https://club.doctissimo.fr/bren_dou/,Available,404
bren_dou,Coub,https://coub.com/,https://coub.com/bren_dou,Available,404
bren_dou,N4g,https://n4g.com/,https://n4g.com/user/home/bren_dou,Available,404
bren_dou,BOOTH,https://booth.pm/,https://bren_dou.booth.pm/,Available,302
bren_dou,Pandia,https://pandia.ru,https://pandia.ru/user/profile/bren_dou,Available,404
bren_dou,hashnode,https://hashnode.com,https://hashnode.com/@bren_dou,Claimed,429
bren_dou,MuffinGroup,https://forum.muffingroup.com,https://forum.muffingroup.com/betheme/profile/bren_dou,Available,404
bren_dou,discussion.squadhelp.com,https://discussion.squadhelp.com,https://discussion.squadhelp.com/u/bren_dou/summary,Unknown,403
bren_dou,Americanthinker,https://www.americanthinker.com/,https://www.americanthinker.com/author/bren_dou/,Available,404
bren_dou,Smugmug,https://smugmug.com/,https://bren_dou.smugmug.com/,Available,404
bren_dou,TheSimsResource,https://www.thesimsresource.com/,https://www.thesimsresource.com/members/bren_dou/,Available,302
bren_dou,Packagist,https://packagist.org/,https://packagist.org/packages/bren_dou/,Available,302
bren_dou,codeforces.com,http://codeforces.com,http://codeforces.com/profile/bren_dou,Available,200
bren_dou,Teletype,https://teletype.in,https://teletype.in/@bren_dou,Available,404
bren_dou,Kwejk,https://kwejk.pl,https://kwejk.pl/uzytkownik/bren_dou#/tablica/,Available,404
bren_dou,Mix,https://mix.com,https://mix.com/bren_dou,Available,404
bren_dou,bbs.boingboing.net,https://bbs.boingboing.net,https://bbs.boingboing.net/u/bren_dou/summary,Unknown,403
bren_dou,interpals,https://www.interpals.net/,https://www.interpals.net/bren_dou,Available,200
bren_dou,Artsy,https://www.artsy.net,https://www.artsy.net/artist/bren_dou,Available,404
bren_dou,Bibsonomy,https://www.bibsonomy.org,https://www.bibsonomy.org/user/bren_dou,Available,404
bren_dou,Speedrun.com,https://speedrun.com/,https://speedrun.com/users/bren_dou,Available,404
bren_dou,Typeracer,https://typeracer.com,https://data.typeracer.com/pit/profile?user=bren_dou,Available,200
bren_dou,Funnyjunk,https://funnyjunk.com/,https://funnyjunk.com/user/bren_dou,Available,307
bren_dou,TVTropes,https://tvtropes.org,https://tvtropes.org/pmwiki/pmwiki.php/Tropers/bren_dou,Available,404
bren_dou,kofi,https://ko-fi.com,https://ko-fi.com/bren_dou,Claimed,200
bren_dou,Picsart,https://picsart.com/,https://picsart.com/u/bren_dou,Available,404
bren_dou,Screwfix,https://community.screwfix.com,https://community.screwfix.com/members/?username=bren_dou,Available,200
bren_dou,AdultFriendFinder,https://adultfriendfinder.com,https://adultfriendfinder.com/profile/bren_dou,Claimed,200
bren_dou,Influenster,https://www.influenster.com/,https://www.influenster.com/bren_dou,Unknown,403
bren_dou,Neoseeker,https://www.neoseeker.com,https://www.neoseeker.com/members/bren_dou/,Unknown,403
bren_dou,Namepros,https://www.namepros.com/,https://www.namepros.com/members/?username=bren_dou,Available,403
bren_dou,eBaumsWorld,https://www.ebaumsworld.com/,https://www.ebaumsworld.com/user/profile/bren_dou,Available,404
bren_dou,Justlanded,https://community.justlanded.com,https://community.justlanded.com/en/profile/bren_dou,Available,404
bren_dou,Speakerdeck,https://speakerdeck.com,https://speakerdeck.com/bren_dou,Available,404
bren_dou,discourse.jupyter.org,https://discourse.jupyter.org,https://discourse.jupyter.org/u/bren_dou/summary,Available,404
bren_dou,joyreactor.cc,http://joyreactor.cc,http://joyreactor.cc/user/bren_dou,Available,301
bren_dou,Vivino,https://www.vivino.com/,https://www.vivino.com/users/bren_dou,Available,404
bren_dou,ifunny.co,https://www.ifunny.co,https://www.ifunny.co/user/bren_dou,Available,404
bren_dou,HackerOne,https://hackerone.com/,https://hackerone.com/bren_dou,Available,404
bren_dou,Truelancer,https://www.truelancer.com,https://www.truelancer.com/freelancer/bren_dou,Available,200
bren_dou,Krstarica,https://forum.krstarica.com,https://forum.krstarica.com/members/?username=bren_dou,Available,200
bren_dou,Smule,https://www.smule.com/,https://www.smule.com/bren_dou,Available,200
bren_dou,Mouthshut,https://www.mouthshut.com/,https://www.mouthshut.com/bren_dou,Available,302
bren_dou,MoneySavingExpert,https://forums.moneysavingexpert.com,https://forums.moneysavingexpert.com/profile/bren_dou,Available,404
bren_dou,Voices,https://www.voices.com/,https://www.voices.com/actors/bren_dou,Unknown,403
bren_dou,TheOdysseyOnline,https://www.theodysseyonline.com,https://www.theodysseyonline.com/user/@bren_dou,Available,404
bren_dou,forums.indiegala.com,https://forums.indiegala.com,https://forums.indiegala.com/members/?username=bren_dou,Available,200
bren_dou,Pbase,https://pbase.com/,https://pbase.com/bren_dou/profile,Available,200
bren_dou,Pixwox,https://www.pixwox.com,https://www.pixwox.com/profile/bren_dou/,Claimed,200
bren_dou,allmylinks,https://allmylinks.com/,https://allmylinks.com/bren_dou,Available,404
bren_dou,Edocr,https://www.edocr.com,https://www.edocr.com/user/bren_dou/,Available,404
bren_dou,Empflix,https://www.empflix.com,https://www.empflix.com/profile/bren_dou/,Available,301
bren_dou,iXBT,https://forum.ixbt.com,https://forum.ixbt.com/users.cgi?id=info:bren_dou,Available,404
bren_dou,Kongregate,https://www.kongregate.com/,https://www.kongregate.com/accounts/bren_dou,Available,404
bren_dou,ImageShack,https://imageshack.com/,https://imageshack.com/user/bren_dou,Available,302
bren_dou,Jimdo,https://jimdosite.com/,https://bren_dou.jimdosite.com,Unknown,403
bren_dou,forum.snapcraft.io,https://forum.snapcraft.io,https://forum.snapcraft.io/u/bren_dou/summary,Available,404
bren_dou,hiveos.farm,https://forum.hiveos.farm,https://forum.hiveos.farm/u/bren_dou/summary,Available,404
bren_dou,forums.visual-paradigm.com,https://forums.visual-paradigm.com,https://forums.visual-paradigm.com/u/bren_dou/summary,Available,404
bren_dou,Proza.ru,https://www.proza.ru/,https://www.proza.ru/avtor/bren_dou,Available,200
bren_dou,Niftygateway,https://api.niftygateway.com,https://niftygateway.com/profile/bren_dou,Available,400
bren_dou,Freesound,https://freesound.org/,https://freesound.org/people/bren_dou/,Available,404
bren_dou,Slides,https://slides.com/,https://slides.com/bren_dou,Available,404
bren_dou,Armorgames,https://armorgames.com,https://armorgames.com/user/bren_dou,Available,302
bren_dou,Wykop,https://www.wykop.pl,https://www.wykop.pl/ludzie/bren_dou/,Available,404
bren_dou,couchsurfing,https://www.couchsurfing.com/,https://www.couchsurfing.com/people/bren_dou,Available,404
bren_dou,forums.destructoid.com,https://forums.destructoid.com,https://forums.destructoid.com/members/?username=bren_dou,Available,200
bren_dou,Giantbomb,https://www.giantbomb.com,https://www.giantbomb.com/profile/bren_dou,Available,404
bren_dou,4x4.tomsk.ru,http://4x4.tomsk.ru,http://4x4.tomsk.ru/search.php?author=bren_dou,Available,200
bren_dou,Fodors,https://www.fodors.com,https://www.fodors.com/community/profile/bren_dou/forum-activity,Available,302
bren_dou,3ddd,https://3ddd.ru,https://3ddd.ru/users/bren_dou,Available,404
bren_dou,lnk.bio,https://lnk.bio,https://lnk.bio/bren_dou,Available,200
bren_dou,nightbot,https://nightbot.tv/,https://nightbot.tv/t/bren_dou/commands,Available,404
bren_dou,Hotcopper,https://hotcopper.com.au,https://hotcopper.com.au/search/search?type=post&users=bren_dou,Available,200
bren_dou,profi.ru,https://profi.ru,https://profi.ru/profile/bren_dou/,Available,404
bren_dou,Kinja,https://kinja.com,https://kinja.com/bren_dou,Available,404
bren_dou,smart-lab.ru,https://smart-lab.ru/,https://smart-lab.ru/profile/bren_dou/,Available,404
bren_dou,Etxt,https://www.etxt.ru,https://www.etxt.ru/bren_dou.html,Available,404
bren_dou,TheStudentRoom,https://www.thestudentroom.co.uk,https://www.thestudentroom.co.uk/member.php?username=bren_dou,Available,200
bren_dou,giters.com,https://giters.com,https://giters.com/bren_dou,Available,404
bren_dou,MyMiniFactory,https://www.myminifactory.com/,https://www.myminifactory.com/users/bren_dou,Available,404
bren_dou,Hackster,https://www.hackster.io,https://www.hackster.io/bren_dou,Unknown,403
bren_dou,Metal-archives,https://www.metal-archives.com,https://www.metal-archives.com/users/bren_dou,Available,404
bren_dou,Mobypicture,http://www.mobypicture.com,http://www.mobypicture.com/user/bren_dou,Available,404
bren_dou,Diary.ru,https://diary.ru,https://bren_dou.diary.ru/,Unknown,500
bren_dou,Fanpop,https://www.fanpop.com/,https://www.fanpop.com/fans/bren_dou,Available,404
bren_dou,forums.steinberg.net,https://forums.steinberg.net,https://forums.steinberg.net/u/bren_dou/summary,Available,404
bren_dou,AnimeNewsNetwork,https://www.animenewsnetwork.com,https://www.animenewsnetwork.com/bbs/phpBB2/profile.php?mode=viewprofile&u=bren_dou,Available,200
bren_dou,Brusheezy,https://www.brusheezy.com,https://www.brusheezy.com/members/bren_dou,Available,200
bren_dou,Iphones.ru,https://www.iphones.ru,https://www.iphones.ru/iNotes/author/bren_dou?profile=1,Available,404
bren_dou,TrueAchievements,https://www.trueachievements.com,https://www.trueachievements.com/gamer/bren_dou,Available,404
bren_dou,mama.tomsk.ru,https://mama.tomsk.ru/forums,https://mama.tomsk.ru/forums/search.php?author=bren_dou,Available,404
bren_dou,Coderwall,https://coderwall.com/,https://coderwall.com/bren_dou,Available,404
bren_dou,Codewars,https://www.codewars.com,https://www.codewars.com/users/bren_dou,Available,404
bren_dou,7dach,https://7dach.ru/,https://7dach.ru/profile/bren_dou,Available,404
bren_dou,donorbox,https://donorbox.org,https://donorbox.org/bren_dou,Available,404
bren_dou,Soup,https://soup.io,https://www.soup.io/author/bren_dou,Available,301
bren_dou,dlive.tv,https://dlive.tv,https://dlive.tv/bren_dou,Available,200
bren_dou,MirTesen,https://mirtesen.ru,https://mirtesen.ru/people/bren_dou/profile,Available,200
bren_dou,Launchpad,https://launchpad.net/,https://launchpad.net/~bren_dou,Available,404
bren_dou,DigitalPoint,https://www.digitalpoint.com,https://www.digitalpoint.com/members/?username=bren_dou,Available,200
bren_dou,Contently,https://contently.com/,https://bren_dou.contently.com/,Available,200
bren_dou,Vgtimes,https://vgtimes.ru,https://vgtimes.ru/user/bren_dou,Available,404
bren_dou,forum.ykt.ru,https://forum.ykt.ru,https://forum.ykt.ru/viewprofile.jsp?forum_id=11&user=bren_dou,Available,302
bren_dou,forum.ghost.org,https://forum.ghost.org,https://forum.ghost.org/u/bren_dou/summary,Available,404
bren_dou,E621,https://e621.net,https://e621.net/users/bren_dou,Available,404
bren_dou,PushSquare,http://www.pushsquare.com,http://www.pushsquare.com/users/bren_dou,Available,404
bren_dou,Physicsforums,https://www.physicsforums.com,https://www.physicsforums.com/members/?username=bren_dou,Available,200
bren_dou,Tinkoff Invest,https://www.tinkoff.ru/invest/,https://tinkoff.ru/invest/social/profile/bren_dou/,Available,200
bren_dou,akniga,https://akniga.org/,https://akniga.org/profile/bren_dou,Available,404
bren_dou,Untappd,https://untappd.com,https://untappd.com/user/bren_dou,Available,404
bren_dou,discuss.hashicorp.com,https://discuss.hashicorp.com,https://discuss.hashicorp.com/u/bren_dou/summary,Available,404
bren_dou,forum.nameberry.com,https://forum.nameberry.com,https://forum.nameberry.com/u/bren_dou/summary,Unknown,403
bren_dou,GBAtemp.net,https://gbatemp.net/,https://gbatemp.net/members/?username=bren_dou,Available,200
bren_dou,ESET,https://forum.esetnod32.ru,https://forum.esetnod32.ru/user/bren_dou/,Available,404
bren_dou,xenforo.com,https://xenforo.com/community/,https://xenforo.com/community/members/?username=bren_dou,Available,200
bren_dou,B17,https://www.b17.ru/,https://www.b17.ru/bren_dou,Unknown,503
bren_dou,Forumophilia,https://www.forumophilia.com,https://www.forumophilia.com/profile.php?mode=viewprofile&u=bren_dou,Available,200
bren_dou,Myinstants,https://www.myinstants.com,https://www.myinstants.com/profile/bren_dou/,Available,404
bren_dou,Vgtimes/Games,https://vgtimes.ru,https://vgtimes.ru/games/bren_dou/forum/,Available,404
bren_dou,ForumHouse,https://www.forumhouse.ru/,https://www.forumhouse.ru/members/?username=bren_dou,Available,200
bren_dou,TryHackMe,https://tryhackme.com/,https://tryhackme.com/p/bren_dou,Available,200
bren_dou,getmyuni,https://getmyuni.com/,https://www.getmyuni.com/user/bren_dou,Available,404
bren_dou,Blu-ray,https://forum.blu-ray.com/,https://forum.blu-ray.com/member.php?username=bren_dou,Available,200
bren_dou,EuroFootball,https://www.euro-football.ru,https://www.euro-football.ru/user/bren_dou,Available,302
bren_dou,GameRevolution,https://forums.gamerevolution.com,https://forums.gamerevolution.com/members/?username=bren_dou,Available,200
bren_dou,igromania,http://forum.igromania.ru/,http://forum.igromania.ru/member.php?username=bren_dou,Available,200
bren_dou,forum.shotcut.org,https://forum.shotcut.org,https://forum.shotcut.org/u/bren_dou/summary,Available,404
bren_dou,forum.inaturalist.org,https://forum.inaturalist.org,https://forum.inaturalist.org/u/bren_dou/summary,Available,404
bren_dou,spletnik,https://spletnik.ru/,https://spletnik.ru/user/bren_dou,Available,404
bren_dou,hi5,http://www.hi5.com,http://www.hi5.com/bren_dou,Available,200
bren_dou,mel.fm,https://mel.fm,https://mel.fm/blog/bren_dou,Available,404
bren_dou,Cent,https://cent.co/,https://beta.cent.co/@bren_dou,Available,200
bren_dou,Sbazar.cz,https://www.sbazar.cz/,https://www.sbazar.cz/bren_dou,Available,404
bren_dou,Oper,https://www.oper.ru/,https://www.oper.ru/visitors/info.php?t=bren_dou,Available,200
bren_dou,GuruShots,https://gurushots.com/,https://gurushots.com/bren_dou/photos,Available,200
bren_dou,Dumpor,https://dumpor.com,https://dumpor.com/v/bren_dou,Available,200
bren_dou,Aptoide,https://en.aptoide.com/,https://bren_dou.en.aptoide.com/,Available,404
bren_dou,DonationsAlerts,https://www.donationalerts.com/,https://www.donationalerts.com/r/bren_dou,Available,404
bren_dou,LiveInternet,https://www.liveinternet.ru,https://www.liveinternet.ru/users/bren_dou/profile,Available,200
bren_dou,sparkpeople,https://www.sparkpeople.com,https://www.sparkpeople.com/mypage.asp?id=bren_dou,Available,404
bren_dou,SevenForums,https://www.sevenforums.com,https://www.sevenforums.com/member.php?username=bren_dou,Unknown,403
bren_dou,forum.scssoft.com,https://forum.scssoft.com,https://forum.scssoft.com/search.php?author=bren_dou,Available,200
bren_dou,Uchportal,https://www.uchportal.ru,https://www.uchportal.ru/index/8-0-bren_dou,Available,200
bren_dou,community.sweatco.in,https://community.sweatco.in,https://community.sweatco.in/u/bren_dou/summary,Available,200
bren_dou,Hackerearth,https://www.hackerearth.com,https://www.hackerearth.com/@bren_dou,Available,200
bren_dou,Advego,https://advego.com/,https://advego.com/profile/bren_dou/author/,Unknown,500
bren_dou,Picarto,https://ptvintern.picarto.tv,https://ptvintern.picarto.tv/metadescription/bren_dou,Available,200
bren_dou,forums.digitalpoint.com,https://forums.digitalpoint.com/,https://forums.digitalpoint.com/members/?username=bren_dou,Available,200
bren_dou,Ariva,https://www.ariva.de/,https://www.ariva.de/profil/bren_dou,Available,404
bren_dou,BikeRadar,https://forum.bikeradar.com,https://forum.bikeradar.com/profile/bren_dou,Available,404
bren_dou,NN.RU,https://www.nn.ru/,https://bren_dou.www.nn.ru/,Available,404
bren_dou,teamtreehouse.com,https://teamtreehouse.com,https://teamtreehouse.com/profiles/bren_dou,Available,429
bren_dou,BabyBlog.ru,https://www.babyblog.ru/,https://www.babyblog.ru/user/bren_dou,Available,301
bren_dou,Psychologies.ru,http://www.psychologies.ru,http://www.psychologies.ru/personal/bren_dou,Available,404
bren_dou,hunting.karelia.ru,http://hunting.karelia.ru,http://hunting.karelia.ru/search.php?author=bren_dou,Available,200
bren_dou,MoscowFlamp,https://moscow.flamp.ru/,https://moscow.flamp.ru/bren_dou,Available,404
bren_dou,forums.drom.ru,https://www.forumsdrom.ru/,https://www.forumsdrom.ru/member.php?username=bren_dou,Available,200
bren_dou,TRASHBOX.RU,https://trashbox.ru/,https://trashbox.ru/users/bren_dou,Available,404
bren_dou,geocaching,https://www.geocaching.com/,https://www.geocaching.com/profile/?u=bren_dou,Available,404
bren_dou,YandexZenChannel,https://dzen.ru,https://dzen.ru/channel/bren_dou,Available,404
bren_dou,ArchiveOfOurOwn,https://archiveofourown.org,https://archiveofourown.org/users/bren_dou,Available,404
bren_dou,23hq,http://www.23hq.com,http://www.23hq.com/bren_dou,Available,404
bren_dou,PerfectWorldForum,https://pw.mail.ru/,https://pw.mail.ru/forums/member.php?username=bren_dou,Claimed,200
bren_dou,designspiration.com,https://designspiration.com,https://designspiration.com/bren_dou/,Available,404
bren_dou,My.Mail.ru@mail.ru,https://my.mail.ru/,https://my.mail.ru/mail/bren_dou/,Unknown,0
bren_dou,My.Mail.ru@gmail.com,https://my.mail.ru/,https://my.mail.ru/gmail.com/bren_dou/,Unknown,0
bren_dou,Tanks,https://tanks.mail.ru,https://tanks.mail.ru/forum/member.php?username=bren_dou,Unknown,0
bren_dou,My.Mail.ru@yandex.ru,https://my.mail.ru/,https://my.mail.ru/yandex.ru/bren_dou/,Unknown,0
bren_dou,PerfectWorld,https://pw.mail.ru,https://pw.mail.ru/member.php?username=bren_dou,Unknown,0
bren_dou,Warface,https://wf.mail.ru,https://wf.mail.ru/forums/member.php?username=bren_dou,Unknown,0
bren_dou,Revelation,https://rev.mail.ru,https://rev.mail.ru/forums/member.php?username=bren_dou,Unknown,0
bren_dou,Newgrounds,https://newgrounds.com,https://bren_dou.newgrounds.com,Available,404
bren_dou,Otzovik,https://otzovik.com/,https://otzovik.com/profile/bren_dou,Unknown,0
bren_dou,HackerNews,https://news.ycombinator.com/,https://news.ycombinator.com/user?id=bren_dou,Unknown,0
bren_dou,forum.openoffice.org,,,Unknown,0
