username,name,url_main,url_user,exists,http_status
Donaldgod17,Freepik,https://www.freepik.com,https://www.freepik.com/Donaldgod17,Unknown,403
Donaldgod17,OP.GG [LeagueOfLegends] Oceania,https://www.op.gg/,https://www.op.gg/summoners/search?q=Donaldgod17&region=oce,Available,429
Donaldgod17,OP.GG [LeagueOfLegends] LAS,https://www.op.gg/,https://www.op.gg/summoners/search?q=Donaldgod17&region=las,Available,429
Donaldgod17,OP.GG [LeagueOfLegends] Japan,https://www.op.gg/,https://www.op.gg/summoners/search?q=Donaldgod17&region=jp,Available,429
Donaldgod17,OP.GG [LeagueOfLegends] Europe West,https://www.op.gg/,https://www.op.gg/summoners/search?q=Donaldgod17&region=euw,Available,429
Donaldgod17,OP.GG [LeagueOfLegends] Korea,https://www.op.gg/,https://www.op.gg/summoners/search?q=Donaldgod17&region=kr,Available,429
Donaldgod17,OP.GG [LeagueOfLegends] LAN,https://www.op.gg/,https://www.op.gg/summoners/search?q=Donaldgod17&region=lan,Available,429
Donaldgod17,OP.GG [LeagueOfLegends] Singapore,https://www.op.gg/,https://www.op.gg/summoners/search?q=Donaldgod17&region=sg,Available,429
Donaldgod17,OP.GG [LeagueOfLegends] Brazil,https://www.op.gg/,https://www.op.gg/summoners/search?q=Donaldgod17&region=br,Available,429
Donaldgod17,OP.GG [LeagueOfLegends] North America,https://www.op.gg/,https://www.op.gg/summoners/search?q=Donaldgod17&region=na,Available,429
Donaldgod17,Figma,https://www.figma.com/,https://www.figma.com/@Donaldgod17,Unknown,403
Donaldgod17,OP.GG [LeagueOfLegends] Thailand,https://www.op.gg/,https://www.op.gg/summoners/search?q=Donaldgod17&region=th,Available,429
Donaldgod17,OP.GG [LeagueOfLegends] Russia,https://www.op.gg/,https://www.op.gg/summoners/search?q=Donaldgod17&region=ru,Available,429
Donaldgod17,OP.GG [LeagueOfLegends] Taiwan,https://www.op.gg/,https://www.op.gg/summoners/search?q=Donaldgod17&region=tw,Available,429
Donaldgod17,OP.GG [LeagueOfLegends] Europe Nordic & East,https://www.op.gg/,https://www.op.gg/summoners/search?q=Donaldgod17&region=eune,Available,429
Donaldgod17,OP.GG [LeagueOfLegends] Phillippines,https://www.op.gg/,https://www.op.gg/summoners/search?q=Donaldgod17&region=ph,Available,429
Donaldgod17,OP.GG [LeagueOfLegends] Middle East,https://www.op.gg/,https://www.op.gg/summoners/search?q=Donaldgod17&region=me,Available,429
Donaldgod17,OP.GG [LeagueOfLegends] Vietnam,https://www.op.gg/,https://www.op.gg/summoners/search?q=Donaldgod17&region=vn,Available,429
Donaldgod17,OP.GG [LeagueOfLegends] Turkey,https://www.op.gg/,https://www.op.gg/summoners/search?q=Donaldgod17&region=tr,Available,429
Donaldgod17,Etsy,https://www.etsy.com/,https://www.etsy.com/shop/Donaldgod17,Unknown,403
Donaldgod17,linktr.ee,https://linktr.ee,https://linktr.ee/Donaldgod17,Available,406
Donaldgod17,YouTube User,https://www.youtube.com/,https://www.youtube.com/@Donaldgod17,Available,404
Donaldgod17,Shutterstock,https://www.shutterstock.com,https://www.shutterstock.com/g/Donaldgod17/about,Unknown,403
Donaldgod17,YouTube,https://www.youtube.com/,https://www.youtube.com/@Donaldgod17,Available,404
Donaldgod17,Udemy,https://www.udemy.com,https://www.udemy.com/user/Donaldgod17/,Unknown,403
Donaldgod17,upwork.com,https://upwork.com,https://upwork.com/fl/Donaldgod17,Unknown,403
Donaldgod17,Twitch,https://www.twitch.tv/,https://twitchtracker.com/Donaldgod17,Unknown,403
Donaldgod17,Ameblo,https://ameblo.jp,https://ameblo.jp/Donaldgod17,Available,404
Donaldgod17,Trello,https://trello.com/,https://trello.com/Donaldgod17,Available,404
Donaldgod17,GooglePlayStore,https://play.google.com/store,https://play.google.com/store/apps/developer?id=Donaldgod17,Available,404
Donaldgod17,Kickstarter,https://www.kickstarter.com,https://www.kickstarter.com/profile/Donaldgod17,Unknown,403
Donaldgod17,Twitter,https://www.twitter.com/,https://twitter.com/Donaldgod17,Unknown,403
Donaldgod17,Scribd,https://www.scribd.com/,https://www.scribd.com/Donaldgod17,Available,404
Donaldgod17,Quora,https://www.quora.com/,https://www.quora.com/profile/Donaldgod17,Available,301
Donaldgod17,SlideShare,https://www.slideshare.net,https://www.slideshare.net/Donaldgod17,Available,200
Donaldgod17,StackOverflow,https://stackoverflow.com,https://stackoverflow.com/users/filter?search=Donaldgod17,Available,200
Donaldgod17,GitHub,https://www.github.com/,https://github.com/Donaldgod17,Available,404
Donaldgod17,GitHubGist,https://gist.github.com,https://gist.github.com/Donaldgod17,Available,404
Donaldgod17,SourceForge,https://sourceforge.net/,https://sourceforge.net/u/Donaldgod17/profile,Unknown,403
Donaldgod17,Behance,https://www.behance.net/,https://www.behance.net/Donaldgod17,Available,404
Donaldgod17,Vimeo,https://vimeo.com,https://vimeo.com/Donaldgod17,Available,404
Donaldgod17,Fiverr,https://www.fiverr.com/,https://www.fiverr.com/Donaldgod17,Unknown,403
Donaldgod17,BleachFandom,https://bleach.fandom.com/ru,https://bleach.fandom.com/ru/wiki/%D0%A3%D1%87%D0%B0%D1%81%D1%82%D0%BD%D0%B8%D0%BA:Donaldgod17,Available,404
Donaldgod17,WordPress,https://wordpress.com,https://Donaldgod17.wordpress.com/,Available,302
Donaldgod17,Facebook,https://www.facebook.com/,https://www.facebook.com/Donaldgod17,Available,200
Donaldgod17,Wix,https://wix.com/,https://Donaldgod17.wix.com,Available,404
Donaldgod17,Fandom,https://www.fandom.com/,https://www.fandom.com/u/Donaldgod17,Available,404
Donaldgod17,Naver,https://naver.com,https://blog.naver.com/Donaldgod17,Available,404
Donaldgod17,Battleraprus,https://battleraprus.fandom.com/ru,https://battleraprus.fandom.com/ru/wiki/%D0%A3%D1%87%D0%B0%D1%81%D1%82%D0%BD%D0%B8%D0%BA:Donaldgod17,Available,404
Donaldgod17,Blogger,https://www.blogger.com/,https://Donaldgod17.blogspot.com,Available,404
Donaldgod17,Chess,https://www.chess.com,https://www.chess.com/member/Donaldgod17,Available,404
Donaldgod17,GoodReads,https://www.goodreads.com/,https://www.goodreads.com/Donaldgod17,Available,404
Donaldgod17,Patreon,https://www.patreon.com/,https://www.patreon.com/Donaldgod17,Available,404
Donaldgod17,TikTok,https://www.tiktok.com/,https://www.tiktok.com/@Donaldgod17,Available,200
Donaldgod17,Armchairgm,https://armchairgm.fandom.com/,https://armchairgm.fandom.com/wiki/User:Donaldgod17,Available,404
Donaldgod17,Unsplash,https://unsplash.com/,https://unsplash.com/@Donaldgod17,Available,404
Donaldgod17,Mozilla Support,https://support.mozilla.org,https://support.mozilla.org/en-US/user/Donaldgod17/,Available,404
Donaldgod17,Academia.edu,https://www.academia.edu/,https://independent.academia.edu/Donaldgod17,Available,404
Donaldgod17,FandomCommunityCentral,https://community.fandom.com,https://community.fandom.com/wiki/User:Donaldgod17,Available,404
Donaldgod17,DailyMotion,https://www.dailymotion.com,https://www.dailymotion.com/Donaldgod17,Available,404
Donaldgod17,Issuu,https://issuu.com/,https://issuu.com/Donaldgod17,Available,404
Donaldgod17,Steam (Group),https://steamcommunity.com/,https://steamcommunity.com/groups/Donaldgod17,Available,200
Donaldgod17,Freelancer.com,https://www.freelancer.com/,https://www.freelancer.com/api/users/0.1/users?usernames%5B%5D=Donaldgod17&compact=true,Available,200
Donaldgod17,Weebly,http://weebly.com,http://Donaldgod17.weebly.com/,Available,404
Donaldgod17,iStock,https://www.istockphoto.com,https://www.istockphoto.com/ru/portfolio/Donaldgod17,Available,200
Donaldgod17,mercadolivre,https://www.mercadolivre.com.br,https://www.mercadolivre.com.br/perfil/Donaldgod17,Available,404
Donaldgod17,Discogs,https://www.discogs.com/,https://www.discogs.com/user/Donaldgod17,Unknown,403
Donaldgod17,CNET,https://www.cnet.com,https://www.cnet.com/profiles/Donaldgod17/,Available,404
Donaldgod17,Tumblr,https://www.tumblr.com,https://www.tumblr.com/Donaldgod17,Available,404
Donaldgod17,giphy.com,https://giphy.com,https://giphy.com/channel/Donaldgod17,Available,404
Donaldgod17,SoundCloud,https://soundcloud.com/,https://soundcloud.com/Donaldgod17,Available,404
Donaldgod17,Disqus,https://disqus.com/,https://disqus.com/Donaldgod17,Available,400
Donaldgod17,Steam,https://steamcommunity.com/,https://steamcommunity.com/id/Donaldgod17,Available,200
Donaldgod17,Slack,https://slack.com,https://Donaldgod17.slack.com,Available,404
Donaldgod17,CloudflareCommunity,https://community.cloudflare.com/,https://community.cloudflare.com/u/Donaldgod17/summary,Unknown,403
Donaldgod17,TradingView,https://www.tradingview.com/,https://www.tradingview.com/u/Donaldgod17,Available,404
Donaldgod17,Ebay,https://www.ebay.com/,https://www.ebay.com/usr/Donaldgod17,Unknown,200
Donaldgod17,PeopleIgn,https://people.ign.com/,https://people.ign.com/Donaldgod17,Available,404
Donaldgod17,Genius,https://genius.com/,https://genius.com/Donaldgod17,Available,404
Donaldgod17,Nairaland Forum,https://www.nairaland.com/,https://www.nairaland.com/Donaldgod17,Unknown,403
Donaldgod17,Livejasmin,https://www.livejasmin.com/,https://www.livejasmin.com/en/girls/#!chat/Donaldgod17,Available,200
Donaldgod17,Dreamstime,https://www.dreamstime.com,https://www.dreamstime.com/Donaldgod17_info,Unknown,403
Donaldgod17,Gamefaqs,https://gamefaqs.gamespot.com,https://gamefaqs.gamespot.com/community/Donaldgod17,Unknown,401
Donaldgod17,TheVerge,https://www.theverge.com,https://www.theverge.com/users/Donaldgod17,Available,410
Donaldgod17,Wattpad,https://www.wattpad.com/,https://www.wattpad.com/user/Donaldgod17,Available,404
Donaldgod17,AppleDiscussions,https://discussions.apple.com/,https://discussions.apple.com/profile/Donaldgod17,Unknown,403
Donaldgod17,Imgur,https://imgur.com,https://imgur.com/user/Donaldgod17,Available,404
Donaldgod17,discourse.mozilla.org,https://discourse.mozilla.org,https://discourse.mozilla.org/u/Donaldgod17/summary,Available,404
Donaldgod17,community.simplilearn.com,https://community.simplilearn.com,https://community.simplilearn.com/members/?username=Donaldgod17,Available,404
Donaldgod17,community.brave.com,https://community.brave.com,https://community.brave.com/u/Donaldgod17/summary,Available,404
Donaldgod17,Telegram,https://t.me/,https://t.me/Donaldgod17,Available,200
Donaldgod17,Artstation,https://www.artstation.com,https://www.artstation.com/Donaldgod17,Unknown,403
Donaldgod17,TripAdvisor,https://tripadvisor.com/,https://tripadvisor.com/members/Donaldgod17,Available,404
Donaldgod17,Gamespot,https://www.gamespot.com/,https://www.gamespot.com/profile/Donaldgod17/,Available,404
Donaldgod17,Scratch,https://scratch.mit.edu/,https://scratch.mit.edu/users/Donaldgod17,Available,404
Donaldgod17,MyFitnessPal,https://www.myfitnesspal.com/,https://www.myfitnesspal.com/profile/Donaldgod17,Unknown,403
Donaldgod17,VK,https://vk.com/,https://vk.com/Donaldgod17,Available,404
Donaldgod17,Wowhead,https://www.wowhead.com,https://www.wowhead.com/user=Donaldgod17,Available,404
Donaldgod17,WordPressOrg,https://wordpress.org/,https://profiles.wordpress.org/Donaldgod17/,Available,404
Donaldgod17,forum.wordreference.com,https://forum.wordreference.com,https://forum.wordreference.com/members/?username=Donaldgod17,Available,200
Donaldgod17,Duolingo,https://duolingo.com/,https://www.duolingo.com/profile/Donaldgod17,Available,200
Donaldgod17,calendly.com,https://calendly.com,https://calendly.com/Donaldgod17/15min,Available,404
Donaldgod17,Gofundme,https://www.gofundme.com,https://www.gofundme.com/f/Donaldgod17,Available,404
Donaldgod17,Wikipedia,https://www.wikipedia.org/,https://www.wikipedia.org/wiki/User:Donaldgod17,Available,404
Donaldgod17,Freelance.habr,https://freelance.habr.com/,https://freelance.habr.com/freelancers/Donaldgod17,Available,410
Donaldgod17,SoftwareInformer,https://users.software.informer.com,https://users.software.informer.com/Donaldgod17/,Available,301
Donaldgod17,Rutracker,https://rutracker.org/,https://rutracker.org/forum/profile.php?mode=viewprofile&u=Donaldgod17,Available,200
Donaldgod17,Rottentomatoes,https://www.rottentomatoes.com,https://www.rottentomatoes.com/critic/Donaldgod17/movies,Available,404
Donaldgod17,Envato,https://forums.envato.com,https://forums.envato.com/u/Donaldgod17/summary,Available,404
Donaldgod17,ThemeForest,https://themeforest.net,https://themeforest.net/user/Donaldgod17,Available,404
Donaldgod17,BuzzFeed,https://buzzfeed.com/,https://buzzfeed.com/Donaldgod17,Available,404
Donaldgod17,Plurk,https://www.plurk.com/,https://www.plurk.com/Donaldgod17,Available,200
Donaldgod17,Codepen,https://codepen.io/,https://codepen.io/Donaldgod17,Unknown,403
Donaldgod17,MyAnimeList,https://myanimelist.net/,https://myanimelist.net/profile/Donaldgod17,Available,404
Donaldgod17,Kaggle,https://www.kaggle.com/,https://www.kaggle.com/Donaldgod17,Available,404
Donaldgod17,ChaturBate,https://chaturbate.com,https://chaturbate.com/Donaldgod17,Available,404
Donaldgod17,AfreecaTV,http://bjapi.afreecatv.com,http://bjapi.afreecatv.com/api/Donaldgod17/station,Unknown,515
Donaldgod17,www.change.org,https://www.change.org,https://www.change.org/o/Donaldgod17,Available,404
Donaldgod17,adblockplus.org,https://adblockplus.org,https://adblockplus.org/forum/search.php?keywords=&terms=all&author=Donaldgod17,Available,200
Donaldgod17,BongaCams,https://sbongacams.com,https://bongacams.com/profile/Donaldgod17,Available,404
Donaldgod17,AllRecipes,https://www.allrecipes.com/,https://www.allrecipes.com/cook/Donaldgod17,Available,404
Donaldgod17,Reddit,https://www.reddit.com/,https://www.reddit.com/user/Donaldgod17,Available,200
Donaldgod17,Amazon,https://amazon.com,https://amazon.com/author/Donaldgod17,Available,404
Donaldgod17,Bandcamp,https://www.bandcamp.com/,https://www.bandcamp.com/Donaldgod17,Available,404
Donaldgod17,Aparat,https://www.aparat.com,https://www.aparat.com/Donaldgod17,Available,404
Donaldgod17,Zomato,https://www.zomato.com/,https://www.zomato.com/pl/Donaldgod17/foodjourney,Available,404
Donaldgod17,DiscussPython,https://discuss.python.org/,https://discuss.python.org/u/Donaldgod17/summary,Available,404
Donaldgod17,OK,https://ok.ru/,https://ok.ru/Donaldgod17,Available,404
Donaldgod17,BodyBuilding,https://bodyspace.bodybuilding.com/,https://bodyspace.bodybuilding.com/Donaldgod17,Available,302
Donaldgod17,Redbubble,https://www.redbubble.com/,https://www.redbubble.com/people/Donaldgod17,Available,404
Donaldgod17,cyber.harvard.edu,https://cyber.harvard.edu,https://cyber.harvard.edu/people/Donaldgod17,Available,404
Donaldgod17,Polygon,https://www.polygon.com/,https://www.polygon.com/users/Donaldgod17,Available,404
Donaldgod17,123rf,https://ru.123rf.com,https://ru.123rf.com/profile_Donaldgod17,Available,302
Donaldgod17,Codecanyon,https://codecanyon.net,https://codecanyon.net/user/Donaldgod17,Available,404
Donaldgod17,Pathofexile,https://ru.pathofexile.com,https://ru.pathofexile.com/account/view-profile/Donaldgod17,Unknown,403
Donaldgod17,community.adobe.com,https://community.adobe.com,https://community.adobe.com/t5/forums/searchpage/tab/user?q=Donaldgod17,Available,200
Donaldgod17,Pikabu,https://pikabu.ru/,https://pikabu.ru/@Donaldgod17,Available,404
Donaldgod17,Ultimate-Guitar,https://ultimate-guitar.com/,https://ultimate-guitar.com/u/Donaldgod17,Available,410
Donaldgod17,AppleDeveloper,https://developer.apple.com/forums,https://developer.apple.com/forums/profile/Donaldgod17,Available,404
Donaldgod17,YandexMusic,https://music.yandex.ru/,https://music.yandex.ru/users/Donaldgod17/playlists,Available,404
Donaldgod17,Weibo,https://weibo.com,https://weibo.com/Donaldgod17,Available,400
Donaldgod17,discuss.codecademy.com,https://discuss.codecademy.com,https://discuss.codecademy.com/u/Donaldgod17/summary,Available,404
Donaldgod17,247sports,https://247sports.com,https://247sports.com/user/Donaldgod17/,Available,404
Donaldgod17,drive2,https://www.drive2.ru/,https://www.drive2.ru/users/Donaldgod17,Available,404
Donaldgod17,opensea.io,https://opensea.io,https://opensea.io/accounts/Donaldgod17,Available,404
Donaldgod17,PCGamer,https://pcgamer.com,https://forums.pcgamer.com/members/?username=Donaldgod17,Available,200
Donaldgod17,Myspace,https://myspace.com/,https://myspace.com/Donaldgod17,Available,404
Donaldgod17,jsfiddle.net,https://jsfiddle.net,https://jsfiddle.net/user/Donaldgod17/,Available,404
Donaldgod17,Tinder,https://tinder.com/,https://www.tinder.com/@Donaldgod17,Available,200
Donaldgod17,1337x,https://1337x.to,https://1337x.to/user/Donaldgod17/,Available,200
Donaldgod17,Bit.ly,https://bit.ly,https://bit.ly/Donaldgod17,Available,404
Donaldgod17,CreativeMarket,https://creativemarket.com/,https://creativemarket.com/users/Donaldgod17,Unknown,403
Donaldgod17,500px,https://500px.com/,https://500px.com/p/Donaldgod17,Unknown,200
Donaldgod17,Studfile,https://studfile.net,https://studfile.net/users/Donaldgod17/,Available,404
Donaldgod17,Habr,https://habr.com/,https://habr.com/ru/users/Donaldgod17/,Available,404
Donaldgod17,Toster,https://qna.habr.com/,https://qna.habr.com/user/Donaldgod17,Available,404
Donaldgod17,DeviantART,https://deviantart.com,https://Donaldgod17.deviantart.com,Available,404
Donaldgod17,Pastebin,https://pastebin.com/,https://pastebin.com/u/Donaldgod17,Available,404
Donaldgod17,Itch.io,https://itch.io/,https://Donaldgod17.itch.io/,Available,404
Donaldgod17,ComicvineGamespot,https://comicvine.gamespot.com/,https://comicvine.gamespot.com/profile/Donaldgod17,Available,404
Donaldgod17,Pinterest,https://www.pinterest.com/,https://www.pinterest.com/Donaldgod17/,Available,200
Donaldgod17,Tom's guide,http://forums.tomsguide.com,http://forums.tomsguide.com/members/?username=Donaldgod17,Available,200
Donaldgod17,Dribbble,https://dribbble.com/,https://dribbble.com/Donaldgod17,Available,404
Donaldgod17,last.fm,https://last.fm/,https://last.fm/user/Donaldgod17,Available,404
Donaldgod17,9GAG,https://www.9gag.com/,https://www.9gag.com/u/Donaldgod17,Available,404
Donaldgod17,sports.ru,https://www.sports.ru/,https://www.sports.ru/profile/Donaldgod17/,Available,404
Donaldgod17,forum.sketchfab.com,https://forum.sketchfab.com,https://forum.sketchfab.com/u/Donaldgod17/summary,Available,200
Donaldgod17,HabrCareer,https://career.habr.com/,https://career.habr.com/Donaldgod17,Available,404
Donaldgod17,TomsHardware,https://forums.tomshardware.com/,https://forums.tomshardware.com/members/?username=Donaldgod17,Available,200
Donaldgod17,LiveJournal,https://www.livejournal.com/,https://Donaldgod17.livejournal.com,Available,404
Donaldgod17,YouPorn,https://youporn.com,https://youporn.com/uservids/Donaldgod17,Available,404
Donaldgod17,xHamster,https://xhamster.com,https://xhamster.com/users/Donaldgod17,Available,404
Donaldgod17,Flightradar24,https://www.flightradar24.com/,https://my.flightradar24.com/Donaldgod17,Available,404
Donaldgod17,forums.sketchup.com,https://forums.sketchup.com,https://forums.sketchup.com/u/Donaldgod17/summary,Available,404
Donaldgod17,ResearchGate,https://www.researchgate.net/,,Illegal,
Donaldgod17,BoardGameGeek,https://boardgamegeek.com,https://boardgamegeek.com/user/Donaldgod17,Available,200
Donaldgod17,Ccm,https://ccm.net,https://ccm.net/profile/user/Donaldgod17,Available,404
Donaldgod17,jeuxvideo,http://www.jeuxvideo.com,http://www.jeuxvideo.com/profil/Donaldgod17?mode=infos,Available,404
Donaldgod17,note,https://note.com/,https://note.com/Donaldgod17,Available,404
Donaldgod17,AskFM,https://ask.fm/,https://ask.fm/Donaldgod17,Unknown,0
Donaldgod17,Docker Hub,https://hub.docker.com/,https://hub.docker.com/u/Donaldgod17/,Available,404
Donaldgod17,Roblox,https://www.roblox.com/,https://www.roblox.com/user.aspx?username=Donaldgod17,Available,404
Donaldgod17,community.icons8.com,https://community.icons8.com,https://community.icons8.com/u/Donaldgod17/summary,Available,404
Donaldgod17,Redtube,https://ru.redtube.com/,https://ru.redtube.com/users/Donaldgod17,Available,404
Donaldgod17,Lichess,https://lichess.org,https://lichess.org/@/Donaldgod17,Available,404
Donaldgod17,Letterboxd,https://letterboxd.com/,https://letterboxd.com/Donaldgod17,Available,404
Donaldgod17,beacons.ai,https://beacons.ai,https://beacons.ai/Donaldgod17,Unknown,403
Donaldgod17,Gab,https://gab.com/,https://gab.com/Donaldgod17,Available,404
Donaldgod17,Thechive,https://thechive.com/,https://thechive.com/author/Donaldgod17,Available,404
Donaldgod17,djskt.lnk.to,https://djskt.lnk.to,https://djskt.lnk.to/Donaldgod17,Available,404
Donaldgod17,Eporner,,https://www.eporner.com/profile/Donaldgod17/,Available,404
Donaldgod17,Wikidot,http://www.wikidot.com/,http://www.wikidot.com/user:info/Donaldgod17,Available,200
Donaldgod17,AllTrails,https://www.alltrails.com/,https://www.alltrails.com/members/Donaldgod17,Unknown,403
Donaldgod17,99designs.com,https://99designs.com,https://99designs.com/profiles/Donaldgod17,Available,404
Donaldgod17,Cracked,https://www.cracked.com/,https://www.cracked.com/members/Donaldgod17/,Available,301
Donaldgod17,amp.flipboard.com,https://amp.flipboard.com,https://amp.flipboard.com/@Donaldgod17,Available,404
Donaldgod17,BitBucket,https://bitbucket.org/,https://bitbucket.org/Donaldgod17/,Available,404
Donaldgod17,Freecodecamp,https://www.freecodecamp.org/forum/,https://www.freecodecamp.org/forum/u/Donaldgod17/summary,Available,404
Donaldgod17,Kaskus,https://www.kaskus.co.id,https://www.kaskus.co.id/@Donaldgod17,Available,404
Donaldgod17,{username}.tilda.ws,https://tilda.ws,https://Donaldgod17.tilda.ws,Available,404
Donaldgod17,osu!,https://osu.ppy.sh/,https://osu.ppy.sh/users/Donaldgod17,Available,404
Donaldgod17,Weforum,https://www.weforum.org,https://www.weforum.org/people/Donaldgod17,Unknown,403
Donaldgod17,Otzovik,https://otzovik.com/,https://otzovik.com/profile/Donaldgod17,Unknown,507
Donaldgod17,forums.docker.com,https://forums.docker.com,https://forums.docker.com/u/Donaldgod17/summary,Available,404
Donaldgod17,Muckrack,https://muckrack.com,https://muckrack.com/Donaldgod17,Unknown,403
Donaldgod17,DigitalOcean,https://www.digitalocean.com/,https://www.digitalocean.com/community/users/Donaldgod17,Available,404
Donaldgod17,Rajce.net,https://www.rajce.idnes.cz/,https://Donaldgod17.rajce.idnes.cz/,Available,410
Donaldgod17,Pluralsight,https://app.pluralsight.com,https://app.pluralsight.com/profile/author/Donaldgod17,Available,404
Donaldgod17,angel.co,https://angel.co,https://angel.co/u/Donaldgod17,Unknown,403
Donaldgod17,lyricstranslate.com,https://lyricstranslate.com,https://lyricstranslate.com/sco/translator/Donaldgod17,Available,404
Donaldgod17,Codecademy,https://www.codecademy.com/,https://www.codecademy.com/profiles/Donaldgod17,Available,200
Donaldgod17,www.gamesradar.com,https://www.gamesradar.com,https://www.gamesradar.com/uk/author/Donaldgod17/,Available,404
Donaldgod17,GitLab,https://gitlab.com/,https://gitlab.com/Donaldgod17,Available,200
Donaldgod17,Guru,https://www.guru.com,https://www.guru.com/freelancers/Donaldgod17,Available,404
Donaldgod17,videohive.net,https://videohive.net,https://videohive.net/user/Donaldgod17,Available,404
Donaldgod17,hackernoon.com,https://hackernoon.com,https://hackernoon.com/u/Donaldgod17,Available,200
Donaldgod17,HubPages,https://hubpages.com/,https://hubpages.com/@Donaldgod17,Available,404
Donaldgod17,MixCloud,https://www.mixcloud.com/,https://www.mixcloud.com/Donaldgod17/,Available,404
Donaldgod17,Pornhub,https://pornhub.com/,https://pornhub.com/users/Donaldgod17,Available,404
Donaldgod17,LiveLib,https://www.livelib.ru/,https://www.livelib.ru/reader/Donaldgod17,Unknown,403
Donaldgod17,TechPowerUp,https://www.techpowerup.com,https://www.techpowerup.com/forums/members/?username=Donaldgod17,Available,200
Donaldgod17,fotostrana.ru,https://fotostrana.ru,https://fotostrana.ru/Donaldgod17/,Available,404
Donaldgod17,Eksisozluk,https://eksisozluk.com,https://eksisozluk.com/biri/Donaldgod17,Available,404
Donaldgod17,Instructables,https://www.instructables.com/,https://www.instructables.com/member/Donaldgod17,Available,404
Donaldgod17,Jigsawplanet,https://www.jigsawplanet.com,https://www.jigsawplanet.com/Donaldgod17,Available,404
Donaldgod17,AlternativeTo,https://alternativeto.net/,https://alternativeto.net/user/Donaldgod17,Unknown,403
Donaldgod17,pr0gramm,https://pr0gramm.com/,https://pr0gramm.com/api/profile/info?name=Donaldgod17,Available,404
Donaldgod17,Flickr,https://www.flickr.com/,https://www.flickr.com/photos/Donaldgod17,Available,404
Donaldgod17,authorSTREAM,http://www.authorstream.com/,http://www.authorstream.com/author/Donaldgod17/,Claimed,200
Donaldgod17,Foursquare,https://foursquare.com/,https://foursquare.com/Donaldgod17,Available,404
Donaldgod17,iRecommend.RU,https://irecommend.ru/,https://irecommend.ru/users/Donaldgod17,Unknown,521
Donaldgod17,Gumroad,https://www.gumroad.com/,https://www.gumroad.com/Donaldgod17,Available,404
Donaldgod17,Baidu,https://tieba.baidu.com,https://tieba.baidu.com/home/main?un=Donaldgod17,Available,200
Donaldgod17,profile.hatena.ne.jp,https://profile.hatena.ne.jp,https://profile.hatena.ne.jp/Donaldgod17/,Available,404
Donaldgod17,IFTTT,https://www.ifttt.com/,https://www.ifttt.com/p/Donaldgod17,Available,429
Donaldgod17,techspot.com,http://www.techspot.com/community/,http://www.techspot.com/community/members/?username=Donaldgod17,Unknown,403
Donaldgod17,Slashdot,https://slashdot.org,https://slashdot.org/~Donaldgod17,Available,404
Donaldgod17,www.minds.com,https://www.minds.com,https://www.minds.com/Donaldgod17,Available,404
Donaldgod17,Zoomir.ir,https://www.zoomit.ir,https://www.zoomit.ir/user/Donaldgod17,Available,404
Donaldgod17,Anime-planet,https://www.anime-planet.com,https://www.anime-planet.com/forum/members/?username=Donaldgod17,Available,200
Donaldgod17,depop.com,https://www.depop.com,https://www.depop.com/Donaldgod17,Unknown,403
Donaldgod17,AllKPop,https://www.allkpop.com/,https://www.allkpop.com/profile/Donaldgod17,Available,302
Donaldgod17,Codementor,https://www.codementor.io/,https://www.codementor.io/Donaldgod17,Available,404
Donaldgod17,community.getpostman.com,https://community.getpostman.com,https://community.getpostman.com/u/Donaldgod17/summary,Available,404
Donaldgod17,Yummly,https://www.yummly.com,https://mapi.yummly.com/mapi/v19/user/Donaldgod17,Unknown,0
Donaldgod17,Cheezburger,https://profile.cheezburger.com,https://profile.cheezburger.com/Donaldgod17,Available,302
Donaldgod17,forums.bulbagarden.net,http://forums.bulbagarden.net,http://forums.bulbagarden.net/members/?username=Donaldgod17,Claimed,403
Donaldgod17,VSCO,https://vsco.co/,https://vsco.co/Donaldgod17,Available,404
Donaldgod17,Audiojungle,https://audiojungle.net/,https://audiojungle.net/user/Donaldgod17,Available,404
Donaldgod17,Pokemon Showdown,https://pokemonshowdown.com,https://pokemonshowdown.com/users/Donaldgod17,Available,404
Donaldgod17,DEV Community,https://dev.to/,https://dev.to/Donaldgod17,Available,404
Donaldgod17,opensource,https://opensource.com/,https://opensource.com/users/Donaldgod17,Available,404
Donaldgod17,Livemaster,https://www.livemaster.ru,https://www.livemaster.ru/Donaldgod17,Available,404
Donaldgod17,Weedmaps,https://weedmaps.com,https://weedmaps.com/brands/Donaldgod17,Unknown,403
Donaldgod17,Flipboard,https://flipboard.com/,https://flipboard.com/@Donaldgod17,Available,404
Donaldgod17,dailykos,https://www.dailykos.com,https://www.dailykos.com/user/Donaldgod17,Available,404
Donaldgod17,Discuss.Elastic.co,https://discuss.elastic.co/,https://discuss.elastic.co/u/Donaldgod17/summary,Available,404
Donaldgod17,FilmWeb,https://www.filmweb.pl/user/adam,https://www.filmweb.pl/user/Donaldgod17,Available,200
Donaldgod17,Warrior Forum,https://www.warriorforum.com/,https://www.warriorforum.com/members/Donaldgod17.html,Available,400
Donaldgod17,Typeracer,https://typeracer.com,https://data.typeracer.com/pit/profile?user=Donaldgod17,Available,200
Donaldgod17,Trakt,https://www.trakt.tv/,https://www.trakt.tv/users/Donaldgod17,Unknown,403
Donaldgod17,Rate Your Music,https://rateyourmusic.com/,https://rateyourmusic.com/~Donaldgod17,Unknown,403
Donaldgod17,forums.opera.com,https://forums.opera.com/,https://forums.opera.com/user/Donaldgod17,Available,404
Donaldgod17,forums.serebii.net,https://forums.serebii.net,https://forums.serebii.net/members/?username=Donaldgod17,Claimed,403
Donaldgod17,Memrise,https://www.memrise.com/,https://www.memrise.com/user/Donaldgod17/,Available,301
Donaldgod17,ModDB,https://www.moddb.com/,https://www.moddb.com/members/Donaldgod17,Unknown,403
Donaldgod17,999.md,https://999.md,https://999.md/ru/profile/Donaldgod17,Available,404
Donaldgod17,Venmo,https://venmo.com/,https://venmo.com/Donaldgod17,Available,404
Donaldgod17,Fark,https://www.fark.com/,https://www.fark.com/users/Donaldgod17/,Available,200
Donaldgod17,Sporcle,https://www.sporcle.com/,https://www.sporcle.com/user/Donaldgod17/people,Available,404
Donaldgod17,PlanetMinecraft,https://www.planetminecraft.com,https://www.planetminecraft.com/member/Donaldgod17,Unknown,403
Donaldgod17,rapidapi.com,https://rapidapi.com,https://rapidapi.com/blog/author/Donaldgod17/,Available,404
Donaldgod17,Ameba,https://profile.ameba.jp,https://profile.ameba.jp/ameba/Donaldgod17/,Available,404
Donaldgod17,F6S,https://f6s.com/,https://www.f6s.com/Donaldgod17,Available,200
Donaldgod17,Repl.it,https://repl.it/,https://repl.it/@Donaldgod17,Available,404
Donaldgod17,Techrepublic,https://www.techrepublic.com,https://www.techrepublic.com/members/profile/Donaldgod17/,Available,404
Donaldgod17,forum.blackmagicdesign.com,https://forum.blackmagicdesign.com,https://forum.blackmagicdesign.com/search.php?author=Donaldgod17,Available,200
Donaldgod17,Gravatar,http://en.gravatar.com/,http://en.gravatar.com/Donaldgod17,Available,404
Donaldgod17,ImgInn,https://imginn.com,https://imginn.com/Donaldgod17/,Available,404
Donaldgod17,OpenStreetMap,https://www.openstreetmap.org/,https://www.openstreetmap.org/user/Donaldgod17,Available,404
Donaldgod17,Xvideos,https://xvideos.com/,https://xvideos.com/profiles/Donaldgod17,Available,404
Donaldgod17,Xing,https://www.xing.com/,https://www.xing.com/profile/Donaldgod17,Available,404
Donaldgod17,Pinkbike,https://www.pinkbike.com/,https://www.pinkbike.com/u/Donaldgod17/,Unknown,403
Donaldgod17,Smugmug,https://smugmug.com/,https://Donaldgod17.smugmug.com/,Available,404
Donaldgod17,NPM,https://www.npmjs.com/,https://www.npmjs.com/~Donaldgod17,Available,429
Donaldgod17,kwork,https://www.kwork.ru/,https://kwork.ru/user/Donaldgod17,Available,404
Donaldgod17,My.Mail.ru@mail.ru,https://my.mail.ru/,https://my.mail.ru/mail/Donaldgod17/,Available,404
Donaldgod17,Gog,https://www.gog.com/,https://www.gog.com/u/Donaldgod17,Available,404
Donaldgod17,NPM-Package,https://www.npmjs.com/,https://www.npmjs.com/package/Donaldgod17,Available,429
Donaldgod17,My.Mail.ru@yandex.ru,https://my.mail.ru/,https://my.mail.ru/yandex.ru/Donaldgod17/,Available,404
Donaldgod17,SeoClerks,https://www.seoclerks.com,https://www.seoclerks.com/user/Donaldgod17,Available,302
Donaldgod17,My.Mail.ru@ya.ru,https://my.mail.ru/,https://my.mail.ru/ya.ru/Donaldgod17/,Available,404
Donaldgod17,FortniteTracker,https://fortnitetracker.com/challenges,https://fortnitetracker.com/profile/all/Donaldgod17,Unknown,403
Donaldgod17,My.Mail.ru@bk.ru,https://my.mail.ru/,https://my.mail.ru/bk/Donaldgod17/,Available,404
Donaldgod17,My.Mail.ru@list.ru,https://my.mail.ru/,https://my.mail.ru/list/Donaldgod17/,Available,404
Donaldgod17,Douban,https://www.douban.com,https://www.douban.com/people/Donaldgod17/,Unknown,403
Donaldgod17,About.me,https://about.me/,https://about.me/Donaldgod17,Available,404
Donaldgod17,SkyscraperCity,https://www.skyscrapercity.com,https://www.skyscrapercity.com/members/?username=Donaldgod17,Available,200
Donaldgod17,forum.audacityteam.org,https://forum.audacityteam.org,https://forum.audacityteam.org/search.php?author=Donaldgod17,Available,404
Donaldgod17,AdvancedCustomFields,https://support.advancedcustomfields.com/,https://support.advancedcustomfields.com/forums/users/Donaldgod17,Available,404
Donaldgod17,My.Mail.ru@gmail.com,https://my.mail.ru/,https://my.mail.ru/gmail.com/Donaldgod17/,Available,404
Donaldgod17,WikimapiaSearch,http://wikimapia.org,http://wikimapia.org/user/tools/users_rating/?username=Donaldgod17,Available,200
Donaldgod17,BuyMeACoffee,https://www.buymeacoffee.com/,https://buymeacoff.ee/Donaldgod17,Available,404
Donaldgod17,Codechef,https://www.codechef.com/,https://www.codechef.com/users/Donaldgod17,Available,302
Donaldgod17,steemit,https://steemit.com,https://steemit.com/@Donaldgod17,Available,404
Donaldgod17,NameMC,https://namemc.com/,https://namemc.com/profile/Donaldgod17,Unknown,403
Donaldgod17,forums.linuxmint.com,https://forums.linuxmint.com,https://forums.linuxmint.com/search.php?author=Donaldgod17,Available,200
Donaldgod17,Picuki,https://www.picuki.com/,https://www.picuki.com/profile/Donaldgod17,Available,404
Donaldgod17,author.today,https://author.today,https://author.today/u/Donaldgod17,Unknown,403
Donaldgod17,easyen,https://easyen.ru,https://easyen.ru/index/8-0-Donaldgod17,Unknown,403
Donaldgod17,forums.majorgeeks.com,https://forums.majorgeeks.com,https://forums.majorgeeks.com/members/?username=Donaldgod17,Available,200
Donaldgod17,Sbnation,https://www.sbnation.com,https://www.sbnation.com/users/Donaldgod17,Available,404
Donaldgod17,Picsart,https://picsart.com/,https://picsart.com/u/Donaldgod17,Available,404
Donaldgod17,BOOTH,https://booth.pm/,https://Donaldgod17.booth.pm/,Available,302
Donaldgod17,Stihi.ru,https://www.stihi.ru/,https://www.stihi.ru/avtor/Donaldgod17,Available,200
Donaldgod17,Championat,https://www.championat.com/,https://www.championat.com/user/Donaldgod17,Available,404
Donaldgod17,kofi,https://ko-fi.com,https://ko-fi.com/Donaldgod17,Claimed,200
Donaldgod17,www.itemfix.com,https://www.itemfix.com,https://www.itemfix.com/c/Donaldgod17,Available,200
Donaldgod17,NICommunityForum,https://www.native-instruments.com/forum/,https://www.native-instruments.com/forum/members/?username=Donaldgod17,Available,403
Donaldgod17,forum.pkp.sfu.ca,https://forum.pkp.sfu.ca,https://forum.pkp.sfu.ca/u/Donaldgod17/summary,Unknown,403
Donaldgod17,PyPi,https://pypi.org/,https://pypi.org/user/Donaldgod17,Unknown,200
Donaldgod17,www.tagged.com,http://www.tagged.com,http://www.tagged.com/Donaldgod17,Available,200
Donaldgod17,SublimeForum,https://forum.sublimetext.com/,https://forum.sublimetext.com/u/Donaldgod17/summary,Available,404
Donaldgod17,doctissimo,https://club.doctissimo.fr,https://club.doctissimo.fr/Donaldgod17/,Available,404
Donaldgod17,Coub,https://coub.com/,https://coub.com/Donaldgod17,Available,404
Donaldgod17,ReverbNation,https://www.reverbnation.com/,https://www.reverbnation.com/Donaldgod17,Available,404
Donaldgod17,Diigo,https://www.diigo.com/,https://www.diigo.com/interact_api/load_profile_info?name=Donaldgod17,Available,200
Donaldgod17,N4g,https://n4g.com/,https://n4g.com/user/home/Donaldgod17,Available,404
Donaldgod17,smart-lab.ru,https://smart-lab.ru/,https://smart-lab.ru/profile/Donaldgod17/,Available,404
Donaldgod17,discussion.squadhelp.com,https://discussion.squadhelp.com,https://discussion.squadhelp.com/u/Donaldgod17/summary,Unknown,403
Donaldgod17,blogs.klerk.ru,https://blogs.klerk.ru,https://blogs.klerk.ru/users/Donaldgod17/,Available,200
Donaldgod17,fixya,https://www.fixya.com,https://www.fixya.com/users/Donaldgod17,Available,404
Donaldgod17,TheSimsResource,https://www.thesimsresource.com/,https://www.thesimsresource.com/members/Donaldgod17/,Available,302
Donaldgod17,hashnode,https://hashnode.com,https://hashnode.com/@Donaldgod17,Claimed,429
Donaldgod17,ProductHunt,https://www.producthunt.com/,https://www.producthunt.com/@Donaldgod17,Available,200
Donaldgod17,HackerOne,https://hackerone.com/,https://hackerone.com/Donaldgod17,Available,404
Donaldgod17,codeforces.com,http://codeforces.com,http://codeforces.com/profile/Donaldgod17,Available,200
Donaldgod17,Pandia,https://pandia.ru,https://pandia.ru/user/profile/Donaldgod17,Available,404
Donaldgod17,TheStudentRoom,https://www.thestudentroom.co.uk,https://www.thestudentroom.co.uk/member.php?username=Donaldgod17,Available,200
Donaldgod17,Packagist,https://packagist.org/,https://packagist.org/packages/Donaldgod17/,Available,302
Donaldgod17,Americanthinker,https://www.americanthinker.com/,https://www.americanthinker.com/author/Donaldgod17/,Available,404
Donaldgod17,Proza.ru,https://www.proza.ru/,https://www.proza.ru/avtor/Donaldgod17,Available,200
Donaldgod17,bbs.boingboing.net,https://bbs.boingboing.net,https://bbs.boingboing.net/u/Donaldgod17/summary,Unknown,403
Donaldgod17,MuffinGroup,https://forum.muffingroup.com,https://forum.muffingroup.com/betheme/profile/Donaldgod17,Available,404
Donaldgod17,interpals,https://www.interpals.net/,https://www.interpals.net/Donaldgod17,Available,200
Donaldgod17,AdultFriendFinder,https://adultfriendfinder.com,https://adultfriendfinder.com/profile/Donaldgod17,Claimed,200
Donaldgod17,Vivino,https://www.vivino.com/,https://www.vivino.com/users/Donaldgod17,Available,404
Donaldgod17,Influenster,https://www.influenster.com/,https://www.influenster.com/Donaldgod17,Unknown,403
Donaldgod17,Kwejk,https://kwejk.pl,https://kwejk.pl/uzytkownik/Donaldgod17#/tablica/,Available,404
Donaldgod17,Speedrun.com,https://speedrun.com/,https://speedrun.com/users/Donaldgod17,Available,404
Donaldgod17,Mix,https://mix.com,https://mix.com/Donaldgod17,Available,404
Donaldgod17,Funnyjunk,https://funnyjunk.com/,https://funnyjunk.com/user/Donaldgod17,Available,307
Donaldgod17,discourse.jupyter.org,https://discourse.jupyter.org,https://discourse.jupyter.org/u/Donaldgod17/summary,Available,404
Donaldgod17,Speakerdeck,https://speakerdeck.com,https://speakerdeck.com/Donaldgod17,Available,404
Donaldgod17,TVTropes,https://tvtropes.org,https://tvtropes.org/pmwiki/pmwiki.php/Tropers/Donaldgod17,Available,404
Donaldgod17,Truelancer,https://www.truelancer.com,https://www.truelancer.com/freelancer/Donaldgod17,Available,200
Donaldgod17,Neoseeker,https://www.neoseeker.com,https://www.neoseeker.com/members/Donaldgod17/,Unknown,403
Donaldgod17,joyreactor.cc,http://joyreactor.cc,http://joyreactor.cc/user/Donaldgod17,Available,301
Donaldgod17,allmylinks,https://allmylinks.com/,https://allmylinks.com/Donaldgod17,Available,404
Donaldgod17,eBaumsWorld,https://www.ebaumsworld.com/,https://www.ebaumsworld.com/user/profile/Donaldgod17,Available,404
Donaldgod17,Metal-archives,https://www.metal-archives.com,https://www.metal-archives.com/users/Donaldgod17,Available,404
Donaldgod17,Justlanded,https://community.justlanded.com,https://community.justlanded.com/en/profile/Donaldgod17,Available,404
Donaldgod17,ifunny.co,https://www.ifunny.co,https://www.ifunny.co/user/Donaldgod17,Available,404
Donaldgod17,Voices,https://www.voices.com/,https://www.voices.com/actors/Donaldgod17,Unknown,403
Donaldgod17,Screwfix,https://community.screwfix.com,https://community.screwfix.com/members/?username=Donaldgod17,Available,200
Donaldgod17,ImageShack,https://imageshack.com/,https://imageshack.com/user/Donaldgod17,Available,302
Donaldgod17,accounts.eclipse.org,https://accounts.eclipse.org,https://accounts.eclipse.org/users/Donaldgod17,Available,404
Donaldgod17,Krstarica,https://forum.krstarica.com,https://forum.krstarica.com/members/?username=Donaldgod17,Available,200
Donaldgod17,Smule,https://www.smule.com/,https://www.smule.com/Donaldgod17,Available,200
Donaldgod17,forums.indiegala.com,https://forums.indiegala.com,https://forums.indiegala.com/members/?username=Donaldgod17,Available,200
Donaldgod17,Baby.ru,https://www.baby.ru/,https://www.baby.ru/u/Donaldgod17/,Available,404
Donaldgod17,Pbase,https://pbase.com/,https://pbase.com/Donaldgod17/profile,Available,200
Donaldgod17,Picarto,https://ptvintern.picarto.tv,https://ptvintern.picarto.tv/metadescription/Donaldgod17,Available,200
Donaldgod17,hiveos.farm,https://forum.hiveos.farm,https://forum.hiveos.farm/u/Donaldgod17/summary,Available,404
Donaldgod17,AnimeNewsNetwork,https://www.animenewsnetwork.com,https://www.animenewsnetwork.com/bbs/phpBB2/profile.php?mode=viewprofile&u=Donaldgod17,Available,200
Donaldgod17,TemplateMonster,https://www.templatemonster.com,https://www.templatemonster.com/authors/Donaldgod17/,Available,404
Donaldgod17,Mouthshut,https://www.mouthshut.com/,https://www.mouthshut.com/Donaldgod17,Available,301
Donaldgod17,TheOdysseyOnline,https://www.theodysseyonline.com,https://www.theodysseyonline.com/user/@Donaldgod17,Available,404
Donaldgod17,iXBT,https://forum.ixbt.com,https://forum.ixbt.com/users.cgi?id=info:Donaldgod17,Available,404
Donaldgod17,Niftygateway,https://api.niftygateway.com,https://niftygateway.com/profile/Donaldgod17,Available,400
Donaldgod17,Namepros,https://www.namepros.com/,https://www.namepros.com/members/?username=Donaldgod17,Available,200
Donaldgod17,DigitalPoint,https://www.digitalpoint.com,https://www.digitalpoint.com/members/?username=Donaldgod17,Available,200
Donaldgod17,Jimdo,https://jimdosite.com/,https://Donaldgod17.jimdosite.com,Unknown,403
Donaldgod17,MoneySavingExpert,https://forums.moneysavingexpert.com,https://forums.moneysavingexpert.com/profile/Donaldgod17,Available,404
Donaldgod17,Fodors,https://www.fodors.com,https://www.fodors.com/community/profile/Donaldgod17/forum-activity,Available,302
Donaldgod17,Edocr,https://www.edocr.com,https://www.edocr.com/user/Donaldgod17/,Available,404
Donaldgod17,Empflix,https://www.empflix.com,https://www.empflix.com/profile/Donaldgod17/,Available,301
Donaldgod17,Pixwox,https://www.pixwox.com,https://www.pixwox.com/profile/Donaldgod17/,Claimed,200
Donaldgod17,Giantbomb,https://www.giantbomb.com,https://www.giantbomb.com/profile/Donaldgod17,Available,404
Donaldgod17,Kongregate,https://www.kongregate.com/,https://www.kongregate.com/accounts/Donaldgod17,Available,404
Donaldgod17,Slides,https://slides.com/,https://slides.com/Donaldgod17,Available,404
Donaldgod17,Wykop,https://www.wykop.pl,https://www.wykop.pl/ludzie/Donaldgod17/,Available,404
Donaldgod17,forums.destructoid.com,https://forums.destructoid.com,https://forums.destructoid.com/members/?username=Donaldgod17,Available,200
Donaldgod17,forums.visual-paradigm.com,https://forums.visual-paradigm.com,https://forums.visual-paradigm.com/u/Donaldgod17/summary,Available,404
Donaldgod17,Armorgames,https://armorgames.com,https://armorgames.com/user/Donaldgod17,Available,302
Donaldgod17,Advego,https://advego.com/,https://advego.com/profile/Donaldgod17/author/,Available,404
Donaldgod17,3ddd,https://3ddd.ru,https://3ddd.ru/users/Donaldgod17,Available,404
Donaldgod17,forum.snapcraft.io,https://forum.snapcraft.io,https://forum.snapcraft.io/u/Donaldgod17/summary,Available,404
Donaldgod17,4x4.tomsk.ru,http://4x4.tomsk.ru,http://4x4.tomsk.ru/search.php?author=Donaldgod17,Available,200
Donaldgod17,Freesound,https://freesound.org/,https://freesound.org/people/Donaldgod17/,Available,404
Donaldgod17,Etxt,https://www.etxt.ru,https://www.etxt.ru/Donaldgod17.html,Available,404
Donaldgod17,Artsy,https://www.artsy.net,https://www.artsy.net/artist/Donaldgod17,Available,404
Donaldgod17,Kinja,https://kinja.com,https://kinja.com/Donaldgod17,Available,404
Donaldgod17,Fanpop,https://www.fanpop.com/,https://www.fanpop.com/fans/Donaldgod17,Available,404
Donaldgod17,profi.ru,https://profi.ru,https://profi.ru/profile/Donaldgod17/,Available,404
Donaldgod17,lnk.bio,https://lnk.bio,https://lnk.bio/Donaldgod17,Available,200
Donaldgod17,TrueAchievements,https://www.trueachievements.com,https://www.trueachievements.com/gamer/Donaldgod17,Available,404
Donaldgod17,nightbot,https://nightbot.tv/,https://nightbot.tv/t/Donaldgod17/commands,Available,404
Donaldgod17,Diary.ru,https://diary.ru,https://Donaldgod17.diary.ru/,Unknown,500
Donaldgod17,Hackster,https://www.hackster.io,https://www.hackster.io/Donaldgod17,Unknown,403
Donaldgod17,Mobypicture,http://www.mobypicture.com,http://www.mobypicture.com/user/Donaldgod17,Available,404
Donaldgod17,Codewars,https://www.codewars.com,https://www.codewars.com/users/Donaldgod17,Available,404
Donaldgod17,forums.steinberg.net,https://forums.steinberg.net,https://forums.steinberg.net/u/Donaldgod17/summary,Available,404
Donaldgod17,Coderwall,https://coderwall.com/,https://coderwall.com/Donaldgod17,Available,404
Donaldgod17,dlive.tv,https://dlive.tv,https://dlive.tv/Donaldgod17,Available,200
Donaldgod17,mama.tomsk.ru,https://mama.tomsk.ru/forums,https://mama.tomsk.ru/forums/search.php?author=Donaldgod17,Available,404
Donaldgod17,Teletype,https://teletype.in,https://teletype.in/@Donaldgod17,Available,404
Donaldgod17,MyMiniFactory,https://www.myminifactory.com/,https://www.myminifactory.com/users/Donaldgod17,Available,404
Donaldgod17,GameRevolution,https://forums.gamerevolution.com,https://forums.gamerevolution.com/members/?username=Donaldgod17,Available,200
Donaldgod17,community.sweatco.in,https://community.sweatco.in,https://community.sweatco.in/u/Donaldgod17/summary,Available,200
Donaldgod17,MirTesen,https://mirtesen.ru,https://mirtesen.ru/people/Donaldgod17/profile,Available,200
Donaldgod17,Blu-ray,https://forum.blu-ray.com/,https://forum.blu-ray.com/member.php?username=Donaldgod17,Available,200
Donaldgod17,Forumophilia,https://www.forumophilia.com,https://www.forumophilia.com/profile.php?mode=viewprofile&u=Donaldgod17,Available,200
Donaldgod17,PushSquare,http://www.pushsquare.com,http://www.pushsquare.com/users/Donaldgod17,Available,404
Donaldgod17,couchsurfing,https://www.couchsurfing.com/,https://www.couchsurfing.com/people/Donaldgod17,Available,404
Donaldgod17,Soup,https://soup.io,https://www.soup.io/author/Donaldgod17,Available,301
Donaldgod17,7dach,https://7dach.ru/,https://7dach.ru/profile/Donaldgod17,Available,404
Donaldgod17,forum.ghost.org,https://forum.ghost.org,https://forum.ghost.org/u/Donaldgod17/summary,Available,404
Donaldgod17,donorbox,https://donorbox.org,https://donorbox.org/Donaldgod17,Available,404
Donaldgod17,Iphones.ru,https://www.iphones.ru,https://www.iphones.ru/iNotes/author/Donaldgod17?profile=1,Available,404
Donaldgod17,Physicsforums,https://www.physicsforums.com,https://www.physicsforums.com/members/?username=Donaldgod17,Available,200
Donaldgod17,GBAtemp.net,https://gbatemp.net/,https://gbatemp.net/members/?username=Donaldgod17,Available,200
Donaldgod17,Contently,https://contently.com/,https://Donaldgod17.contently.com/,Available,200
Donaldgod17,forum.ykt.ru,https://forum.ykt.ru,https://forum.ykt.ru/viewprofile.jsp?forum_id=11&user=Donaldgod17,Available,302
Donaldgod17,Vgtimes,https://vgtimes.ru,https://vgtimes.ru/user/Donaldgod17,Available,404
Donaldgod17,discuss.hashicorp.com,https://discuss.hashicorp.com,https://discuss.hashicorp.com/u/Donaldgod17/summary,Available,404
Donaldgod17,E621,https://e621.net,https://e621.net/users/Donaldgod17,Available,404
Donaldgod17,forum.nameberry.com,https://forum.nameberry.com,https://forum.nameberry.com/u/Donaldgod17/summary,Unknown,403
Donaldgod17,akniga,https://akniga.org/,https://akniga.org/profile/Donaldgod17,Available,404
Donaldgod17,B17,https://www.b17.ru/,https://www.b17.ru/Donaldgod17,Unknown,503
Donaldgod17,xenforo.com,https://xenforo.com/community/,https://xenforo.com/community/members/?username=Donaldgod17,Available,200
Donaldgod17,Vgtimes/Games,https://vgtimes.ru,https://vgtimes.ru/games/Donaldgod17/forum/,Available,404
Donaldgod17,Myinstants,https://www.myinstants.com,https://www.myinstants.com/profile/Donaldgod17/,Available,404
Donaldgod17,BikeRadar,https://forum.bikeradar.com,https://forum.bikeradar.com/profile/Donaldgod17,Available,404
Donaldgod17,TryHackMe,https://tryhackme.com/,https://tryhackme.com/p/Donaldgod17,Available,200
Donaldgod17,Brusheezy,https://www.brusheezy.com,https://www.brusheezy.com/members/Donaldgod17,Available,200
Donaldgod17,ForumHouse,https://www.forumhouse.ru/,https://www.forumhouse.ru/members/?username=Donaldgod17,Available,200
Donaldgod17,forum.shotcut.org,https://forum.shotcut.org,https://forum.shotcut.org/u/Donaldgod17/summary,Available,404
Donaldgod17,Gitee,https://gitee.com/,https://gitee.com/Donaldgod17,Available,404
Donaldgod17,forum.inaturalist.org,https://forum.inaturalist.org,https://forum.inaturalist.org/u/Donaldgod17/summary,Available,404
Donaldgod17,EuroFootball,https://www.euro-football.ru,https://www.euro-football.ru/user/Donaldgod17,Available,302
Donaldgod17,getmyuni,https://getmyuni.com/,https://www.getmyuni.com/user/Donaldgod17,Available,404
Donaldgod17,igromania,http://forum.igromania.ru/,http://forum.igromania.ru/member.php?username=Donaldgod17,Available,200
Donaldgod17,Cent,https://cent.co/,https://beta.cent.co/@Donaldgod17,Available,200
Donaldgod17,Dumpor,https://dumpor.com,https://dumpor.com/v/Donaldgod17,Available,200
Donaldgod17,SevenForums,https://www.sevenforums.com,https://www.sevenforums.com/member.php?username=Donaldgod17,Unknown,403
Donaldgod17,mel.fm,https://mel.fm,https://mel.fm/blog/Donaldgod17,Available,404
Donaldgod17,spletnik,https://spletnik.ru/,https://spletnik.ru/user/Donaldgod17,Available,404
Donaldgod17,hi5,http://www.hi5.com,http://www.hi5.com/Donaldgod17,Available,200
Donaldgod17,Sbazar.cz,https://www.sbazar.cz/,https://www.sbazar.cz/Donaldgod17,Available,404
Donaldgod17,ESET,https://forum.esetnod32.ru,https://forum.esetnod32.ru/user/Donaldgod17/,Available,404
Donaldgod17,GuruShots,https://gurushots.com/,https://gurushots.com/Donaldgod17/photos,Available,200
Donaldgod17,MoscowFlamp,https://moscow.flamp.ru/,https://moscow.flamp.ru/Donaldgod17,Available,404
Donaldgod17,DonationsAlerts,https://www.donationalerts.com/,https://www.donationalerts.com/r/Donaldgod17,Available,404
Donaldgod17,Oper,https://www.oper.ru/,https://www.oper.ru/visitors/info.php?t=Donaldgod17,Available,200
Donaldgod17,forum.scssoft.com,https://forum.scssoft.com,https://forum.scssoft.com/search.php?author=Donaldgod17,Available,200
Donaldgod17,sparkpeople,https://www.sparkpeople.com,https://www.sparkpeople.com/mypage.asp?id=Donaldgod17,Available,404
Donaldgod17,Uchportal,https://www.uchportal.ru,https://www.uchportal.ru/index/8-0-Donaldgod17,Available,200
Donaldgod17,LiveInternet,https://www.liveinternet.ru,https://www.liveinternet.ru/users/Donaldgod17/profile,Available,200
Donaldgod17,23hq,http://www.23hq.com,http://www.23hq.com/Donaldgod17,Unknown,503
Donaldgod17,Hackerearth,https://www.hackerearth.com,https://www.hackerearth.com/@Donaldgod17,Available,200
Donaldgod17,Ariva,https://www.ariva.de/,https://www.ariva.de/profil/Donaldgod17,Available,404
Donaldgod17,Untappd,https://untappd.com,https://untappd.com/user/Donaldgod17,Available,404
Donaldgod17,forums.digitalpoint.com,https://forums.digitalpoint.com/,https://forums.digitalpoint.com/members/?username=Donaldgod17,Available,200
Donaldgod17,NN.RU,https://www.nn.ru/,https://Donaldgod17.www.nn.ru/,Available,404
Donaldgod17,Hotcopper,https://hotcopper.com.au,https://hotcopper.com.au/search/search?type=post&users=Donaldgod17,Available,200
Donaldgod17,Aptoide,https://en.aptoide.com/,https://Donaldgod17.en.aptoide.com/,Available,404
Donaldgod17,Launchpad,https://launchpad.net/,https://launchpad.net/~Donaldgod17,Available,404
Donaldgod17,teamtreehouse.com,https://teamtreehouse.com,https://teamtreehouse.com/profiles/Donaldgod17,Available,429
Donaldgod17,hunting.karelia.ru,http://hunting.karelia.ru,http://hunting.karelia.ru/search.php?author=Donaldgod17,Available,200
Donaldgod17,Psychologies.ru,http://www.psychologies.ru,http://www.psychologies.ru/personal/Donaldgod17,Available,404
Donaldgod17,forums.drom.ru,https://www.forumsdrom.ru/,https://www.forumsdrom.ru/member.php?username=Donaldgod17,Available,200
Donaldgod17,Bibsonomy,https://www.bibsonomy.org,https://www.bibsonomy.org/user/Donaldgod17,Available,404
Donaldgod17,Revelation,https://rev.mail.ru,https://rev.mail.ru/forums/member.php?username=Donaldgod17,Unknown,0
Donaldgod17,TRASHBOX.RU,https://trashbox.ru/,https://trashbox.ru/users/Donaldgod17,Available,404
Donaldgod17,Tinkoff Invest,https://www.tinkoff.ru/invest/,https://tinkoff.ru/invest/social/profile/Donaldgod17/,Available,200
Donaldgod17,geocaching,https://www.geocaching.com/,https://www.geocaching.com/profile/?u=Donaldgod17,Available,404
Donaldgod17,BabyBlog.ru,https://www.babyblog.ru/,https://www.babyblog.ru/user/Donaldgod17,Available,301
Donaldgod17,forum.openoffice.org,https://forum.openoffice.org/en/forum,https://forum.openoffice.org/en/forum/search.php?author=Donaldgod17,Available,200
Donaldgod17,YandexZenChannel,https://dzen.ru,https://dzen.ru/channel/Donaldgod17,Available,404
Donaldgod17,designspiration.com,https://designspiration.com,https://designspiration.com/Donaldgod17/,Available,404
Donaldgod17,Warface,https://wf.mail.ru,https://wf.mail.ru/forums/member.php?username=Donaldgod17,Unknown,0
Donaldgod17,Newgrounds,https://newgrounds.com,https://Donaldgod17.newgrounds.com,Available,404
Donaldgod17,Tanks,https://tanks.mail.ru,https://tanks.mail.ru/forum/member.php?username=Donaldgod17,Unknown,0
Donaldgod17,PerfectWorld,https://pw.mail.ru,https://pw.mail.ru/member.php?username=Donaldgod17,Unknown,0
Donaldgod17,PerfectWorldForum,https://pw.mail.ru/,https://pw.mail.ru/forums/member.php?username=Donaldgod17,Unknown,0
Donaldgod17,ArchiveOfOurOwn,,,Unknown,0
Donaldgod17,Infourok,,,Unknown,0
Donaldgod17,HackerNews,https://news.ycombinator.com/,https://news.ycombinator.com/user?id=Donaldgod17,Unknown,0
Donaldgod17,giters.com,,,Unknown,0
