username,name,url_main,url_user,exists,http_status
LucaCamus,TradingView,https://www.tradingview.com/,https://www.tradingview.com/u/LucaCamus,Unknown,403
LucaCamus,OP.GG [LeagueOfLegends] Phillippines,https://www.op.gg/,https://www.op.gg/summoners/search?q=LucaCamus&region=ph,Available,429
LucaCamus,OP.GG [LeagueOfLegends] Japan,https://www.op.gg/,https://www.op.gg/summoners/search?q=LucaCamus&region=jp,Available,429
LucaCamus,OP.GG [LeagueOfLegends] Middle East,https://www.op.gg/,https://www.op.gg/summoners/search?q=LucaCamus&region=me,Available,429
LucaCamus,Freepik,https://www.freepik.com,https://www.freepik.com/LucaCamus,Unknown,403
LucaCamus,OP.GG [LeagueOfLegends] Singapore,https://www.op.gg/,https://www.op.gg/summoners/search?q=LucaCamus&region=sg,Available,429
LucaCamus,OP.GG [LeagueOfLegends] LAN,https://www.op.gg/,https://www.op.gg/summoners/search?q=LucaCamus&region=lan,Available,429
LucaCamus,OP.GG [LeagueOfLegends] Europe West,https://www.op.gg/,https://www.op.gg/summoners/search?q=LucaCamus&region=euw,Available,429
LucaCamus,OP.GG [LeagueOfLegends] LAS,https://www.op.gg/,https://www.op.gg/summoners/search?q=LucaCamus&region=las,Available,429
LucaCamus,OP.GG [LeagueOfLegends] Brazil,https://www.op.gg/,https://www.op.gg/summoners/search?q=LucaCamus&region=br,Available,429
LucaCamus,OP.GG [LeagueOfLegends] Thailand,https://www.op.gg/,https://www.op.gg/summoners/search?q=LucaCamus&region=th,Available,429
LucaCamus,OP.GG [LeagueOfLegends] Russia,https://www.op.gg/,https://www.op.gg/summoners/search?q=LucaCamus&region=ru,Available,429
LucaCamus,OP.GG [LeagueOfLegends] Vietnam,https://www.op.gg/,https://www.op.gg/summoners/search?q=LucaCamus&region=vn,Available,429
LucaCamus,OP.GG [LeagueOfLegends] Turkey,https://www.op.gg/,https://www.op.gg/summoners/search?q=LucaCamus&region=tr,Available,429
LucaCamus,OP.GG [LeagueOfLegends] Taiwan,https://www.op.gg/,https://www.op.gg/summoners/search?q=LucaCamus&region=tw,Available,429
LucaCamus,Figma,https://www.figma.com/,https://www.figma.com/@LucaCamus,Unknown,403
LucaCamus,OP.GG [LeagueOfLegends] Korea,https://www.op.gg/,https://www.op.gg/summoners/search?q=LucaCamus&region=kr,Available,429
LucaCamus,Etsy,https://www.etsy.com/,https://www.etsy.com/shop/LucaCamus,Unknown,403
LucaCamus,YouTube User,https://www.youtube.com/,https://www.youtube.com/@LucaCamus,Available,404
LucaCamus,linktr.ee,https://linktr.ee,https://linktr.ee/LucaCamus,Available,406
LucaCamus,OP.GG [LeagueOfLegends] Oceania,https://www.op.gg/,https://www.op.gg/summoners/search?q=LucaCamus&region=oce,Available,429
LucaCamus,YouTube,https://www.youtube.com/,https://www.youtube.com/@LucaCamus,Available,404
LucaCamus,GitHub,https://www.github.com/,https://github.com/LucaCamus,Unknown,403
LucaCamus,Twitch,https://www.twitch.tv/,https://twitchtracker.com/LucaCamus,Unknown,403
LucaCamus,Udemy,https://www.udemy.com,https://www.udemy.com/user/LucaCamus/,Unknown,403
LucaCamus,OP.GG [LeagueOfLegends] Europe Nordic & East,https://www.op.gg/,https://www.op.gg/summoners/search?q=LucaCamus&region=eune,Available,429
LucaCamus,GooglePlayStore,https://play.google.com/store,https://play.google.com/store/apps/developer?id=LucaCamus,Available,404
LucaCamus,upwork.com,https://upwork.com,https://upwork.com/fl/LucaCamus,Unknown,403
LucaCamus,Trello,https://trello.com/,https://trello.com/LucaCamus,Claimed,429
LucaCamus,Twitter,https://www.twitter.com/,https://twitter.com/LucaCamus,Unknown,403
LucaCamus,Mozilla Support,https://support.mozilla.org,https://support.mozilla.org/en-US/user/LucaCamus/,Available,404
LucaCamus,StackOverflow,https://stackoverflow.com,https://stackoverflow.com/users/filter?search=LucaCamus,Available,200
LucaCamus,OP.GG [LeagueOfLegends] North America,https://www.op.gg/,https://www.op.gg/summoners/search?q=LucaCamus&region=na,Available,429
LucaCamus,Wix,https://wix.com/,https://LucaCamus.wix.com,Available,404
LucaCamus,GitHubGist,https://gist.github.com,https://gist.github.com/LucaCamus,Available,404
LucaCamus,Ameblo,https://ameblo.jp,https://ameblo.jp/LucaCamus,Available,404
LucaCamus,Vimeo,https://vimeo.com,https://vimeo.com/LucaCamus,Available,404
LucaCamus,Quora,https://www.quora.com/,https://www.quora.com/profile/LucaCamus,Available,301
LucaCamus,WordPress,https://wordpress.com,https://LucaCamus.wordpress.com/,Available,302
LucaCamus,Facebook,https://www.facebook.com/,https://www.facebook.com/LucaCamus,Available,200
LucaCamus,Kickstarter,https://www.kickstarter.com,https://www.kickstarter.com/profile/LucaCamus,Unknown,403
LucaCamus,BleachFandom,https://bleach.fandom.com/ru,https://bleach.fandom.com/ru/wiki/%D0%A3%D1%87%D0%B0%D1%81%D1%82%D0%BD%D0%B8%D0%BA:LucaCamus,Available,404
LucaCamus,SourceForge,https://sourceforge.net/,https://sourceforge.net/u/LucaCamus/profile,Unknown,403
LucaCamus,SlideShare,https://www.slideshare.net,https://www.slideshare.net/LucaCamus,Available,200
LucaCamus,Naver,https://naver.com,https://blog.naver.com/LucaCamus,Available,404
LucaCamus,Fiverr,https://www.fiverr.com/,https://www.fiverr.com/LucaCamus,Unknown,403
LucaCamus,Behance,https://www.behance.net/,https://www.behance.net/LucaCamus,Available,404
LucaCamus,Scribd,https://www.scribd.com/,https://www.scribd.com/LucaCamus,Available,404
LucaCamus,DailyMotion,https://www.dailymotion.com,https://www.dailymotion.com/LucaCamus,Available,404
LucaCamus,Battleraprus,https://battleraprus.fandom.com/ru,https://battleraprus.fandom.com/ru/wiki/%D0%A3%D1%87%D0%B0%D1%81%D1%82%D0%BD%D0%B8%D0%BA:LucaCamus,Available,404
LucaCamus,TikTok,https://www.tiktok.com/,https://www.tiktok.com/@LucaCamus,Claimed,200
LucaCamus,Slack,https://slack.com,https://LucaCamus.slack.com,Available,404
LucaCamus,Unsplash,https://unsplash.com/,https://unsplash.com/@LucaCamus,Available,404
LucaCamus,Shutterstock,https://www.shutterstock.com,https://www.shutterstock.com/g/LucaCamus/about,Available,404
LucaCamus,FandomCommunityCentral,https://community.fandom.com,https://community.fandom.com/wiki/User:LucaCamus,Available,404
LucaCamus,Armchairgm,https://armchairgm.fandom.com/,https://armchairgm.fandom.com/wiki/User:LucaCamus,Available,404
LucaCamus,Steam (Group),https://steamcommunity.com/,https://steamcommunity.com/groups/LucaCamus,Available,200
LucaCamus,iStock,https://www.istockphoto.com,https://www.istockphoto.com/ru/portfolio/LucaCamus,Available,200
LucaCamus,Tumblr,https://www.tumblr.com,https://www.tumblr.com/LucaCamus,Available,404
LucaCamus,CNET,https://www.cnet.com,https://www.cnet.com/profiles/LucaCamus/,Available,404
LucaCamus,Chess,https://www.chess.com,https://www.chess.com/member/LucaCamus,Available,404
LucaCamus,Issuu,https://issuu.com/,https://issuu.com/LucaCamus,Available,404
LucaCamus,Weebly,http://weebly.com,http://LucaCamus.weebly.com/,Available,404
LucaCamus,Steam,https://steamcommunity.com/,https://steamcommunity.com/id/LucaCamus,Available,200
LucaCamus,SoundCloud,https://soundcloud.com/,https://soundcloud.com/LucaCamus,Available,404
LucaCamus,Disqus,https://disqus.com/,https://disqus.com/LucaCamus,Available,400
LucaCamus,Ebay,https://www.ebay.com/,https://www.ebay.com/usr/LucaCamus,Unknown,200
LucaCamus,Fandom,https://www.fandom.com/,https://www.fandom.com/u/LucaCamus,Available,404
LucaCamus,Patreon,https://www.patreon.com/,https://www.patreon.com/LucaCamus,Available,404
LucaCamus,calendly.com,https://calendly.com,https://calendly.com/LucaCamus/15min,Available,404
LucaCamus,Freelancer.com,https://www.freelancer.com/,https://www.freelancer.com/api/users/0.1/users?usernames%5B%5D=LucaCamus&compact=true,Claimed,200
LucaCamus,giphy.com,https://giphy.com,https://giphy.com/channel/LucaCamus,Available,404
LucaCamus,Genius,https://genius.com/,https://genius.com/LucaCamus,Available,404
LucaCamus,Discogs,https://www.discogs.com/,https://www.discogs.com/user/LucaCamus,Unknown,403
LucaCamus,Gamefaqs,https://gamefaqs.gamespot.com,https://gamefaqs.gamespot.com/community/LucaCamus,Unknown,401
LucaCamus,AppleDiscussions,https://discussions.apple.com/,https://discussions.apple.com/profile/LucaCamus,Unknown,403
LucaCamus,CloudflareCommunity,https://community.cloudflare.com/,https://community.cloudflare.com/u/LucaCamus/summary,Unknown,403
LucaCamus,Livejasmin,https://www.livejasmin.com/,https://www.livejasmin.com/en/girls/#!chat/LucaCamus,Available,200
LucaCamus,Dreamstime,https://www.dreamstime.com,https://www.dreamstime.com/LucaCamus_info,Unknown,403
LucaCamus,BuzzFeed,https://buzzfeed.com/,https://buzzfeed.com/LucaCamus,Available,404
LucaCamus,GoodReads,https://www.goodreads.com/,https://www.goodreads.com/LucaCamus,Available,404
LucaCamus,discourse.mozilla.org,https://discourse.mozilla.org,https://discourse.mozilla.org/u/LucaCamus/summary,Available,404
LucaCamus,PeopleIgn,https://people.ign.com/,https://people.ign.com/LucaCamus,Available,404
LucaCamus,TheVerge,https://www.theverge.com,https://www.theverge.com/users/LucaCamus,Available,410
LucaCamus,Wattpad,https://www.wattpad.com/,https://www.wattpad.com/user/LucaCamus,Available,404
LucaCamus,Telegram,https://t.me/,https://t.me/LucaCamus,Available,200
LucaCamus,Nairaland Forum,https://www.nairaland.com/,https://www.nairaland.com/LucaCamus,Unknown,403
LucaCamus,community.simplilearn.com,https://community.simplilearn.com,https://community.simplilearn.com/members/?username=LucaCamus,Available,404
LucaCamus,Imgur,https://imgur.com,https://imgur.com/user/LucaCamus,Available,404
LucaCamus,BongaCams,https://sbongacams.com,https://bongacams.com/profile/LucaCamus,Available,404
LucaCamus,ThemeForest,https://themeforest.net,https://themeforest.net/user/LucaCamus,Available,404
LucaCamus,community.brave.com,https://community.brave.com,https://community.brave.com/u/LucaCamus/summary,Available,404
LucaCamus,Wikipedia,https://www.wikipedia.org/,https://www.wikipedia.org/wiki/User:LucaCamus,Available,404
LucaCamus,Artstation,https://www.artstation.com,https://www.artstation.com/LucaCamus,Unknown,403
LucaCamus,VK,https://vk.com/,https://vk.com/LucaCamus,Available,404
LucaCamus,Scratch,https://scratch.mit.edu/,https://scratch.mit.edu/users/LucaCamus,Available,404
LucaCamus,Gamespot,https://www.gamespot.com/,https://www.gamespot.com/profile/LucaCamus/,Available,404
LucaCamus,opensea.io,https://opensea.io,https://opensea.io/accounts/LucaCamus,Available,404
LucaCamus,MyFitnessPal,https://www.myfitnesspal.com/,https://www.myfitnesspal.com/profile/LucaCamus,Unknown,403
LucaCamus,WordPressOrg,https://wordpress.org/,https://profiles.wordpress.org/LucaCamus/,Available,404
LucaCamus,Rottentomatoes,https://www.rottentomatoes.com,https://www.rottentomatoes.com/critic/LucaCamus/movies,Available,404
LucaCamus,Envato,https://forums.envato.com,https://forums.envato.com/u/LucaCamus/summary,Available,404
LucaCamus,Duolingo,https://duolingo.com/,https://www.duolingo.com/profile/LucaCamus,Available,200
LucaCamus,Rutracker,https://rutracker.org/,https://rutracker.org/forum/profile.php?mode=viewprofile&u=LucaCamus,Available,200
LucaCamus,Myspace,https://myspace.com/,https://myspace.com/LucaCamus,Available,404
LucaCamus,forum.wordreference.com,https://forum.wordreference.com,https://forum.wordreference.com/members/?username=LucaCamus,Available,200
LucaCamus,Freelance.habr,https://freelance.habr.com/,https://freelance.habr.com/freelancers/LucaCamus,Available,410
LucaCamus,SoftwareInformer,https://users.software.informer.com,https://users.software.informer.com/LucaCamus/,Available,301
LucaCamus,HabrCareer,https://career.habr.com/,https://career.habr.com/LucaCamus,Available,404
LucaCamus,TripAdvisor,https://tripadvisor.com/,https://tripadvisor.com/members/LucaCamus,Available,404
LucaCamus,Blogger,https://www.blogger.com/,https://LucaCamus.blogspot.com,Available,404
LucaCamus,MyAnimeList,https://myanimelist.net/,https://myanimelist.net/profile/LucaCamus,Available,404
LucaCamus,Codepen,https://codepen.io/,https://codepen.io/LucaCamus,Unknown,403
LucaCamus,Kaggle,https://www.kaggle.com/,https://www.kaggle.com/LucaCamus,Claimed,200
LucaCamus,BodyBuilding,https://bodyspace.bodybuilding.com/,https://bodyspace.bodybuilding.com/LucaCamus,Available,302
LucaCamus,AfreecaTV,http://bjapi.afreecatv.com,http://bjapi.afreecatv.com/api/LucaCamus/station,Unknown,515
LucaCamus,community.adobe.com,https://community.adobe.com,https://community.adobe.com/t5/forums/searchpage/tab/user?q=LucaCamus,Available,200
LucaCamus,ChaturBate,https://chaturbate.com,https://chaturbate.com/LucaCamus,Available,404
LucaCamus,Zomato,https://www.zomato.com/,https://www.zomato.com/pl/LucaCamus/foodjourney,Available,404
LucaCamus,www.change.org,https://www.change.org,https://www.change.org/o/LucaCamus,Available,404
LucaCamus,AllRecipes,https://www.allrecipes.com/,https://www.allrecipes.com/cook/LucaCamus,Available,404
LucaCamus,Ultimate-Guitar,https://ultimate-guitar.com/,https://ultimate-guitar.com/u/LucaCamus,Available,410
LucaCamus,OK,https://ok.ru/,https://ok.ru/LucaCamus,Available,404
LucaCamus,Reddit,https://www.reddit.com/,https://www.reddit.com/user/LucaCamus,Available,200
LucaCamus,AppleDeveloper,https://developer.apple.com/forums,https://developer.apple.com/forums/profile/LucaCamus,Available,404
LucaCamus,Wowhead,https://www.wowhead.com,https://www.wowhead.com/user=LucaCamus,Available,404
LucaCamus,DiscussPython,https://discuss.python.org/,https://discuss.python.org/u/LucaCamus/summary,Available,404
LucaCamus,adblockplus.org,https://adblockplus.org,https://adblockplus.org/forum/search.php?keywords=&terms=all&author=LucaCamus,Available,200
LucaCamus,cyber.harvard.edu,https://cyber.harvard.edu,https://cyber.harvard.edu/people/LucaCamus,Available,404
LucaCamus,YandexMusic,https://music.yandex.ru/,https://music.yandex.ru/users/LucaCamus/playlists,Available,404
LucaCamus,Codecanyon,https://codecanyon.net,https://codecanyon.net/user/LucaCamus,Available,404
LucaCamus,Academia.edu,https://www.academia.edu/,https://independent.academia.edu/LucaCamus,Claimed,200
LucaCamus,Redbubble,https://www.redbubble.com/,https://www.redbubble.com/people/LucaCamus,Available,404
LucaCamus,Weibo,https://weibo.com,https://weibo.com/LucaCamus,Available,400
LucaCamus,123rf,https://ru.123rf.com,https://ru.123rf.com/profile_LucaCamus,Available,302
LucaCamus,Pikabu,https://pikabu.ru/,https://pikabu.ru/@LucaCamus,Available,404
LucaCamus,Pathofexile,https://ru.pathofexile.com,https://ru.pathofexile.com/account/view-profile/LucaCamus,Unknown,403
LucaCamus,Amazon,https://amazon.com,https://amazon.com/author/LucaCamus,Available,404
LucaCamus,Bandcamp,https://www.bandcamp.com/,https://www.bandcamp.com/LucaCamus,Available,404
LucaCamus,Polygon,https://www.polygon.com/,https://www.polygon.com/users/LucaCamus,Available,404
LucaCamus,drive2,https://www.drive2.ru/,https://www.drive2.ru/users/LucaCamus,Available,404
LucaCamus,PCGamer,https://pcgamer.com,https://forums.pcgamer.com/members/?username=LucaCamus,Available,200
LucaCamus,1337x,https://1337x.to,https://1337x.to/user/LucaCamus/,Available,200
LucaCamus,Pastebin,https://pastebin.com/,https://pastebin.com/u/LucaCamus,Available,404
LucaCamus,Pinterest,https://www.pinterest.com/,https://www.pinterest.com/LucaCamus/,Available,200
LucaCamus,note,https://note.com/,https://note.com/LucaCamus,Available,404
LucaCamus,Bit.ly,https://bit.ly,https://bit.ly/LucaCamus,Available,404
LucaCamus,Tinder,https://tinder.com/,https://www.tinder.com/@LucaCamus,Available,200
LucaCamus,Studfile,https://studfile.net,https://studfile.net/users/LucaCamus/,Available,404
LucaCamus,jsfiddle.net,https://jsfiddle.net,https://jsfiddle.net/user/LucaCamus/,Available,404
LucaCamus,Toster,https://qna.habr.com/,https://qna.habr.com/user/LucaCamus,Available,404
LucaCamus,Plurk,https://www.plurk.com/,https://www.plurk.com/LucaCamus,Available,200
LucaCamus,CreativeMarket,https://creativemarket.com/,https://creativemarket.com/users/LucaCamus,Unknown,403
LucaCamus,Gab,https://gab.com/,https://gab.com/LucaCamus,Available,404
LucaCamus,247sports,https://247sports.com,https://247sports.com/user/LucaCamus/,Available,404
LucaCamus,Habr,https://habr.com/,https://habr.com/ru/users/LucaCamus/,Available,404
LucaCamus,Gofundme,https://www.gofundme.com,https://www.gofundme.com/f/LucaCamus,Available,404
LucaCamus,LiveJournal,https://www.livejournal.com/,https://LucaCamus.livejournal.com,Available,404
LucaCamus,DeviantART,https://deviantart.com,https://LucaCamus.deviantart.com,Claimed,200
LucaCamus,Itch.io,https://itch.io/,https://LucaCamus.itch.io/,Available,404
LucaCamus,last.fm,https://last.fm/,https://last.fm/user/LucaCamus,Available,404
LucaCamus,Aparat,https://www.aparat.com,https://www.aparat.com/LucaCamus,Available,404
LucaCamus,Dribbble,https://dribbble.com/,https://dribbble.com/LucaCamus,Available,404
LucaCamus,Tom's guide,http://forums.tomsguide.com,http://forums.tomsguide.com/members/?username=LucaCamus,Available,200
LucaCamus,500px,https://500px.com/,https://500px.com/p/LucaCamus,Unknown,200
LucaCamus,xHamster,https://xhamster.com,https://xhamster.com/users/LucaCamus,Available,404
LucaCamus,Revelation,https://rev.mail.ru,https://rev.mail.ru/forums/member.php?username=LucaCamus,Unknown,0
LucaCamus,TomsHardware,https://forums.tomshardware.com/,https://forums.tomshardware.com/members/?username=LucaCamus,Available,200
LucaCamus,sports.ru,https://www.sports.ru/,https://www.sports.ru/profile/LucaCamus/,Available,404
LucaCamus,Codecademy,https://www.codecademy.com/,https://www.codecademy.com/profiles/LucaCamus,Available,200
LucaCamus,Ccm,https://ccm.net,https://ccm.net/profile/user/LucaCamus,Available,404
LucaCamus,jeuxvideo,http://www.jeuxvideo.com,http://www.jeuxvideo.com/profil/LucaCamus?mode=infos,Available,404
LucaCamus,forum.sketchfab.com,https://forum.sketchfab.com,https://forum.sketchfab.com/u/LucaCamus/summary,Available,200
LucaCamus,forums.sketchup.com,https://forums.sketchup.com,https://forums.sketchup.com/u/LucaCamus/summary,Available,404
LucaCamus,AskFM,https://ask.fm/,https://ask.fm/LucaCamus,Unknown,0
LucaCamus,ResearchGate,https://www.researchgate.net/,,Illegal,
LucaCamus,9GAG,https://www.9gag.com/,https://www.9gag.com/u/LucaCamus,Available,404
LucaCamus,Docker Hub,https://hub.docker.com/,https://hub.docker.com/u/LucaCamus/,Available,404
LucaCamus,BoardGameGeek,https://boardgamegeek.com,https://boardgamegeek.com/user/LucaCamus,Available,200
LucaCamus,Instructables,https://www.instructables.com/,https://www.instructables.com/member/LucaCamus,Available,404
LucaCamus,community.icons8.com,https://community.icons8.com,https://community.icons8.com/u/LucaCamus/summary,Available,404
LucaCamus,Cracked,https://www.cracked.com/,https://www.cracked.com/members/LucaCamus/,Available,301
LucaCamus,beacons.ai,https://beacons.ai,https://beacons.ai/LucaCamus,Unknown,403
LucaCamus,Flightradar24,https://www.flightradar24.com/,https://my.flightradar24.com/LucaCamus,Available,404
LucaCamus,Redtube,https://ru.redtube.com/,https://ru.redtube.com/users/LucaCamus,Available,404
LucaCamus,Lichess,https://lichess.org,https://lichess.org/@/LucaCamus,Available,404
LucaCamus,Roblox,https://www.roblox.com/,https://www.roblox.com/user.aspx?username=LucaCamus,Available,404
LucaCamus,djskt.lnk.to,https://djskt.lnk.to,https://djskt.lnk.to/LucaCamus,Available,404
LucaCamus,AllTrails,https://www.alltrails.com/,https://www.alltrails.com/members/LucaCamus,Unknown,403
LucaCamus,Thechive,https://thechive.com/,https://thechive.com/author/LucaCamus,Available,404
LucaCamus,discuss.codecademy.com,https://discuss.codecademy.com,https://discuss.codecademy.com/u/LucaCamus/summary,Available,404
LucaCamus,Wikidot,http://www.wikidot.com/,http://www.wikidot.com/user:info/LucaCamus,Available,200
LucaCamus,Eporner,,https://www.eporner.com/profile/LucaCamus/,Available,404
LucaCamus,Kaskus,https://www.kaskus.co.id,https://www.kaskus.co.id/@LucaCamus,Available,404
LucaCamus,{username}.tilda.ws,https://tilda.ws,https://LucaCamus.tilda.ws,Available,404
LucaCamus,Freecodecamp,https://www.freecodecamp.org/forum/,https://www.freecodecamp.org/forum/u/LucaCamus/summary,Available,404
LucaCamus,99designs.com,https://99designs.com,https://99designs.com/profiles/LucaCamus,Available,404
LucaCamus,Muckrack,https://muckrack.com,https://muckrack.com/LucaCamus,Unknown,403
LucaCamus,angel.co,https://angel.co,https://angel.co/u/LucaCamus,Unknown,403
LucaCamus,Weforum,https://www.weforum.org,https://www.weforum.org/people/LucaCamus,Unknown,403
LucaCamus,Rajce.net,https://www.rajce.idnes.cz/,https://LucaCamus.rajce.idnes.cz/,Available,410
LucaCamus,fotostrana.ru,https://fotostrana.ru,https://fotostrana.ru/LucaCamus/,Unknown,403
LucaCamus,osu!,https://osu.ppy.sh/,https://osu.ppy.sh/users/LucaCamus,Available,404
LucaCamus,forums.docker.com,https://forums.docker.com,https://forums.docker.com/u/LucaCamus/summary,Available,404
LucaCamus,BitBucket,https://bitbucket.org/,https://bitbucket.org/LucaCamus/,Available,404
LucaCamus,Guru,https://www.guru.com,https://www.guru.com/freelancers/LucaCamus,Available,404
LucaCamus,Otzovik,https://otzovik.com/,https://otzovik.com/profile/LucaCamus,Unknown,507
LucaCamus,ComicvineGamespot,https://comicvine.gamespot.com/,https://comicvine.gamespot.com/profile/LucaCamus,Available,404
LucaCamus,Pornhub,https://pornhub.com/,https://pornhub.com/users/LucaCamus,Available,404
LucaCamus,Sbnation,https://www.sbnation.com,https://www.sbnation.com/users/LucaCamus,Available,404
LucaCamus,www.gamesradar.com,https://www.gamesradar.com,https://www.gamesradar.com/uk/author/LucaCamus/,Available,404
LucaCamus,GitLab,https://gitlab.com/,https://gitlab.com/LucaCamus,Available,200
LucaCamus,lyricstranslate.com,https://lyricstranslate.com,https://lyricstranslate.com/sco/translator/LucaCamus,Available,404
LucaCamus,Flickr,https://www.flickr.com/,https://www.flickr.com/photos/LucaCamus,Available,404
LucaCamus,hackernoon.com,https://hackernoon.com,https://hackernoon.com/u/LucaCamus,Available,200
LucaCamus,videohive.net,https://videohive.net,https://videohive.net/user/LucaCamus,Available,404
LucaCamus,HubPages,https://hubpages.com/,https://hubpages.com/@LucaCamus,Available,404
LucaCamus,amp.flipboard.com,https://amp.flipboard.com,https://amp.flipboard.com/@LucaCamus,Available,404
LucaCamus,DigitalOcean,https://www.digitalocean.com/,https://www.digitalocean.com/community/users/LucaCamus,Available,404
LucaCamus,MixCloud,https://www.mixcloud.com/,https://www.mixcloud.com/LucaCamus/,Available,404
LucaCamus,Flipboard,https://flipboard.com/,https://flipboard.com/@LucaCamus,Available,404
LucaCamus,Jigsawplanet,https://www.jigsawplanet.com,https://www.jigsawplanet.com/LucaCamus,Available,404
LucaCamus,TechPowerUp,https://www.techpowerup.com,https://www.techpowerup.com/forums/members/?username=LucaCamus,Available,200
LucaCamus,AlternativeTo,https://alternativeto.net/,https://alternativeto.net/user/LucaCamus,Unknown,403
LucaCamus,Letterboxd,https://letterboxd.com/,https://letterboxd.com/LucaCamus,Available,404
LucaCamus,Baidu,https://tieba.baidu.com,https://tieba.baidu.com/home/main?un=LucaCamus,Available,200
LucaCamus,pr0gramm,https://pr0gramm.com/,https://pr0gramm.com/api/profile/info?name=LucaCamus,Available,404
LucaCamus,Gumroad,https://www.gumroad.com/,https://www.gumroad.com/LucaCamus,Available,404
LucaCamus,Xvideos,https://xvideos.com/,https://xvideos.com/profiles/LucaCamus,Available,404
LucaCamus,Foursquare,https://foursquare.com/,https://foursquare.com/LucaCamus,Available,404
LucaCamus,profile.hatena.ne.jp,https://profile.hatena.ne.jp,https://profile.hatena.ne.jp/LucaCamus/,Available,404
LucaCamus,authorSTREAM,http://www.authorstream.com/,http://www.authorstream.com/author/LucaCamus/,Claimed,200
LucaCamus,OpenStreetMap,https://www.openstreetmap.org/,https://www.openstreetmap.org/user/LucaCamus,Available,404
LucaCamus,opensource,https://opensource.com/,https://opensource.com/users/LucaCamus,Available,404
LucaCamus,iRecommend.RU,https://irecommend.ru/,https://irecommend.ru/users/LucaCamus,Unknown,521
LucaCamus,IFTTT,https://www.ifttt.com/,https://www.ifttt.com/p/LucaCamus,Available,429
LucaCamus,Zoomir.ir,https://www.zoomit.ir,https://www.zoomit.ir/user/LucaCamus,Available,404
LucaCamus,www.minds.com,https://www.minds.com,https://www.minds.com/LucaCamus,Available,404
LucaCamus,TemplateMonster,https://www.templatemonster.com,https://www.templatemonster.com/authors/LucaCamus/,Available,404
LucaCamus,Slashdot,https://slashdot.org,https://slashdot.org/~LucaCamus,Available,404
LucaCamus,techspot.com,http://www.techspot.com/community/,http://www.techspot.com/community/members/?username=LucaCamus,Unknown,403
LucaCamus,Pluralsight,https://app.pluralsight.com,https://app.pluralsight.com/profile/author/LucaCamus,Available,404
LucaCamus,AllKPop,https://www.allkpop.com/,https://www.allkpop.com/profile/LucaCamus,Available,302
LucaCamus,Yummly,https://www.yummly.com,https://mapi.yummly.com/mapi/v19/user/LucaCamus,Unknown,0
LucaCamus,Codementor,https://www.codementor.io/,https://www.codementor.io/LucaCamus,Available,404
LucaCamus,Cheezburger,https://profile.cheezburger.com,https://profile.cheezburger.com/LucaCamus,Available,302
LucaCamus,DEV Community,https://dev.to/,https://dev.to/LucaCamus,Available,404
LucaCamus,forum.blackmagicdesign.com,https://forum.blackmagicdesign.com,https://forum.blackmagicdesign.com/search.php?author=LucaCamus,Available,200
LucaCamus,ImgInn,https://imginn.com,https://imginn.com/LucaCamus/,Claimed,200
LucaCamus,depop.com,https://www.depop.com,https://www.depop.com/LucaCamus,Unknown,403
LucaCamus,VSCO,https://vsco.co/,https://vsco.co/LucaCamus,Available,404
LucaCamus,Ameba,https://profile.ameba.jp,https://profile.ameba.jp/ameba/LucaCamus/,Available,404
LucaCamus,Audiojungle,https://audiojungle.net/,https://audiojungle.net/user/LucaCamus,Available,404
LucaCamus,Weedmaps,https://weedmaps.com,https://weedmaps.com/brands/LucaCamus,Unknown,403
LucaCamus,Warrior Forum,https://www.warriorforum.com/,https://www.warriorforum.com/members/LucaCamus.html,Available,400
LucaCamus,Pokemon Showdown,https://pokemonshowdown.com,https://pokemonshowdown.com/users/LucaCamus,Available,404
LucaCamus,Discuss.Elastic.co,https://discuss.elastic.co/,https://discuss.elastic.co/u/LucaCamus/summary,Available,404
LucaCamus,mercadolivre,https://www.mercadolivre.com.br,https://www.mercadolivre.com.br/perfil/LucaCamus,Claimed,200
LucaCamus,Eksisozluk,https://eksisozluk.com,https://eksisozluk.com/biri/LucaCamus,Available,404
LucaCamus,Trakt,https://www.trakt.tv/,https://www.trakt.tv/users/LucaCamus,Unknown,403
LucaCamus,Memrise,https://www.memrise.com/,https://www.memrise.com/user/LucaCamus/,Available,301
LucaCamus,Venmo,https://venmo.com/,https://venmo.com/LucaCamus,Available,404
LucaCamus,Rate Your Music,https://rateyourmusic.com/,https://rateyourmusic.com/~LucaCamus,Unknown,403
LucaCamus,Anime-planet,https://www.anime-planet.com,https://www.anime-planet.com/forum/members/?username=LucaCamus,Available,200
LucaCamus,FilmWeb,https://www.filmweb.pl/user/adam,https://www.filmweb.pl/user/LucaCamus,Available,200
LucaCamus,forums.opera.com,https://forums.opera.com/,https://forums.opera.com/user/LucaCamus,Available,404
LucaCamus,Livemaster,https://www.livemaster.ru,https://www.livemaster.ru/LucaCamus,Available,404
LucaCamus,dailykos,https://www.dailykos.com,https://www.dailykos.com/user/LucaCamus,Available,404
LucaCamus,Codechef,https://www.codechef.com/,https://www.codechef.com/users/LucaCamus,Available,302
LucaCamus,forums.serebii.net,https://forums.serebii.net,https://forums.serebii.net/members/?username=LucaCamus,Claimed,403
LucaCamus,999.md,https://999.md,https://999.md/ru/profile/LucaCamus,Available,404
LucaCamus,ModDB,https://www.moddb.com/,https://www.moddb.com/members/LucaCamus,Unknown,403
LucaCamus,rapidapi.com,https://rapidapi.com,https://rapidapi.com/blog/author/LucaCamus/,Available,404
LucaCamus,Repl.it,https://repl.it/,https://repl.it/@LucaCamus,Available,404
LucaCamus,My.Mail.ru@gmail.com,https://my.mail.ru/,https://my.mail.ru/gmail.com/LucaCamus/,Available,404
LucaCamus,Pinkbike,https://www.pinkbike.com/,https://www.pinkbike.com/u/LucaCamus/,Unknown,403
LucaCamus,My.Mail.ru@bk.ru,https://my.mail.ru/,https://my.mail.ru/bk/LucaCamus/,Available,404
LucaCamus,Gravatar,http://en.gravatar.com/,http://en.gravatar.com/LucaCamus,Available,404
LucaCamus,community.getpostman.com,https://community.getpostman.com,https://community.getpostman.com/u/LucaCamus/summary,Available,404
LucaCamus,My.Mail.ru@list.ru,https://my.mail.ru/,https://my.mail.ru/list/LucaCamus/,Available,404
LucaCamus,PlanetMinecraft,https://www.planetminecraft.com,https://www.planetminecraft.com/member/LucaCamus,Unknown,403
LucaCamus,FortniteTracker,https://fortnitetracker.com/challenges,https://fortnitetracker.com/profile/all/LucaCamus,Unknown,403
LucaCamus,fixya,https://www.fixya.com,https://www.fixya.com/users/LucaCamus,Available,404
LucaCamus,My.Mail.ru@ya.ru,https://my.mail.ru/,https://my.mail.ru/ya.ru/LucaCamus/,Available,404
LucaCamus,My.Mail.ru@yandex.ru,https://my.mail.ru/,https://my.mail.ru/yandex.ru/LucaCamus/,Available,404
LucaCamus,BuyMeACoffee,https://www.buymeacoffee.com/,https://buymeacoff.ee/LucaCamus,Available,404
LucaCamus,Sporcle,https://www.sporcle.com/,https://www.sporcle.com/user/LucaCamus/people,Available,404
LucaCamus,SeoClerks,https://www.seoclerks.com,https://www.seoclerks.com/user/LucaCamus,Available,302
LucaCamus,Gog,https://www.gog.com/,https://www.gog.com/u/LucaCamus,Available,404
LucaCamus,kwork,https://www.kwork.ru/,https://kwork.ru/user/LucaCamus,Available,404
LucaCamus,F6S,https://f6s.com/,https://www.f6s.com/LucaCamus,Available,200
LucaCamus,My.Mail.ru@mail.ru,https://my.mail.ru/,https://my.mail.ru/mail/LucaCamus/,Available,404
LucaCamus,NPM,https://www.npmjs.com/,https://www.npmjs.com/~LucaCamus,Available,429
LucaCamus,Smugmug,https://smugmug.com/,https://LucaCamus.smugmug.com/,Available,404
LucaCamus,WikimapiaSearch,http://wikimapia.org,http://wikimapia.org/user/tools/users_rating/?username=LucaCamus,Available,200
LucaCamus,Championat,https://www.championat.com/,https://www.championat.com/user/LucaCamus,Available,404
LucaCamus,SkyscraperCity,https://www.skyscrapercity.com,https://www.skyscrapercity.com/members/?username=LucaCamus,Available,200
LucaCamus,forum.audacityteam.org,https://forum.audacityteam.org,https://forum.audacityteam.org/search.php?author=LucaCamus,Available,404
LucaCamus,Xing,https://www.xing.com/,https://www.xing.com/profile/LucaCamus,Available,404
LucaCamus,About.me,https://about.me/,https://about.me/LucaCamus,Available,404
LucaCamus,Techrepublic,https://www.techrepublic.com,https://www.techrepublic.com/members/profile/LucaCamus/,Available,404
LucaCamus,forums.linuxmint.com,https://forums.linuxmint.com,https://forums.linuxmint.com/search.php?author=LucaCamus,Available,200
LucaCamus,AdvancedCustomFields,https://support.advancedcustomfields.com/,https://support.advancedcustomfields.com/forums/users/LucaCamus,Available,404
LucaCamus,steemit,https://steemit.com,https://steemit.com/@LucaCamus,Available,404
LucaCamus,Typeracer,https://typeracer.com,https://data.typeracer.com/pit/profile?user=LucaCamus,Available,200
LucaCamus,Stihi.ru,https://www.stihi.ru/,https://www.stihi.ru/avtor/LucaCamus,Available,200
LucaCamus,NameMC,https://namemc.com/,https://namemc.com/profile/LucaCamus,Unknown,403
LucaCamus,Fark,https://www.fark.com/,https://www.fark.com/users/LucaCamus/,Available,200
LucaCamus,LiveLib,https://www.livelib.ru/,https://www.livelib.ru/reader/LucaCamus,Claimed,200
LucaCamus,easyen,https://easyen.ru,https://easyen.ru/index/8-0-LucaCamus,Unknown,403
LucaCamus,www.itemfix.com,https://www.itemfix.com,https://www.itemfix.com/c/LucaCamus,Available,200
LucaCamus,Douban,https://www.douban.com,https://www.douban.com/people/LucaCamus/,Unknown,403
LucaCamus,NICommunityForum,https://www.native-instruments.com/forum/,https://www.native-instruments.com/forum/members/?username=LucaCamus,Available,403
LucaCamus,author.today,https://author.today,https://author.today/u/LucaCamus,Unknown,403
LucaCamus,Picuki,https://www.picuki.com/,https://www.picuki.com/profile/LucaCamus,Claimed,200
LucaCamus,SublimeForum,https://forum.sublimetext.com/,https://forum.sublimetext.com/u/LucaCamus/summary,Available,404
LucaCamus,forums.majorgeeks.com,https://forums.majorgeeks.com,https://forums.majorgeeks.com/members/?username=LucaCamus,Available,200
LucaCamus,forum.pkp.sfu.ca,https://forum.pkp.sfu.ca,https://forum.pkp.sfu.ca/u/LucaCamus/summary,Unknown,403
LucaCamus,www.tagged.com,http://www.tagged.com,http://www.tagged.com/LucaCamus,Available,200
LucaCamus,Picsart,https://picsart.com/,https://picsart.com/u/LucaCamus,Claimed,200
LucaCamus,ReverbNation,https://www.reverbnation.com/,https://www.reverbnation.com/LucaCamus,Available,404
LucaCamus,NPM-Package,https://www.npmjs.com/,https://www.npmjs.com/package/LucaCamus,Available,429
LucaCamus,PyPi,https://pypi.org/,https://pypi.org/user/LucaCamus,Unknown,200
LucaCamus,Bibsonomy,https://www.bibsonomy.org,https://www.bibsonomy.org/user/LucaCamus,Available,404
LucaCamus,smart-lab.ru,https://smart-lab.ru/,https://smart-lab.ru/profile/LucaCamus/,Available,404
LucaCamus,doctissimo,https://club.doctissimo.fr,https://club.doctissimo.fr/LucaCamus/,Available,404
LucaCamus,Diigo,https://www.diigo.com/,https://www.diigo.com/interact_api/load_profile_info?name=LucaCamus,Available,200
LucaCamus,kofi,https://ko-fi.com,https://ko-fi.com/LucaCamus,Claimed,200
LucaCamus,YouPorn,https://youporn.com,https://youporn.com/uservids/LucaCamus,Available,404
LucaCamus,accounts.eclipse.org,https://accounts.eclipse.org,https://accounts.eclipse.org/users/LucaCamus,Available,404
LucaCamus,N4g,https://n4g.com/,https://n4g.com/user/home/LucaCamus,Available,404
LucaCamus,Coub,https://coub.com/,https://coub.com/LucaCamus,Available,404
LucaCamus,HackerOne,https://hackerone.com/,https://hackerone.com/LucaCamus,Available,404
LucaCamus,Americanthinker,https://www.americanthinker.com/,https://www.americanthinker.com/author/LucaCamus/,Available,404
LucaCamus,discussion.squadhelp.com,https://discussion.squadhelp.com,https://discussion.squadhelp.com/u/LucaCamus/summary,Unknown,403
LucaCamus,bbs.boingboing.net,https://bbs.boingboing.net,https://bbs.boingboing.net/u/LucaCamus/summary,Unknown,403
LucaCamus,hashnode,https://hashnode.com,https://hashnode.com/@LucaCamus,Claimed,429
LucaCamus,codeforces.com,http://codeforces.com,http://codeforces.com/profile/LucaCamus,Available,200
LucaCamus,blogs.klerk.ru,https://blogs.klerk.ru,https://blogs.klerk.ru/users/LucaCamus/,Available,200
LucaCamus,Truelancer,https://www.truelancer.com,https://www.truelancer.com/freelancer/LucaCamus,Available,200
LucaCamus,Proza.ru,https://www.proza.ru/,https://www.proza.ru/avtor/LucaCamus,Available,200
LucaCamus,Pandia,https://pandia.ru,https://pandia.ru/user/profile/LucaCamus,Available,404
LucaCamus,MuffinGroup,https://forum.muffingroup.com,https://forum.muffingroup.com/betheme/profile/LucaCamus,Available,404
LucaCamus,Packagist,https://packagist.org/,https://packagist.org/packages/LucaCamus/,Available,302
LucaCamus,Funnyjunk,https://funnyjunk.com/,https://funnyjunk.com/user/LucaCamus,Available,307
LucaCamus,interpals,https://www.interpals.net/,https://www.interpals.net/LucaCamus,Available,200
LucaCamus,Mix,https://mix.com,https://mix.com/LucaCamus,Available,404
LucaCamus,Kwejk,https://kwejk.pl,https://kwejk.pl/uzytkownik/LucaCamus#/tablica/,Available,404
LucaCamus,Speedrun.com,https://speedrun.com/,https://speedrun.com/users/LucaCamus,Available,404
LucaCamus,TheSimsResource,https://www.thesimsresource.com/,https://www.thesimsresource.com/members/LucaCamus/,Available,302
LucaCamus,TVTropes,https://tvtropes.org,https://tvtropes.org/pmwiki/pmwiki.php/Tropers/LucaCamus,Available,404
LucaCamus,Influenster,https://www.influenster.com/,https://www.influenster.com/LucaCamus,Unknown,403
LucaCamus,Neoseeker,https://www.neoseeker.com,https://www.neoseeker.com/members/LucaCamus/,Unknown,403
LucaCamus,AdultFriendFinder,https://adultfriendfinder.com,https://adultfriendfinder.com/profile/LucaCamus,Claimed,200
LucaCamus,BOOTH,https://booth.pm/,https://LucaCamus.booth.pm/,Available,302
LucaCamus,discourse.jupyter.org,https://discourse.jupyter.org,https://discourse.jupyter.org/u/LucaCamus/summary,Available,404
LucaCamus,forums.bulbagarden.net,http://forums.bulbagarden.net,http://forums.bulbagarden.net/members/?username=LucaCamus,Claimed,403
LucaCamus,nightbot,https://nightbot.tv/,https://nightbot.tv/t/LucaCamus/commands,Available,404
LucaCamus,ProductHunt,https://www.producthunt.com/,https://www.producthunt.com/@LucaCamus,Available,200
LucaCamus,ifunny.co,https://www.ifunny.co,https://www.ifunny.co/user/LucaCamus,Available,404
LucaCamus,Screwfix,https://community.screwfix.com,https://community.screwfix.com/members/?username=LucaCamus,Available,200
LucaCamus,Gitee,https://gitee.com/,https://gitee.com/LucaCamus,Available,404
LucaCamus,joyreactor.cc,http://joyreactor.cc,http://joyreactor.cc/user/LucaCamus,Available,301
LucaCamus,Speakerdeck,https://speakerdeck.com,https://speakerdeck.com/LucaCamus,Available,404
LucaCamus,eBaumsWorld,https://www.ebaumsworld.com/,https://www.ebaumsworld.com/user/profile/LucaCamus,Available,404
LucaCamus,Justlanded,https://community.justlanded.com,https://community.justlanded.com/en/profile/LucaCamus,Available,404
LucaCamus,allmylinks,https://allmylinks.com/,https://allmylinks.com/LucaCamus,Available,404
LucaCamus,Voices,https://www.voices.com/,https://www.voices.com/actors/LucaCamus,Unknown,403
LucaCamus,ImageShack,https://imageshack.com/,https://imageshack.com/user/LucaCamus,Available,302
LucaCamus,forums.indiegala.com,https://forums.indiegala.com,https://forums.indiegala.com/members/?username=LucaCamus,Available,200
LucaCamus,Baby.ru,https://www.baby.ru/,https://www.baby.ru/u/LucaCamus/,Available,404
LucaCamus,TheOdysseyOnline,https://www.theodysseyonline.com,https://www.theodysseyonline.com/user/@LucaCamus,Available,404
LucaCamus,Mouthshut,https://www.mouthshut.com/,https://www.mouthshut.com/LucaCamus,Available,301
LucaCamus,Smule,https://www.smule.com/,https://www.smule.com/LucaCamus,Available,200
LucaCamus,Krstarica,https://forum.krstarica.com,https://forum.krstarica.com/members/?username=LucaCamus,Available,200
LucaCamus,Vivino,https://www.vivino.com/,https://www.vivino.com/users/LucaCamus,Available,404
LucaCamus,Pbase,https://pbase.com/,https://pbase.com/LucaCamus/profile,Available,200
LucaCamus,Kongregate,https://www.kongregate.com/,https://www.kongregate.com/accounts/LucaCamus,Available,404
LucaCamus,Edocr,https://www.edocr.com,https://www.edocr.com/user/LucaCamus/,Available,404
LucaCamus,hiveos.farm,https://forum.hiveos.farm,https://forum.hiveos.farm/u/LucaCamus/summary,Available,404
LucaCamus,AnimeNewsNetwork,https://www.animenewsnetwork.com,https://www.animenewsnetwork.com/bbs/phpBB2/profile.php?mode=viewprofile&u=LucaCamus,Available,200
LucaCamus,Picarto,https://ptvintern.picarto.tv,https://ptvintern.picarto.tv/metadescription/LucaCamus,Available,200
LucaCamus,Wykop,https://www.wykop.pl,https://www.wykop.pl/ludzie/LucaCamus/,Available,404
LucaCamus,Empflix,https://www.empflix.com,https://www.empflix.com/profile/LucaCamus/,Available,301
LucaCamus,Niftygateway,https://api.niftygateway.com,https://niftygateway.com/profile/LucaCamus,Available,400
LucaCamus,Jimdo,https://jimdosite.com/,https://LucaCamus.jimdosite.com,Unknown,403
LucaCamus,Fodors,https://www.fodors.com,https://www.fodors.com/community/profile/LucaCamus/forum-activity,Available,302
LucaCamus,forum.snapcraft.io,https://forum.snapcraft.io,https://forum.snapcraft.io/u/LucaCamus/summary,Available,404
LucaCamus,forums.destructoid.com,https://forums.destructoid.com,https://forums.destructoid.com/members/?username=LucaCamus,Available,200
LucaCamus,Slides,https://slides.com/,https://slides.com/LucaCamus,Available,404
LucaCamus,Pixwox,https://www.pixwox.com,https://www.pixwox.com/profile/LucaCamus/,Claimed,200
LucaCamus,Namepros,https://www.namepros.com/,https://www.namepros.com/members/?username=LucaCamus,Available,200
LucaCamus,iXBT,https://forum.ixbt.com,https://forum.ixbt.com/users.cgi?id=info:LucaCamus,Available,404
LucaCamus,forums.visual-paradigm.com,https://forums.visual-paradigm.com,https://forums.visual-paradigm.com/u/LucaCamus/summary,Available,404
LucaCamus,4x4.tomsk.ru,http://4x4.tomsk.ru,http://4x4.tomsk.ru/search.php?author=LucaCamus,Available,200
LucaCamus,Giantbomb,https://www.giantbomb.com,https://www.giantbomb.com/profile/LucaCamus,Available,404
LucaCamus,Armorgames,https://armorgames.com,https://armorgames.com/user/LucaCamus,Available,302
LucaCamus,Freesound,https://freesound.org/,https://freesound.org/people/LucaCamus/,Available,404
LucaCamus,Advego,https://advego.com/,https://advego.com/profile/LucaCamus/author/,Available,404
LucaCamus,Etxt,https://www.etxt.ru,https://www.etxt.ru/LucaCamus.html,Available,404
LucaCamus,MoneySavingExpert,https://forums.moneysavingexpert.com,https://forums.moneysavingexpert.com/profile/LucaCamus,Available,404
LucaCamus,dlive.tv,https://dlive.tv,https://dlive.tv/LucaCamus,Available,200
LucaCamus,3ddd,https://3ddd.ru,https://3ddd.ru/users/LucaCamus,Available,404
LucaCamus,Fanpop,https://www.fanpop.com/,https://www.fanpop.com/fans/LucaCamus,Available,404
LucaCamus,lnk.bio,https://lnk.bio,https://lnk.bio/LucaCamus,Available,200
LucaCamus,Metal-archives,https://www.metal-archives.com,https://www.metal-archives.com/users/LucaCamus,Available,404
LucaCamus,profi.ru,https://profi.ru,https://profi.ru/profile/LucaCamus/,Available,404
LucaCamus,Codewars,https://www.codewars.com,https://www.codewars.com/users/LucaCamus,Available,404
LucaCamus,Kinja,https://kinja.com,https://kinja.com/LucaCamus,Available,404
LucaCamus,forums.steinberg.net,https://forums.steinberg.net,https://forums.steinberg.net/u/LucaCamus/summary,Available,404
LucaCamus,Diary.ru,https://diary.ru,https://LucaCamus.diary.ru/,Unknown,500
LucaCamus,Coderwall,https://coderwall.com/,https://coderwall.com/LucaCamus,Available,404
LucaCamus,Mobypicture,http://www.mobypicture.com,http://www.mobypicture.com/user/LucaCamus,Available,404
LucaCamus,TrueAchievements,https://www.trueachievements.com,https://www.trueachievements.com/gamer/LucaCamus,Available,404
LucaCamus,Hackster,https://www.hackster.io,https://www.hackster.io/LucaCamus,Unknown,403
LucaCamus,Teletype,https://teletype.in,https://teletype.in/@LucaCamus,Available,404
LucaCamus,Blu-ray,https://forum.blu-ray.com/,https://forum.blu-ray.com/member.php?username=LucaCamus,Available,200
LucaCamus,mama.tomsk.ru,https://mama.tomsk.ru/forums,https://mama.tomsk.ru/forums/search.php?author=LucaCamus,Available,404
LucaCamus,TheStudentRoom,https://www.thestudentroom.co.uk,https://www.thestudentroom.co.uk/member.php?username=LucaCamus,Available,200
LucaCamus,spletnik,https://spletnik.ru/,https://spletnik.ru/user/LucaCamus,Available,404
LucaCamus,Iphones.ru,https://www.iphones.ru,https://www.iphones.ru/iNotes/author/LucaCamus?profile=1,Available,404
LucaCamus,Tinkoff Invest,https://www.tinkoff.ru/invest/,https://tinkoff.ru/invest/social/profile/LucaCamus/,Available,200
LucaCamus,Soup,https://soup.io,https://www.soup.io/author/LucaCamus,Available,301
LucaCamus,donorbox,https://donorbox.org,https://donorbox.org/LucaCamus,Available,404
LucaCamus,MyMiniFactory,https://www.myminifactory.com/,https://www.myminifactory.com/users/LucaCamus,Available,404
LucaCamus,PushSquare,http://www.pushsquare.com,http://www.pushsquare.com/users/LucaCamus,Available,404
LucaCamus,MirTesen,https://mirtesen.ru,https://mirtesen.ru/people/LucaCamus/profile,Available,200
LucaCamus,Physicsforums,https://www.physicsforums.com,https://www.physicsforums.com/members/?username=LucaCamus,Available,200
LucaCamus,Forumophilia,https://www.forumophilia.com,https://www.forumophilia.com/profile.php?mode=viewprofile&u=LucaCamus,Available,200
LucaCamus,forum.ykt.ru,https://forum.ykt.ru,https://forum.ykt.ru/viewprofile.jsp?forum_id=11&user=LucaCamus,Available,302
LucaCamus,7dach,https://7dach.ru/,https://7dach.ru/profile/LucaCamus,Available,404
LucaCamus,DigitalPoint,https://www.digitalpoint.com,https://www.digitalpoint.com/members/?username=LucaCamus,Available,200
LucaCamus,forum.ghost.org,https://forum.ghost.org,https://forum.ghost.org/u/LucaCamus/summary,Available,404
LucaCamus,discuss.hashicorp.com,https://discuss.hashicorp.com,https://discuss.hashicorp.com/u/LucaCamus/summary,Available,404
LucaCamus,Contently,https://contently.com/,https://LucaCamus.contently.com/,Available,200
LucaCamus,E621,https://e621.net,https://e621.net/users/LucaCamus,Available,404
LucaCamus,forum.nameberry.com,https://forum.nameberry.com,https://forum.nameberry.com/u/LucaCamus/summary,Unknown,403
LucaCamus,Vgtimes,https://vgtimes.ru,https://vgtimes.ru/user/LucaCamus,Available,404
LucaCamus,BikeRadar,https://forum.bikeradar.com,https://forum.bikeradar.com/profile/LucaCamus,Available,404
LucaCamus,xenforo.com,https://xenforo.com/community/,https://xenforo.com/community/members/?username=LucaCamus,Available,200
LucaCamus,GBAtemp.net,https://gbatemp.net/,https://gbatemp.net/members/?username=LucaCamus,Available,200
LucaCamus,B17,https://www.b17.ru/,https://www.b17.ru/LucaCamus,Unknown,503
LucaCamus,akniga,https://akniga.org/,https://akniga.org/profile/LucaCamus,Available,404
LucaCamus,Myinstants,https://www.myinstants.com,https://www.myinstants.com/profile/LucaCamus/,Available,404
LucaCamus,Vgtimes/Games,https://vgtimes.ru,https://vgtimes.ru/games/LucaCamus/forum/,Available,404
LucaCamus,Untappd,https://untappd.com,https://untappd.com/user/LucaCamus,Available,404
LucaCamus,couchsurfing,https://www.couchsurfing.com/,https://www.couchsurfing.com/people/LucaCamus,Available,404
LucaCamus,Artsy,https://www.artsy.net,https://www.artsy.net/artist/LucaCamus,Available,404
LucaCamus,ForumHouse,https://www.forumhouse.ru/,https://www.forumhouse.ru/members/?username=LucaCamus,Available,200
LucaCamus,forum.inaturalist.org,https://forum.inaturalist.org,https://forum.inaturalist.org/u/LucaCamus/summary,Available,404
LucaCamus,EuroFootball,https://www.euro-football.ru,https://www.euro-football.ru/user/LucaCamus,Available,302
LucaCamus,forum.shotcut.org,https://forum.shotcut.org,https://forum.shotcut.org/u/LucaCamus/summary,Available,404
LucaCamus,TryHackMe,https://tryhackme.com/,https://tryhackme.com/p/LucaCamus,Available,200
LucaCamus,GameRevolution,https://forums.gamerevolution.com,https://forums.gamerevolution.com/members/?username=LucaCamus,Available,200
LucaCamus,igromania,http://forum.igromania.ru/,http://forum.igromania.ru/member.php?username=LucaCamus,Available,200
LucaCamus,getmyuni,https://getmyuni.com/,https://www.getmyuni.com/user/LucaCamus,Available,404
LucaCamus,Hotcopper,https://hotcopper.com.au,https://hotcopper.com.au/search/search?type=post&users=LucaCamus,Available,200
LucaCamus,Cent,https://cent.co/,https://beta.cent.co/@LucaCamus,Available,200
LucaCamus,mel.fm,https://mel.fm,https://mel.fm/blog/LucaCamus,Available,404
LucaCamus,Brusheezy,https://www.brusheezy.com,https://www.brusheezy.com/members/LucaCamus,Available,200
LucaCamus,Sbazar.cz,https://www.sbazar.cz/,https://www.sbazar.cz/LucaCamus,Available,404
LucaCamus,hi5,http://www.hi5.com,http://www.hi5.com/LucaCamus,Available,200
LucaCamus,GuruShots,https://gurushots.com/,https://gurushots.com/LucaCamus/photos,Available,200
LucaCamus,ESET,https://forum.esetnod32.ru,https://forum.esetnod32.ru/user/LucaCamus/,Available,404
LucaCamus,Launchpad,https://launchpad.net/,https://launchpad.net/~LucaCamus,Available,404
LucaCamus,Oper,https://www.oper.ru/,https://www.oper.ru/visitors/info.php?t=LucaCamus,Available,200
LucaCamus,DonationsAlerts,https://www.donationalerts.com/,https://www.donationalerts.com/r/LucaCamus,Available,404
LucaCamus,Dumpor,https://dumpor.com,https://dumpor.com/v/LucaCamus,Available,200
LucaCamus,forum.scssoft.com,https://forum.scssoft.com,https://forum.scssoft.com/search.php?author=LucaCamus,Available,200
LucaCamus,sparkpeople,https://www.sparkpeople.com,https://www.sparkpeople.com/mypage.asp?id=LucaCamus,Available,404
LucaCamus,LiveInternet,https://www.liveinternet.ru,https://www.liveinternet.ru/users/LucaCamus/profile,Available,200
LucaCamus,Uchportal,https://www.uchportal.ru,https://www.uchportal.ru/index/8-0-LucaCamus,Available,200
LucaCamus,Hackerearth,https://www.hackerearth.com,https://www.hackerearth.com/@LucaCamus,Available,200
LucaCamus,23hq,http://www.23hq.com,http://www.23hq.com/LucaCamus,Available,404
LucaCamus,Ariva,https://www.ariva.de/,https://www.ariva.de/profil/LucaCamus,Available,404
LucaCamus,forums.digitalpoint.com,https://forums.digitalpoint.com/,https://forums.digitalpoint.com/members/?username=LucaCamus,Available,200
LucaCamus,BabyBlog.ru,https://www.babyblog.ru/,https://www.babyblog.ru/user/LucaCamus,Available,301
LucaCamus,NN.RU,https://www.nn.ru/,https://LucaCamus.www.nn.ru/,Available,404
LucaCamus,Aptoide,https://en.aptoide.com/,https://LucaCamus.en.aptoide.com/,Available,404
LucaCamus,community.sweatco.in,https://community.sweatco.in,https://community.sweatco.in/u/LucaCamus/summary,Available,200
LucaCamus,hunting.karelia.ru,http://hunting.karelia.ru,http://hunting.karelia.ru/search.php?author=LucaCamus,Available,200
LucaCamus,forums.drom.ru,https://www.forumsdrom.ru/,https://www.forumsdrom.ru/member.php?username=LucaCamus,Available,200
LucaCamus,teamtreehouse.com,https://teamtreehouse.com,https://teamtreehouse.com/profiles/LucaCamus,Available,429
LucaCamus,Psychologies.ru,http://www.psychologies.ru,http://www.psychologies.ru/personal/LucaCamus,Available,404
LucaCamus,geocaching,https://www.geocaching.com/,https://www.geocaching.com/profile/?u=LucaCamus,Available,404
LucaCamus,TRASHBOX.RU,https://trashbox.ru/,https://trashbox.ru/users/LucaCamus,Available,404
LucaCamus,MoscowFlamp,https://moscow.flamp.ru/,https://moscow.flamp.ru/LucaCamus,Available,404
LucaCamus,YandexZenChannel,https://dzen.ru,https://dzen.ru/channel/LucaCamus,Available,404
LucaCamus,SevenForums,https://www.sevenforums.com,https://www.sevenforums.com/member.php?username=LucaCamus,Unknown,403
LucaCamus,Warface,https://wf.mail.ru,https://wf.mail.ru/forums/member.php?username=LucaCamus,Unknown,0
LucaCamus,designspiration.com,https://designspiration.com,https://designspiration.com/LucaCamus/,Available,404
LucaCamus,PerfectWorldForum,https://pw.mail.ru/,https://pw.mail.ru/forums/member.php?username=LucaCamus,Claimed,200
LucaCamus,Newgrounds,https://newgrounds.com,https://LucaCamus.newgrounds.com,Available,404
LucaCamus,Tanks,,,Unknown,0
LucaCamus,PerfectWorld,,,Unknown,0
LucaCamus,giters.com,https://giters.com,https://giters.com/LucaCamus,Unknown,502
LucaCamus,ArchiveOfOurOwn,https://archiveofourown.org,https://archiveofourown.org/users/LucaCamus,Unknown,0
LucaCamus,Infourok,https://infourok.ru,https://infourok.ru/user/LucaCamus,Unknown,0
LucaCamus,HackerNews,https://news.ycombinator.com/,https://news.ycombinator.com/user?id=LucaCamus,Unknown,0
LucaCamus,forum.openoffice.org,https://forum.openoffice.org/en/forum,https://forum.openoffice.org/en/forum/search.php?author=LucaCamus,Unknown,0
