username,name,url_main,url_user,exists,http_status
MrYoda92,OP.GG [LeagueOfLegends] Korea,https://www.op.gg/,https://www.op.gg/summoners/search?q=MrYoda92&region=kr,Available,429
MrYoda92,OP.GG [LeagueOfLegends] Japan,https://www.op.gg/,https://www.op.gg/summoners/search?q=MrYoda92&region=jp,Available,429
MrYoda92,Figma,https://www.figma.com/,https://www.figma.com/@MrYoda92,Unknown,403
MrYoda92,OP.GG [LeagueOfLegends] Singapore,https://www.op.gg/,https://www.op.gg/summoners/search?q=MrYoda92&region=sg,Available,429
MrYoda92,Freepik,https://www.freepik.com,https://www.freepik.com/MrYoda92,Unknown,403
MrYoda92,OP.GG [LeagueOfLegends] Oceania,https://www.op.gg/,https://www.op.gg/summoners/search?q=MrYoda92&region=oce,Available,429
MrYoda92,OP.GG [LeagueOfLegends] LAN,https://www.op.gg/,https://www.op.gg/summoners/search?q=MrYoda92&region=lan,Available,429
MrYoda92,OP.GG [LeagueOfLegends] Thailand,https://www.op.gg/,https://www.op.gg/summoners/search?q=MrYoda92&region=th,Available,429
MrYoda92,OP.GG [LeagueOfLegends] Europe Nordic & East,https://www.op.gg/,https://www.op.gg/summoners/search?q=MrYoda92&region=eune,Available,429
MrYoda92,OP.GG [LeagueOfLegends] Europe West,https://www.op.gg/,https://www.op.gg/summoners/search?q=MrYoda92&region=euw,Available,429
MrYoda92,OP.GG [LeagueOfLegends] North America,https://www.op.gg/,https://www.op.gg/summoners/search?q=MrYoda92&region=na,Available,429
MrYoda92,OP.GG [LeagueOfLegends] Brazil,https://www.op.gg/,https://www.op.gg/summoners/search?q=MrYoda92&region=br,Available,429
MrYoda92,OP.GG [LeagueOfLegends] LAS,https://www.op.gg/,https://www.op.gg/summoners/search?q=MrYoda92&region=las,Available,429
MrYoda92,OP.GG [LeagueOfLegends] Middle East,https://www.op.gg/,https://www.op.gg/summoners/search?q=MrYoda92&region=me,Available,429
MrYoda92,OP.GG [LeagueOfLegends] Phillippines,https://www.op.gg/,https://www.op.gg/summoners/search?q=MrYoda92&region=ph,Available,429
MrYoda92,OP.GG [LeagueOfLegends] Taiwan,https://www.op.gg/,https://www.op.gg/summoners/search?q=MrYoda92&region=tw,Available,429
MrYoda92,OP.GG [LeagueOfLegends] Turkey,https://www.op.gg/,https://www.op.gg/summoners/search?q=MrYoda92&region=tr,Available,429
MrYoda92,OP.GG [LeagueOfLegends] Vietnam,https://www.op.gg/,https://www.op.gg/summoners/search?q=MrYoda92&region=vn,Available,429
MrYoda92,OP.GG [LeagueOfLegends] Russia,https://www.op.gg/,https://www.op.gg/summoners/search?q=MrYoda92&region=ru,Available,429
MrYoda92,Etsy,https://www.etsy.com/,https://www.etsy.com/shop/MrYoda92,Unknown,403
MrYoda92,Shutterstock,https://www.shutterstock.com,https://www.shutterstock.com/g/MrYoda92/about,Unknown,403
MrYoda92,YouTube,https://www.youtube.com/,https://www.youtube.com/@MrYoda92,Available,404
MrYoda92,YouTube User,https://www.youtube.com/,https://www.youtube.com/@MrYoda92,Available,404
MrYoda92,linktr.ee,https://linktr.ee,https://linktr.ee/MrYoda92,Available,406
MrYoda92,GitHub,https://www.github.com/,https://github.com/MrYoda92,Unknown,403
MrYoda92,upwork.com,https://upwork.com,https://upwork.com/fl/MrYoda92,Unknown,403
MrYoda92,Twitch,https://www.twitch.tv/,https://twitchtracker.com/MrYoda92,Unknown,403
MrYoda92,Udemy,https://www.udemy.com,https://www.udemy.com/user/MrYoda92/,Unknown,403
MrYoda92,Trello,https://trello.com/,https://trello.com/MrYoda92,Available,404
MrYoda92,Scribd,https://www.scribd.com/,https://www.scribd.com/MrYoda92,Available,404
MrYoda92,StackOverflow,https://stackoverflow.com,https://stackoverflow.com/users/filter?search=MrYoda92,Available,200
MrYoda92,GooglePlayStore,https://play.google.com/store,https://play.google.com/store/apps/developer?id=MrYoda92,Available,404
MrYoda92,Quora,https://www.quora.com/,https://www.quora.com/profile/MrYoda92,Available,301
MrYoda92,Vimeo,https://vimeo.com,https://vimeo.com/MrYoda92,Available,404
MrYoda92,Twitter,https://www.twitter.com/,https://twitter.com/MrYoda92,Unknown,403
MrYoda92,Facebook,https://www.facebook.com/,https://www.facebook.com/MrYoda92,Available,200
MrYoda92,Mozilla Support,https://support.mozilla.org,https://support.mozilla.org/en-US/user/MrYoda92/,Available,404
MrYoda92,Blogger,https://www.blogger.com/,https://MrYoda92.blogspot.com,Available,404
MrYoda92,GitHubGist,https://gist.github.com,https://gist.github.com/MrYoda92,Available,404
MrYoda92,WordPress,https://wordpress.com,https://MrYoda92.wordpress.com/,Available,302
MrYoda92,Behance,https://www.behance.net/,https://www.behance.net/MrYoda92,Available,404
MrYoda92,BleachFandom,https://bleach.fandom.com/ru,https://bleach.fandom.com/ru/wiki/%D0%A3%D1%87%D0%B0%D1%81%D1%82%D0%BD%D0%B8%D0%BA:MrYoda92,Available,404
MrYoda92,Wix,https://wix.com/,https://MrYoda92.wix.com,Available,404
MrYoda92,Battleraprus,https://battleraprus.fandom.com/ru,https://battleraprus.fandom.com/ru/wiki/%D0%A3%D1%87%D0%B0%D1%81%D1%82%D0%BD%D0%B8%D0%BA:MrYoda92,Available,404
MrYoda92,Slack,https://slack.com,https://MrYoda92.slack.com,Available,404
MrYoda92,Naver,https://naver.com,https://blog.naver.com/MrYoda92,Available,404
MrYoda92,SlideShare,https://www.slideshare.net,https://www.slideshare.net/MrYoda92,Available,200
MrYoda92,Chess,https://www.chess.com,https://www.chess.com/member/MrYoda92,Available,404
MrYoda92,DailyMotion,https://www.dailymotion.com,https://www.dailymotion.com/MrYoda92,Available,404
MrYoda92,Fiverr,https://www.fiverr.com/,https://www.fiverr.com/MrYoda92,Unknown,403
MrYoda92,FandomCommunityCentral,https://community.fandom.com,https://community.fandom.com/wiki/User:MrYoda92,Available,404
MrYoda92,Armchairgm,https://armchairgm.fandom.com/,https://armchairgm.fandom.com/wiki/User:MrYoda92,Available,404
MrYoda92,Ameblo,https://ameblo.jp,https://ameblo.jp/MrYoda92,Available,404
MrYoda92,Ebay,https://www.ebay.com/,https://www.ebay.com/usr/MrYoda92,Unknown,200
MrYoda92,Academia.edu,https://www.academia.edu/,https://independent.academia.edu/MrYoda92,Available,404
MrYoda92,Patreon,https://www.patreon.com/,https://www.patreon.com/MrYoda92,Available,404
MrYoda92,SoundCloud,https://soundcloud.com/,https://soundcloud.com/MrYoda92,Available,404
MrYoda92,Tumblr,https://www.tumblr.com,https://www.tumblr.com/MrYoda92,Available,404
MrYoda92,Fandom,https://www.fandom.com/,https://www.fandom.com/u/MrYoda92,Available,404
MrYoda92,SourceForge,https://sourceforge.net/,https://sourceforge.net/u/MrYoda92/profile,Unknown,403
MrYoda92,iStock,https://www.istockphoto.com,https://www.istockphoto.com/ru/portfolio/MrYoda92,Available,200
MrYoda92,Kickstarter,https://www.kickstarter.com,https://www.kickstarter.com/profile/MrYoda92,Unknown,403
MrYoda92,TikTok,https://www.tiktok.com/,https://www.tiktok.com/@MrYoda92,Claimed,200
MrYoda92,Steam (Group),https://steamcommunity.com/,https://steamcommunity.com/groups/MrYoda92,Available,200
MrYoda92,Steam,https://steamcommunity.com/,https://steamcommunity.com/id/MrYoda92,Available,200
MrYoda92,Unsplash,https://unsplash.com/,https://unsplash.com/@MrYoda92,Available,404
MrYoda92,mercadolivre,https://www.mercadolivre.com.br,https://www.mercadolivre.com.br/perfil/MrYoda92,Available,404
MrYoda92,Issuu,https://issuu.com/,https://issuu.com/MrYoda92,Available,404
MrYoda92,GoodReads,https://www.goodreads.com/,https://www.goodreads.com/MrYoda92,Available,404
MrYoda92,Weebly,http://weebly.com,http://MrYoda92.weebly.com/,Available,404
MrYoda92,TradingView,https://www.tradingview.com/,https://www.tradingview.com/u/MrYoda92,Available,404
MrYoda92,Livejasmin,https://www.livejasmin.com/,https://www.livejasmin.com/en/girls/#!chat/MrYoda92,Available,200
MrYoda92,discourse.mozilla.org,https://discourse.mozilla.org,https://discourse.mozilla.org/u/MrYoda92/summary,Available,404
MrYoda92,Discogs,https://www.discogs.com/,https://www.discogs.com/user/MrYoda92,Unknown,403
MrYoda92,Freelancer.com,https://www.freelancer.com/,https://www.freelancer.com/api/users/0.1/users?usernames%5B%5D=MrYoda92&compact=true,Available,200
MrYoda92,CloudflareCommunity,https://community.cloudflare.com/,https://community.cloudflare.com/u/MrYoda92/summary,Unknown,403
MrYoda92,AppleDiscussions,https://discussions.apple.com/,https://discussions.apple.com/profile/MrYoda92,Unknown,403
MrYoda92,BongaCams,https://sbongacams.com,https://bongacams.com/profile/MrYoda92,Available,404
MrYoda92,Imgur,https://imgur.com,https://imgur.com/user/MrYoda92,Available,404
MrYoda92,Nairaland Forum,https://www.nairaland.com/,https://www.nairaland.com/MrYoda92,Unknown,403
MrYoda92,Disqus,https://disqus.com/,https://disqus.com/MrYoda92,Available,400
MrYoda92,Telegram,https://t.me/,https://t.me/MrYoda92,Available,200
MrYoda92,giphy.com,https://giphy.com,https://giphy.com/channel/MrYoda92,Available,404
MrYoda92,Dreamstime,https://www.dreamstime.com,https://www.dreamstime.com/MrYoda92_info,Unknown,403
MrYoda92,Gamefaqs,https://gamefaqs.gamespot.com,https://gamefaqs.gamespot.com/community/MrYoda92,Unknown,401
MrYoda92,Wattpad,https://www.wattpad.com/,https://www.wattpad.com/user/MrYoda92,Available,404
MrYoda92,community.simplilearn.com,https://community.simplilearn.com,https://community.simplilearn.com/members/?username=MrYoda92,Available,404
MrYoda92,Amazon,https://amazon.com,https://amazon.com/author/MrYoda92,Available,404
MrYoda92,OK,https://ok.ru/,https://ok.ru/MrYoda92,Available,404
MrYoda92,BuzzFeed,https://buzzfeed.com/,https://buzzfeed.com/MrYoda92,Available,404
MrYoda92,VK,https://vk.com/,https://vk.com/MrYoda92,Available,404
MrYoda92,TheVerge,https://www.theverge.com,https://www.theverge.com/users/MrYoda92,Available,410
MrYoda92,Genius,https://genius.com/,https://genius.com/MrYoda92,Available,404
MrYoda92,community.brave.com,https://community.brave.com,https://community.brave.com/u/MrYoda92/summary,Available,404
MrYoda92,Artstation,https://www.artstation.com,https://www.artstation.com/MrYoda92,Unknown,403
MrYoda92,Wowhead,https://www.wowhead.com,https://www.wowhead.com/user=MrYoda92,Available,404
MrYoda92,Gamespot,https://www.gamespot.com/,https://www.gamespot.com/profile/MrYoda92/,Available,404
MrYoda92,ThemeForest,https://themeforest.net,https://themeforest.net/user/MrYoda92,Available,404
MrYoda92,note,https://note.com/,https://note.com/MrYoda92,Available,404
MrYoda92,WordPressOrg,https://wordpress.org/,https://profiles.wordpress.org/MrYoda92/,Available,404
MrYoda92,Freelance.habr,https://freelance.habr.com/,https://freelance.habr.com/freelancers/MrYoda92,Available,410
MrYoda92,Scratch,https://scratch.mit.edu/,https://scratch.mit.edu/users/MrYoda92,Available,404
MrYoda92,TripAdvisor,https://tripadvisor.com/,https://tripadvisor.com/members/MrYoda92,Available,404
MrYoda92,SoftwareInformer,https://users.software.informer.com,https://users.software.informer.com/MrYoda92/,Available,301
MrYoda92,Toster,https://qna.habr.com/,https://qna.habr.com/user/MrYoda92,Available,404
MrYoda92,Envato,https://forums.envato.com,https://forums.envato.com/u/MrYoda92/summary,Available,404
MrYoda92,Duolingo,https://duolingo.com/,https://www.duolingo.com/profile/MrYoda92,Available,200
MrYoda92,MyFitnessPal,https://www.myfitnesspal.com/,https://www.myfitnesspal.com/profile/MrYoda92,Unknown,403
MrYoda92,forum.wordreference.com,https://forum.wordreference.com,https://forum.wordreference.com/members/?username=MrYoda92,Available,200
MrYoda92,Wikipedia,https://www.wikipedia.org/,https://www.wikipedia.org/wiki/User:MrYoda92,Available,404
MrYoda92,community.adobe.com,https://community.adobe.com,https://community.adobe.com/t5/forums/searchpage/tab/user?q=MrYoda92,Available,200
MrYoda92,HabrCareer,https://career.habr.com/,https://career.habr.com/MrYoda92,Available,404
MrYoda92,Rutracker,https://rutracker.org/,https://rutracker.org/forum/profile.php?mode=viewprofile&u=MrYoda92,Available,200
MrYoda92,cyber.harvard.edu,https://cyber.harvard.edu,https://cyber.harvard.edu/people/MrYoda92,Available,404
MrYoda92,calendly.com,https://calendly.com,https://calendly.com/MrYoda92/15min,Available,404
MrYoda92,MyAnimeList,https://myanimelist.net/,https://myanimelist.net/profile/MrYoda92,Available,404
MrYoda92,Kaggle,https://www.kaggle.com/,https://www.kaggle.com/MrYoda92,Available,404
MrYoda92,Codepen,https://codepen.io/,https://codepen.io/MrYoda92,Unknown,403
MrYoda92,AllRecipes,https://www.allrecipes.com/,https://www.allrecipes.com/cook/MrYoda92,Available,404
MrYoda92,AfreecaTV,http://bjapi.afreecatv.com,http://bjapi.afreecatv.com/api/MrYoda92/station,Unknown,515
MrYoda92,CNET,https://www.cnet.com,https://www.cnet.com/profiles/MrYoda92/,Available,404
MrYoda92,Redbubble,https://www.redbubble.com/,https://www.redbubble.com/people/MrYoda92,Available,404
MrYoda92,Ultimate-Guitar,https://ultimate-guitar.com/,https://ultimate-guitar.com/u/MrYoda92,Available,410
MrYoda92,Aparat,https://www.aparat.com,https://www.aparat.com/MrYoda92,Available,404
MrYoda92,PeopleIgn,https://people.ign.com/,https://people.ign.com/MrYoda92,Available,404
MrYoda92,Rottentomatoes,https://www.rottentomatoes.com,https://www.rottentomatoes.com/critic/MrYoda92/movies,Available,404
MrYoda92,opensea.io,https://opensea.io,https://opensea.io/accounts/MrYoda92,Available,404
MrYoda92,ChaturBate,https://chaturbate.com,https://chaturbate.com/MrYoda92,Available,404
MrYoda92,Weibo,https://weibo.com,https://weibo.com/MrYoda92,Available,400
MrYoda92,Bandcamp,https://www.bandcamp.com/,https://www.bandcamp.com/MrYoda92,Available,404
MrYoda92,BodyBuilding,https://bodyspace.bodybuilding.com/,https://bodyspace.bodybuilding.com/MrYoda92,Available,302
MrYoda92,Plurk,https://www.plurk.com/,https://www.plurk.com/MrYoda92,Available,200
MrYoda92,Pinterest,https://www.pinterest.com/,https://www.pinterest.com/MrYoda92/,Available,200
MrYoda92,DiscussPython,https://discuss.python.org/,https://discuss.python.org/u/MrYoda92/summary,Available,404
MrYoda92,YandexMusic,https://music.yandex.ru/,https://music.yandex.ru/users/MrYoda92/playlists,Available,404
MrYoda92,adblockplus.org,https://adblockplus.org,https://adblockplus.org/forum/search.php?keywords=&terms=all&author=MrYoda92,Available,200
MrYoda92,123rf,https://ru.123rf.com,https://ru.123rf.com/profile_MrYoda92,Available,302
MrYoda92,Reddit,https://www.reddit.com/,https://www.reddit.com/user/MrYoda92,Claimed,200
MrYoda92,Polygon,https://www.polygon.com/,https://www.polygon.com/users/MrYoda92,Available,404
MrYoda92,Pikabu,https://pikabu.ru/,https://pikabu.ru/@MrYoda92,Available,404
MrYoda92,PCGamer,https://pcgamer.com,https://forums.pcgamer.com/members/?username=MrYoda92,Available,200
MrYoda92,Myspace,https://myspace.com/,https://myspace.com/MrYoda92,Available,404
MrYoda92,Codecanyon,https://codecanyon.net,https://codecanyon.net/user/MrYoda92,Available,404
MrYoda92,Sbnation,https://www.sbnation.com,https://www.sbnation.com/users/MrYoda92,Available,404
MrYoda92,jeuxvideo,http://www.jeuxvideo.com,http://www.jeuxvideo.com/profil/MrYoda92?mode=infos,Available,429
MrYoda92,1337x,https://1337x.to,https://1337x.to/user/MrYoda92/,Available,200
MrYoda92,247sports,https://247sports.com,https://247sports.com/user/MrYoda92/,Available,404
MrYoda92,Zomato,https://www.zomato.com/,https://www.zomato.com/pl/MrYoda92/foodjourney,Available,404
MrYoda92,Pathofexile,https://ru.pathofexile.com,https://ru.pathofexile.com/account/view-profile/MrYoda92,Unknown,403
MrYoda92,LiveJournal,https://www.livejournal.com/,https://MrYoda92.livejournal.com,Available,404
MrYoda92,Gofundme,https://www.gofundme.com,https://www.gofundme.com/f/MrYoda92,Available,404
MrYoda92,ComicvineGamespot,https://comicvine.gamespot.com/,https://comicvine.gamespot.com/profile/MrYoda92,Available,404
MrYoda92,Itch.io,https://itch.io/,https://MrYoda92.itch.io/,Available,404
MrYoda92,Pastebin,https://pastebin.com/,https://pastebin.com/u/MrYoda92,Available,404
MrYoda92,drive2,https://www.drive2.ru/,https://www.drive2.ru/users/MrYoda92,Available,404
MrYoda92,discuss.codecademy.com,https://discuss.codecademy.com,https://discuss.codecademy.com/u/MrYoda92/summary,Available,404
MrYoda92,Studfile,https://studfile.net,https://studfile.net/users/MrYoda92/,Available,404
MrYoda92,Tom's guide,http://forums.tomsguide.com,http://forums.tomsguide.com/members/?username=MrYoda92,Available,200
MrYoda92,jsfiddle.net,https://jsfiddle.net,https://jsfiddle.net/user/MrYoda92/,Available,404
MrYoda92,Tinder,https://tinder.com/,https://www.tinder.com/@MrYoda92,Available,200
MrYoda92,DeviantART,https://deviantart.com,https://MrYoda92.deviantart.com,Available,404
MrYoda92,xHamster,https://xhamster.com,https://xhamster.com/users/MrYoda92,Available,404
MrYoda92,Dribbble,https://dribbble.com/,https://dribbble.com/MrYoda92,Available,404
MrYoda92,Bit.ly,https://bit.ly,https://bit.ly/MrYoda92,Available,404
MrYoda92,sports.ru,https://www.sports.ru/,https://www.sports.ru/profile/MrYoda92/,Available,404
MrYoda92,500px,https://500px.com/,https://500px.com/p/MrYoda92,Unknown,200
MrYoda92,Freecodecamp,https://www.freecodecamp.org/forum/,https://www.freecodecamp.org/forum/u/MrYoda92/summary,Available,404
MrYoda92,forum.sketchfab.com,https://forum.sketchfab.com,https://forum.sketchfab.com/u/MrYoda92/summary,Available,200
MrYoda92,CreativeMarket,https://creativemarket.com/,https://creativemarket.com/users/MrYoda92,Unknown,403
MrYoda92,TomsHardware,https://forums.tomshardware.com/,https://forums.tomshardware.com/members/?username=MrYoda92,Available,200
MrYoda92,Redtube,https://ru.redtube.com/,https://ru.redtube.com/users/MrYoda92,Available,404
MrYoda92,last.fm,https://last.fm/,https://last.fm/user/MrYoda92,Available,404
MrYoda92,Codecademy,https://www.codecademy.com/,https://www.codecademy.com/profiles/MrYoda92,Available,200
MrYoda92,amp.flipboard.com,https://amp.flipboard.com,https://amp.flipboard.com/@MrYoda92,Available,404
MrYoda92,{username}.tilda.ws,https://tilda.ws,https://MrYoda92.tilda.ws,Available,404
MrYoda92,forums.sketchup.com,https://forums.sketchup.com,https://forums.sketchup.com/u/MrYoda92/summary,Available,404
MrYoda92,AskFM,https://ask.fm/,https://ask.fm/MrYoda92,Unknown,0
MrYoda92,Ccm,https://ccm.net,https://ccm.net/profile/user/MrYoda92,Available,404
MrYoda92,www.change.org,https://www.change.org,https://www.change.org/o/MrYoda92,Available,404
MrYoda92,community.icons8.com,https://community.icons8.com,https://community.icons8.com/u/MrYoda92/summary,Available,404
MrYoda92,Gab,https://gab.com/,https://gab.com/MrYoda92,Available,404
MrYoda92,Lichess,https://lichess.org,https://lichess.org/@/MrYoda92,Available,404
MrYoda92,www.gamesradar.com,https://www.gamesradar.com,https://www.gamesradar.com/uk/author/MrYoda92/,Available,404
MrYoda92,Docker Hub,https://hub.docker.com/,https://hub.docker.com/u/MrYoda92/,Available,404
MrYoda92,Kaskus,https://www.kaskus.co.id,https://www.kaskus.co.id/@MrYoda92,Available,404
MrYoda92,YouPorn,https://youporn.com,https://youporn.com/uservids/MrYoda92,Available,404
MrYoda92,BoardGameGeek,https://boardgamegeek.com,https://boardgamegeek.com/user/MrYoda92,Available,200
MrYoda92,beacons.ai,https://beacons.ai,https://beacons.ai/MrYoda92,Unknown,403
MrYoda92,Wikidot,http://www.wikidot.com/,http://www.wikidot.com/user:info/MrYoda92,Available,200
MrYoda92,Eporner,,https://www.eporner.com/profile/MrYoda92/,Available,404
MrYoda92,9GAG,https://www.9gag.com/,https://www.9gag.com/u/MrYoda92,Available,404
MrYoda92,BitBucket,https://bitbucket.org/,https://bitbucket.org/MrYoda92/,Available,404
MrYoda92,AllTrails,https://www.alltrails.com/,https://www.alltrails.com/members/MrYoda92,Unknown,403
MrYoda92,Rajce.net,https://www.rajce.idnes.cz/,https://MrYoda92.rajce.idnes.cz/,Available,410
MrYoda92,Roblox,https://www.roblox.com/,https://www.roblox.com/user.aspx?username=MrYoda92,Claimed,200
MrYoda92,Otzovik,https://otzovik.com/,https://otzovik.com/profile/MrYoda92,Unknown,507
MrYoda92,Letterboxd,https://letterboxd.com/,https://letterboxd.com/MrYoda92,Available,404
MrYoda92,forums.docker.com,https://forums.docker.com,https://forums.docker.com/u/MrYoda92/summary,Available,404
MrYoda92,djskt.lnk.to,https://djskt.lnk.to,https://djskt.lnk.to/MrYoda92,Available,404
MrYoda92,ResearchGate,https://www.researchgate.net/,,Illegal,
MrYoda92,Thechive,https://thechive.com/,https://thechive.com/author/MrYoda92,Available,404
MrYoda92,Flickr,https://www.flickr.com/,https://www.flickr.com/photos/MrYoda92,Available,404
MrYoda92,Muckrack,https://muckrack.com,https://muckrack.com/MrYoda92,Unknown,403
MrYoda92,99designs.com,https://99designs.com,https://99designs.com/profiles/MrYoda92,Available,404
MrYoda92,fotostrana.ru,https://fotostrana.ru,https://fotostrana.ru/MrYoda92/,Unknown,403
MrYoda92,Habr,https://habr.com/,https://habr.com/ru/users/MrYoda92/,Available,400
MrYoda92,Baidu,https://tieba.baidu.com,https://tieba.baidu.com/home/main?un=MrYoda92,Available,200
MrYoda92,Weforum,https://www.weforum.org,https://www.weforum.org/people/MrYoda92,Unknown,403
MrYoda92,Cracked,https://www.cracked.com/,https://www.cracked.com/members/MrYoda92/,Available,301
MrYoda92,Instructables,https://www.instructables.com/,https://www.instructables.com/member/MrYoda92,Available,404
MrYoda92,Guru,https://www.guru.com,https://www.guru.com/freelancers/MrYoda92,Available,404
MrYoda92,osu!,https://osu.ppy.sh/,https://osu.ppy.sh/users/MrYoda92,Available,404
MrYoda92,GitLab,https://gitlab.com/,https://gitlab.com/MrYoda92,Available,200
MrYoda92,hackernoon.com,https://hackernoon.com,https://hackernoon.com/u/MrYoda92,Available,200
MrYoda92,Xvideos,https://xvideos.com/,https://xvideos.com/profiles/MrYoda92,Available,404
MrYoda92,Jigsawplanet,https://www.jigsawplanet.com,https://www.jigsawplanet.com/MrYoda92,Available,404
MrYoda92,lyricstranslate.com,https://lyricstranslate.com,https://lyricstranslate.com/sco/translator/MrYoda92,Available,404
MrYoda92,DigitalOcean,https://www.digitalocean.com/,https://www.digitalocean.com/community/users/MrYoda92,Available,404
MrYoda92,TechPowerUp,https://www.techpowerup.com,https://www.techpowerup.com/forums/members/?username=MrYoda92,Available,200
MrYoda92,MixCloud,https://www.mixcloud.com/,https://www.mixcloud.com/MrYoda92/,Available,404
MrYoda92,DEV Community,https://dev.to/,https://dev.to/MrYoda92,Available,404
MrYoda92,HubPages,https://hubpages.com/,https://hubpages.com/@MrYoda92,Available,404
MrYoda92,Pornhub,https://pornhub.com/,https://pornhub.com/users/MrYoda92,Claimed,200
MrYoda92,angel.co,https://angel.co,https://angel.co/u/MrYoda92,Unknown,403
MrYoda92,techspot.com,http://www.techspot.com/community/,http://www.techspot.com/community/members/?username=MrYoda92,Unknown,403
MrYoda92,TemplateMonster,https://www.templatemonster.com,https://www.templatemonster.com/authors/MrYoda92/,Available,404
MrYoda92,videohive.net,https://videohive.net,https://videohive.net/user/MrYoda92,Available,404
MrYoda92,AlternativeTo,https://alternativeto.net/,https://alternativeto.net/user/MrYoda92,Unknown,403
MrYoda92,Gumroad,https://www.gumroad.com/,https://www.gumroad.com/MrYoda92,Available,404
MrYoda92,profile.hatena.ne.jp,https://profile.hatena.ne.jp,https://profile.hatena.ne.jp/MrYoda92/,Available,404
MrYoda92,iRecommend.RU,https://irecommend.ru/,https://irecommend.ru/users/MrYoda92,Unknown,521
MrYoda92,pr0gramm,https://pr0gramm.com/,https://pr0gramm.com/api/profile/info?name=MrYoda92,Available,404
MrYoda92,www.minds.com,https://www.minds.com,https://www.minds.com/MrYoda92,Available,404
MrYoda92,OpenStreetMap,https://www.openstreetmap.org/,https://www.openstreetmap.org/user/MrYoda92,Available,404
MrYoda92,BuyMeACoffee,https://www.buymeacoffee.com/,https://buymeacoff.ee/MrYoda92,Available,404
MrYoda92,IFTTT,https://www.ifttt.com/,https://www.ifttt.com/p/MrYoda92,Available,429
MrYoda92,Pluralsight,https://app.pluralsight.com,https://app.pluralsight.com/profile/author/MrYoda92,Available,404
MrYoda92,Zoomir.ir,https://www.zoomit.ir,https://www.zoomit.ir/user/MrYoda92,Available,404
MrYoda92,authorSTREAM,http://www.authorstream.com/,http://www.authorstream.com/author/MrYoda92/,Claimed,200
MrYoda92,Flipboard,https://flipboard.com/,https://flipboard.com/@MrYoda92,Available,404
MrYoda92,ImgInn,https://imginn.com,https://imginn.com/MrYoda92/,Available,404
MrYoda92,Flightradar24,https://www.flightradar24.com/,https://my.flightradar24.com/MrYoda92,Available,404
MrYoda92,opensource,https://opensource.com/,https://opensource.com/users/MrYoda92,Available,404
MrYoda92,Foursquare,https://foursquare.com/,https://foursquare.com/MrYoda92,Available,404
MrYoda92,Yummly,https://www.yummly.com,https://mapi.yummly.com/mapi/v19/user/MrYoda92,Unknown,0
MrYoda92,Codementor,https://www.codementor.io/,https://www.codementor.io/MrYoda92,Available,404
MrYoda92,Cheezburger,https://profile.cheezburger.com,https://profile.cheezburger.com/MrYoda92,Available,302
MrYoda92,AllKPop,https://www.allkpop.com/,https://www.allkpop.com/profile/MrYoda92,Available,302
MrYoda92,Slashdot,https://slashdot.org,https://slashdot.org/~MrYoda92,Available,404
MrYoda92,Warrior Forum,https://www.warriorforum.com/,https://www.warriorforum.com/members/MrYoda92.html,Available,400
MrYoda92,depop.com,https://www.depop.com,https://www.depop.com/MrYoda92,Unknown,403
MrYoda92,Livemaster,https://www.livemaster.ru,https://www.livemaster.ru/MrYoda92,Available,404
MrYoda92,forum.blackmagicdesign.com,https://forum.blackmagicdesign.com,https://forum.blackmagicdesign.com/search.php?author=MrYoda92,Available,200
MrYoda92,Venmo,https://venmo.com/,https://venmo.com/MrYoda92,Available,404
MrYoda92,community.getpostman.com,https://community.getpostman.com,https://community.getpostman.com/u/MrYoda92/summary,Available,404
MrYoda92,Championat,https://www.championat.com/,https://www.championat.com/user/MrYoda92,Available,404
MrYoda92,steemit,https://steemit.com,https://steemit.com/@MrYoda92,Available,404
MrYoda92,VSCO,https://vsco.co/,https://vsco.co/MrYoda92,Available,404
MrYoda92,FilmWeb,https://www.filmweb.pl/user/adam,https://www.filmweb.pl/user/MrYoda92,Available,200
MrYoda92,Anime-planet,https://www.anime-planet.com,https://www.anime-planet.com/forum/members/?username=MrYoda92,Available,200
MrYoda92,dailykos,https://www.dailykos.com,https://www.dailykos.com/user/MrYoda92,Available,404
MrYoda92,My.Mail.ru@gmail.com,https://my.mail.ru/,https://my.mail.ru/gmail.com/MrYoda92/,Available,404
MrYoda92,Audiojungle,https://audiojungle.net/,https://audiojungle.net/user/MrYoda92,Available,404
MrYoda92,Pokemon Showdown,https://pokemonshowdown.com,https://pokemonshowdown.com/users/MrYoda92,Available,404
MrYoda92,Sporcle,https://www.sporcle.com/,https://www.sporcle.com/user/MrYoda92/people,Available,404
MrYoda92,Weedmaps,https://weedmaps.com,https://weedmaps.com/brands/MrYoda92,Unknown,403
MrYoda92,Stihi.ru,https://www.stihi.ru/,https://www.stihi.ru/avtor/MrYoda92,Available,200
MrYoda92,forums.opera.com,https://forums.opera.com/,https://forums.opera.com/user/MrYoda92,Available,404
MrYoda92,Memrise,https://www.memrise.com/,https://www.memrise.com/user/MrYoda92/,Available,301
MrYoda92,Typeracer,https://typeracer.com,https://data.typeracer.com/pit/profile?user=MrYoda92,Available,200
MrYoda92,My.Mail.ru@list.ru,https://my.mail.ru/,https://my.mail.ru/list/MrYoda92/,Available,404
MrYoda92,Rate Your Music,https://rateyourmusic.com/,https://rateyourmusic.com/~MrYoda92,Unknown,403
MrYoda92,Trakt,https://www.trakt.tv/,https://www.trakt.tv/users/MrYoda92,Unknown,403
MrYoda92,forums.bulbagarden.net,http://forums.bulbagarden.net,http://forums.bulbagarden.net/members/?username=MrYoda92,Claimed,403
MrYoda92,Discuss.Elastic.co,https://discuss.elastic.co/,https://discuss.elastic.co/u/MrYoda92/summary,Available,404
MrYoda92,999.md,https://999.md,https://999.md/ru/profile/MrYoda92,Available,404
MrYoda92,PlanetMinecraft,https://www.planetminecraft.com,https://www.planetminecraft.com/member/MrYoda92,Unknown,403
MrYoda92,Codechef,https://www.codechef.com/,https://www.codechef.com/users/MrYoda92,Available,302
MrYoda92,Pinkbike,https://www.pinkbike.com/,https://www.pinkbike.com/u/MrYoda92/,Unknown,403
MrYoda92,F6S,https://f6s.com/,https://www.f6s.com/MrYoda92,Available,200
MrYoda92,Eksisozluk,https://eksisozluk.com,https://eksisozluk.com/biri/MrYoda92,Available,404
MrYoda92,forums.serebii.net,https://forums.serebii.net,https://forums.serebii.net/members/?username=MrYoda92,Claimed,403
MrYoda92,ModDB,https://www.moddb.com/,https://www.moddb.com/members/MrYoda92,Unknown,403
MrYoda92,FortniteTracker,https://fortnitetracker.com/challenges,https://fortnitetracker.com/profile/all/MrYoda92,Unknown,403
MrYoda92,Douban,https://www.douban.com,https://www.douban.com/people/MrYoda92/,Unknown,403
MrYoda92,rapidapi.com,https://rapidapi.com,https://rapidapi.com/blog/author/MrYoda92/,Available,404
MrYoda92,Xing,https://www.xing.com/,https://www.xing.com/profile/MrYoda92,Available,404
MrYoda92,Revelation,https://rev.mail.ru,https://rev.mail.ru/forums/member.php?username=MrYoda92,Unknown,0
MrYoda92,My.Mail.ru@bk.ru,https://my.mail.ru/,https://my.mail.ru/bk/MrYoda92/,Available,404
MrYoda92,My.Mail.ru@ya.ru,https://my.mail.ru/,https://my.mail.ru/ya.ru/MrYoda92/,Available,404
MrYoda92,SkyscraperCity,https://www.skyscrapercity.com,https://www.skyscrapercity.com/members/?username=MrYoda92,Available,200
MrYoda92,Repl.it,https://repl.it/,https://repl.it/@MrYoda92,Available,404
MrYoda92,Ameba,https://profile.ameba.jp,https://profile.ameba.jp/ameba/MrYoda92/,Available,404
MrYoda92,SeoClerks,https://www.seoclerks.com,https://www.seoclerks.com/user/MrYoda92,Available,302
MrYoda92,My.Mail.ru@mail.ru,https://my.mail.ru/,https://my.mail.ru/mail/MrYoda92/,Available,404
MrYoda92,Gravatar,http://en.gravatar.com/,http://en.gravatar.com/MrYoda92,Available,404
MrYoda92,kwork,https://www.kwork.ru/,https://kwork.ru/user/MrYoda92,Available,404
MrYoda92,My.Mail.ru@yandex.ru,https://my.mail.ru/,https://my.mail.ru/yandex.ru/MrYoda92/,Available,404
MrYoda92,WikimapiaSearch,http://wikimapia.org,http://wikimapia.org/user/tools/users_rating/?username=MrYoda92,Available,200
MrYoda92,About.me,https://about.me/,https://about.me/MrYoda92,Available,404
MrYoda92,NPM,https://www.npmjs.com/,https://www.npmjs.com/~MrYoda92,Available,429
MrYoda92,NPM-Package,https://www.npmjs.com/,https://www.npmjs.com/package/MrYoda92,Available,429
MrYoda92,NameMC,https://namemc.com/,https://namemc.com/profile/MrYoda92,Unknown,403
MrYoda92,kofi,https://ko-fi.com,https://ko-fi.com/MrYoda92,Claimed,200
MrYoda92,forum.audacityteam.org,https://forum.audacityteam.org,https://forum.audacityteam.org/search.php?author=MrYoda92,Available,404
MrYoda92,Gog,https://www.gog.com/,https://www.gog.com/u/MrYoda92,Available,404
MrYoda92,forums.linuxmint.com,https://forums.linuxmint.com,https://forums.linuxmint.com/search.php?author=MrYoda92,Available,200
MrYoda92,easyen,https://easyen.ru,https://easyen.ru/index/8-0-MrYoda92,Unknown,403
MrYoda92,Fark,https://www.fark.com/,https://www.fark.com/users/MrYoda92/,Available,200
MrYoda92,Vivino,https://www.vivino.com/,https://www.vivino.com/users/MrYoda92,Available,404
MrYoda92,author.today,https://author.today,https://author.today/u/MrYoda92,Unknown,403
MrYoda92,Smugmug,https://smugmug.com/,https://MrYoda92.smugmug.com/,Available,404
MrYoda92,www.itemfix.com,https://www.itemfix.com,https://www.itemfix.com/c/MrYoda92,Available,200
MrYoda92,NICommunityForum,https://www.native-instruments.com/forum/,https://www.native-instruments.com/forum/members/?username=MrYoda92,Available,403
MrYoda92,Picsart,https://picsart.com/,https://picsart.com/u/MrYoda92,Available,404
MrYoda92,forums.majorgeeks.com,https://forums.majorgeeks.com,https://forums.majorgeeks.com/members/?username=MrYoda92,Available,200
MrYoda92,fixya,https://www.fixya.com,https://www.fixya.com/users/MrYoda92,Available,404
MrYoda92,forum.pkp.sfu.ca,https://forum.pkp.sfu.ca,https://forum.pkp.sfu.ca/u/MrYoda92/summary,Unknown,403
MrYoda92,SublimeForum,https://forum.sublimetext.com/,https://forum.sublimetext.com/u/MrYoda92/summary,Available,404
MrYoda92,Picuki,https://www.picuki.com/,https://www.picuki.com/profile/MrYoda92,Claimed,200
MrYoda92,Coub,https://coub.com/,https://coub.com/MrYoda92,Available,404
MrYoda92,Diigo,https://www.diigo.com/,https://www.diigo.com/interact_api/load_profile_info?name=MrYoda92,Available,200
MrYoda92,PyPi,https://pypi.org/,https://pypi.org/user/MrYoda92,Unknown,200
MrYoda92,HackerOne,https://hackerone.com/,https://hackerone.com/MrYoda92,Available,404
MrYoda92,doctissimo,https://club.doctissimo.fr,https://club.doctissimo.fr/MrYoda92/,Available,404
MrYoda92,www.tagged.com,http://www.tagged.com,http://www.tagged.com/MrYoda92,Available,200
MrYoda92,ProductHunt,https://www.producthunt.com/,https://www.producthunt.com/@MrYoda92,Available,200
MrYoda92,Techrepublic,https://www.techrepublic.com,https://www.techrepublic.com/members/profile/MrYoda92/,Available,404
MrYoda92,N4g,https://n4g.com/,https://n4g.com/user/home/MrYoda92,Available,404
MrYoda92,ReverbNation,https://www.reverbnation.com/,https://www.reverbnation.com/MrYoda92,Available,404
MrYoda92,BOOTH,https://booth.pm/,https://MrYoda92.booth.pm/,Available,302
MrYoda92,AdvancedCustomFields,https://support.advancedcustomfields.com/,https://support.advancedcustomfields.com/forums/users/MrYoda92,Available,404
MrYoda92,discussion.squadhelp.com,https://discussion.squadhelp.com,https://discussion.squadhelp.com/u/MrYoda92/summary,Unknown,403
MrYoda92,Americanthinker,https://www.americanthinker.com/,https://www.americanthinker.com/author/MrYoda92/,Available,404
MrYoda92,Mix,https://mix.com,https://mix.com/MrYoda92,Available,404
MrYoda92,blogs.klerk.ru,https://blogs.klerk.ru,https://blogs.klerk.ru/users/MrYoda92/,Available,200
MrYoda92,hashnode,https://hashnode.com,https://hashnode.com/@MrYoda92,Claimed,429
MrYoda92,Packagist,https://packagist.org/,https://packagist.org/packages/MrYoda92/,Available,302
MrYoda92,MuffinGroup,https://forum.muffingroup.com,https://forum.muffingroup.com/betheme/profile/MrYoda92,Available,404
MrYoda92,accounts.eclipse.org,https://accounts.eclipse.org,https://accounts.eclipse.org/users/MrYoda92,Available,404
MrYoda92,TheSimsResource,https://www.thesimsresource.com/,https://www.thesimsresource.com/members/MrYoda92/,Available,302
MrYoda92,Pixwox,https://www.pixwox.com,https://www.pixwox.com/profile/MrYoda92/,Available,404
MrYoda92,bbs.boingboing.net,https://bbs.boingboing.net,https://bbs.boingboing.net/u/MrYoda92/summary,Unknown,403
MrYoda92,interpals,https://www.interpals.net/,https://www.interpals.net/MrYoda92,Available,200
MrYoda92,Speedrun.com,https://speedrun.com/,https://speedrun.com/users/MrYoda92,Available,404
MrYoda92,Proza.ru,https://www.proza.ru/,https://www.proza.ru/avtor/MrYoda92,Available,200
MrYoda92,Funnyjunk,https://funnyjunk.com/,https://funnyjunk.com/user/MrYoda92,Available,307
MrYoda92,Kwejk,https://kwejk.pl,https://kwejk.pl/uzytkownik/MrYoda92#/tablica/,Available,404
MrYoda92,Pandia,https://pandia.ru,https://pandia.ru/user/profile/MrYoda92,Available,404
MrYoda92,Truelancer,https://www.truelancer.com,https://www.truelancer.com/freelancer/MrYoda92,Available,200
MrYoda92,codeforces.com,http://codeforces.com,http://codeforces.com/profile/MrYoda92,Available,200
MrYoda92,AnimeNewsNetwork,https://www.animenewsnetwork.com,https://www.animenewsnetwork.com/bbs/phpBB2/profile.php?mode=viewprofile&u=MrYoda92,Available,200
MrYoda92,nightbot,https://nightbot.tv/,https://nightbot.tv/t/MrYoda92/commands,Available,404
MrYoda92,TVTropes,https://tvtropes.org,https://tvtropes.org/pmwiki/pmwiki.php/Tropers/MrYoda92,Available,404
MrYoda92,Influenster,https://www.influenster.com/,https://www.influenster.com/MrYoda92,Unknown,403
MrYoda92,AdultFriendFinder,https://adultfriendfinder.com,https://adultfriendfinder.com/profile/MrYoda92,Claimed,200
MrYoda92,Neoseeker,https://www.neoseeker.com,https://www.neoseeker.com/members/MrYoda92/,Unknown,403
MrYoda92,LiveLib,https://www.livelib.ru/,https://www.livelib.ru/reader/MrYoda92,Claimed,200
MrYoda92,eBaumsWorld,https://www.ebaumsworld.com/,https://www.ebaumsworld.com/user/profile/MrYoda92,Available,404
MrYoda92,ImageShack,https://imageshack.com/,https://imageshack.com/user/MrYoda92,Available,302
MrYoda92,Speakerdeck,https://speakerdeck.com,https://speakerdeck.com/MrYoda92,Available,404
MrYoda92,Justlanded,https://community.justlanded.com,https://community.justlanded.com/en/profile/MrYoda92,Available,404
MrYoda92,Screwfix,https://community.screwfix.com,https://community.screwfix.com/members/?username=MrYoda92,Available,200
MrYoda92,discourse.jupyter.org,https://discourse.jupyter.org,https://discourse.jupyter.org/u/MrYoda92/summary,Available,404
MrYoda92,Voices,https://www.voices.com/,https://www.voices.com/actors/MrYoda92,Unknown,403
MrYoda92,allmylinks,https://allmylinks.com/,https://allmylinks.com/MrYoda92,Available,404
MrYoda92,ifunny.co,https://www.ifunny.co,https://www.ifunny.co/user/MrYoda92,Available,404
MrYoda92,joyreactor.cc,http://joyreactor.cc,http://joyreactor.cc/user/MrYoda92,Available,301
MrYoda92,hiveos.farm,https://forum.hiveos.farm,https://forum.hiveos.farm/u/MrYoda92/summary,Available,404
MrYoda92,forums.indiegala.com,https://forums.indiegala.com,https://forums.indiegala.com/members/?username=MrYoda92,Available,200
MrYoda92,Metal-archives,https://www.metal-archives.com,https://www.metal-archives.com/users/MrYoda92,Available,404
MrYoda92,Mouthshut,https://www.mouthshut.com/,https://www.mouthshut.com/MrYoda92,Available,301
MrYoda92,Smule,https://www.smule.com/,https://www.smule.com/MrYoda92,Available,200
MrYoda92,Krstarica,https://forum.krstarica.com,https://forum.krstarica.com/members/?username=MrYoda92,Available,200
MrYoda92,Edocr,https://www.edocr.com,https://www.edocr.com/user/MrYoda92/,Available,404
MrYoda92,TheOdysseyOnline,https://www.theodysseyonline.com,https://www.theodysseyonline.com/user/@MrYoda92,Available,404
MrYoda92,Pbase,https://pbase.com/,https://pbase.com/MrYoda92/profile,Available,200
MrYoda92,Namepros,https://www.namepros.com/,https://www.namepros.com/members/?username=MrYoda92,Available,200
MrYoda92,MoneySavingExpert,https://forums.moneysavingexpert.com,https://forums.moneysavingexpert.com/profile/MrYoda92,Available,404
MrYoda92,Bibsonomy,https://www.bibsonomy.org,https://www.bibsonomy.org/user/MrYoda92,Available,404
MrYoda92,Teletype,https://teletype.in,https://teletype.in/@MrYoda92,Available,404
MrYoda92,Empflix,https://www.empflix.com,https://www.empflix.com/profile/MrYoda92/,Available,301
MrYoda92,Jimdo,https://jimdosite.com/,https://MrYoda92.jimdosite.com,Unknown,403
MrYoda92,iXBT,https://forum.ixbt.com,https://forum.ixbt.com/users.cgi?id=info:MrYoda92,Available,404
MrYoda92,forums.visual-paradigm.com,https://forums.visual-paradigm.com,https://forums.visual-paradigm.com/u/MrYoda92/summary,Available,404
MrYoda92,Baby.ru,https://www.baby.ru/,https://www.baby.ru/u/MrYoda92/,Available,404
MrYoda92,Fodors,https://www.fodors.com,https://www.fodors.com/community/profile/MrYoda92/forum-activity,Available,302
MrYoda92,Kongregate,https://www.kongregate.com/,https://www.kongregate.com/accounts/MrYoda92,Available,404
MrYoda92,Giantbomb,https://www.giantbomb.com,https://www.giantbomb.com/profile/MrYoda92,Available,404
MrYoda92,forum.snapcraft.io,https://forum.snapcraft.io,https://forum.snapcraft.io/u/MrYoda92/summary,Available,404
MrYoda92,3ddd,https://3ddd.ru,https://3ddd.ru/users/MrYoda92,Available,404
MrYoda92,4x4.tomsk.ru,http://4x4.tomsk.ru,http://4x4.tomsk.ru/search.php?author=MrYoda92,Available,200
MrYoda92,Freesound,https://freesound.org/,https://freesound.org/people/MrYoda92/,Available,404
MrYoda92,Armorgames,https://armorgames.com,https://armorgames.com/user/MrYoda92,Available,302
MrYoda92,Slides,https://slides.com/,https://slides.com/MrYoda92,Available,404
MrYoda92,Wykop,https://www.wykop.pl,https://www.wykop.pl/ludzie/MrYoda92/,Available,404
MrYoda92,Advego,https://advego.com/,https://advego.com/profile/MrYoda92/author/,Available,404
MrYoda92,Kinja,https://kinja.com,https://kinja.com/MrYoda92,Available,404
MrYoda92,donorbox,https://donorbox.org,https://donorbox.org/MrYoda92,Available,404
MrYoda92,Coderwall,https://coderwall.com/,https://coderwall.com/MrYoda92,Available,404
MrYoda92,Niftygateway,https://api.niftygateway.com,https://niftygateway.com/profile/MrYoda92,Available,400
MrYoda92,lnk.bio,https://lnk.bio,https://lnk.bio/MrYoda92,Available,200
MrYoda92,Fanpop,https://www.fanpop.com/,https://www.fanpop.com/fans/MrYoda92,Available,404
MrYoda92,Gitee,https://gitee.com/,https://gitee.com/MrYoda92,Available,404
MrYoda92,profi.ru,https://profi.ru,https://profi.ru/profile/MrYoda92/,Available,404
MrYoda92,TrueAchievements,https://www.trueachievements.com,https://www.trueachievements.com/gamer/MrYoda92,Available,404
MrYoda92,Hackster,https://www.hackster.io,https://www.hackster.io/MrYoda92,Unknown,403
MrYoda92,Codewars,https://www.codewars.com,https://www.codewars.com/users/MrYoda92,Available,404
MrYoda92,Mobypicture,http://www.mobypicture.com,http://www.mobypicture.com/user/MrYoda92,Available,404
MrYoda92,forums.steinberg.net,https://forums.steinberg.net,https://forums.steinberg.net/u/MrYoda92/summary,Available,404
MrYoda92,forums.destructoid.com,https://forums.destructoid.com,https://forums.destructoid.com/members/?username=MrYoda92,Available,200
MrYoda92,Diary.ru,https://diary.ru,https://MrYoda92.diary.ru/,Unknown,500
MrYoda92,mama.tomsk.ru,https://mama.tomsk.ru/forums,https://mama.tomsk.ru/forums/search.php?author=MrYoda92,Available,404
MrYoda92,dlive.tv,https://dlive.tv,https://dlive.tv/MrYoda92,Available,200
MrYoda92,MyMiniFactory,https://www.myminifactory.com/,https://www.myminifactory.com/users/MrYoda92,Available,404
MrYoda92,smart-lab.ru,https://smart-lab.ru/,https://smart-lab.ru/profile/MrYoda92/,Available,404
MrYoda92,Artsy,https://www.artsy.net,https://www.artsy.net/artist/MrYoda92,Available,404
MrYoda92,Iphones.ru,https://www.iphones.ru,https://www.iphones.ru/iNotes/author/MrYoda92?profile=1,Available,404
MrYoda92,Picarto,https://ptvintern.picarto.tv,https://ptvintern.picarto.tv/metadescription/MrYoda92,Available,200
MrYoda92,Soup,https://soup.io,https://www.soup.io/author/MrYoda92,Available,301
MrYoda92,7dach,https://7dach.ru/,https://7dach.ru/profile/MrYoda92,Available,404
MrYoda92,Physicsforums,https://www.physicsforums.com,https://www.physicsforums.com/members/?username=MrYoda92,Available,200
MrYoda92,forum.ghost.org,https://forum.ghost.org,https://forum.ghost.org/u/MrYoda92/summary,Available,404
MrYoda92,forum.ykt.ru,https://forum.ykt.ru,https://forum.ykt.ru/viewprofile.jsp?forum_id=11&user=MrYoda92,Available,302
MrYoda92,couchsurfing,https://www.couchsurfing.com/,https://www.couchsurfing.com/people/MrYoda92,Available,404
MrYoda92,TheStudentRoom,https://www.thestudentroom.co.uk,https://www.thestudentroom.co.uk/member.php?username=MrYoda92,Available,200
MrYoda92,PushSquare,http://www.pushsquare.com,http://www.pushsquare.com/users/MrYoda92,Available,404
MrYoda92,Contently,https://contently.com/,https://MrYoda92.contently.com/,Available,200
MrYoda92,discuss.hashicorp.com,https://discuss.hashicorp.com,https://discuss.hashicorp.com/u/MrYoda92/summary,Available,404
MrYoda92,DigitalPoint,https://www.digitalpoint.com,https://www.digitalpoint.com/members/?username=MrYoda92,Available,200
MrYoda92,Vgtimes,https://vgtimes.ru,https://vgtimes.ru/user/MrYoda92,Available,404
MrYoda92,forum.nameberry.com,https://forum.nameberry.com,https://forum.nameberry.com/u/MrYoda92/summary,Unknown,403
MrYoda92,akniga,https://akniga.org/,https://akniga.org/profile/MrYoda92,Available,404
MrYoda92,ESET,https://forum.esetnod32.ru,https://forum.esetnod32.ru/user/MrYoda92/,Available,404
MrYoda92,Etxt,https://www.etxt.ru,https://www.etxt.ru/MrYoda92.html,Available,404
MrYoda92,GBAtemp.net,https://gbatemp.net/,https://gbatemp.net/members/?username=MrYoda92,Available,200
MrYoda92,Brusheezy,https://www.brusheezy.com,https://www.brusheezy.com/members/MrYoda92,Available,200
MrYoda92,Forumophilia,https://www.forumophilia.com,https://www.forumophilia.com/profile.php?mode=viewprofile&u=MrYoda92,Available,200
MrYoda92,xenforo.com,https://xenforo.com/community/,https://xenforo.com/community/members/?username=MrYoda92,Available,200
MrYoda92,Vgtimes/Games,https://vgtimes.ru,https://vgtimes.ru/games/MrYoda92/forum/,Available,404
MrYoda92,Myinstants,https://www.myinstants.com,https://www.myinstants.com/profile/MrYoda92/,Available,404
MrYoda92,ForumHouse,https://www.forumhouse.ru/,https://www.forumhouse.ru/members/?username=MrYoda92,Available,200
MrYoda92,B17,https://www.b17.ru/,https://www.b17.ru/MrYoda92,Unknown,503
MrYoda92,Hotcopper,https://hotcopper.com.au,https://hotcopper.com.au/search/search?type=post&users=MrYoda92,Available,200
MrYoda92,Tinkoff Invest,https://www.tinkoff.ru/invest/,https://tinkoff.ru/invest/social/profile/MrYoda92/,Available,200
MrYoda92,TryHackMe,https://tryhackme.com/,https://tryhackme.com/p/MrYoda92,Available,200
MrYoda92,E621,https://e621.net,https://e621.net/users/MrYoda92,Available,404
MrYoda92,EuroFootball,https://www.euro-football.ru,https://www.euro-football.ru/user/MrYoda92,Available,302
MrYoda92,forum.inaturalist.org,https://forum.inaturalist.org,https://forum.inaturalist.org/u/MrYoda92/summary,Available,404
MrYoda92,forum.shotcut.org,https://forum.shotcut.org,https://forum.shotcut.org/u/MrYoda92/summary,Available,404
MrYoda92,igromania,http://forum.igromania.ru/,http://forum.igromania.ru/member.php?username=MrYoda92,Available,200
MrYoda92,Untappd,https://untappd.com,https://untappd.com/user/MrYoda92,Available,404
MrYoda92,GameRevolution,https://forums.gamerevolution.com,https://forums.gamerevolution.com/members/?username=MrYoda92,Available,200
MrYoda92,hi5,http://www.hi5.com,http://www.hi5.com/MrYoda92,Available,200
MrYoda92,getmyuni,https://getmyuni.com/,https://www.getmyuni.com/user/MrYoda92,Available,404
MrYoda92,Sbazar.cz,https://www.sbazar.cz/,https://www.sbazar.cz/MrYoda92,Available,404
MrYoda92,Cent,https://cent.co/,https://beta.cent.co/@MrYoda92,Available,200
MrYoda92,spletnik,https://spletnik.ru/,https://spletnik.ru/user/MrYoda92,Available,404
MrYoda92,mel.fm,https://mel.fm,https://mel.fm/blog/MrYoda92,Available,404
MrYoda92,MirTesen,https://mirtesen.ru,https://mirtesen.ru/people/MrYoda92/profile,Available,200
MrYoda92,DonationsAlerts,https://www.donationalerts.com/,https://www.donationalerts.com/r/MrYoda92,Available,404
MrYoda92,Dumpor,https://dumpor.com,https://dumpor.com/v/MrYoda92,Available,200
MrYoda92,MoscowFlamp,https://moscow.flamp.ru/,https://moscow.flamp.ru/MrYoda92,Available,404
MrYoda92,BikeRadar,https://forum.bikeradar.com,https://forum.bikeradar.com/profile/MrYoda92,Available,404
MrYoda92,SevenForums,https://www.sevenforums.com,https://www.sevenforums.com/member.php?username=MrYoda92,Unknown,403
MrYoda92,forum.scssoft.com,https://forum.scssoft.com,https://forum.scssoft.com/search.php?author=MrYoda92,Available,200
MrYoda92,sparkpeople,https://www.sparkpeople.com,https://www.sparkpeople.com/mypage.asp?id=MrYoda92,Available,404
MrYoda92,GuruShots,https://gurushots.com/,https://gurushots.com/MrYoda92/photos,Available,200
MrYoda92,Uchportal,https://www.uchportal.ru,https://www.uchportal.ru/index/8-0-MrYoda92,Available,200
MrYoda92,Ariva,https://www.ariva.de/,https://www.ariva.de/profil/MrYoda92,Available,404
MrYoda92,Hackerearth,https://www.hackerearth.com,https://www.hackerearth.com/@MrYoda92,Available,200
MrYoda92,forums.digitalpoint.com,https://forums.digitalpoint.com/,https://forums.digitalpoint.com/members/?username=MrYoda92,Available,200
MrYoda92,Aptoide,https://en.aptoide.com/,https://MrYoda92.en.aptoide.com/,Available,404
MrYoda92,BabyBlog.ru,https://www.babyblog.ru/,https://www.babyblog.ru/user/MrYoda92,Available,301
MrYoda92,forums.drom.ru,https://www.forumsdrom.ru/,https://www.forumsdrom.ru/member.php?username=MrYoda92,Available,200
MrYoda92,NN.RU,https://www.nn.ru/,https://MrYoda92.www.nn.ru/,Available,404
MrYoda92,community.sweatco.in,https://community.sweatco.in,https://community.sweatco.in/u/MrYoda92/summary,Available,200
MrYoda92,hunting.karelia.ru,http://hunting.karelia.ru,http://hunting.karelia.ru/search.php?author=MrYoda92,Available,200
MrYoda92,Psychologies.ru,http://www.psychologies.ru,http://www.psychologies.ru/personal/MrYoda92,Available,404
MrYoda92,Oper,https://www.oper.ru/,https://www.oper.ru/visitors/info.php?t=MrYoda92,Available,200
MrYoda92,TRASHBOX.RU,https://trashbox.ru/,https://trashbox.ru/users/MrYoda92,Available,404
MrYoda92,geocaching,https://www.geocaching.com/,https://www.geocaching.com/profile/?u=MrYoda92,Available,404
MrYoda92,teamtreehouse.com,https://teamtreehouse.com,https://teamtreehouse.com/profiles/MrYoda92,Available,200
MrYoda92,AppleDeveloper,https://developer.apple.com/forums,https://developer.apple.com/forums/profile/MrYoda92,Unknown,0
MrYoda92,Launchpad,https://launchpad.net/,https://launchpad.net/~MrYoda92,Available,404
MrYoda92,YandexZenChannel,https://dzen.ru,https://dzen.ru/channel/MrYoda92,Available,404
MrYoda92,Blu-ray,https://forum.blu-ray.com/,https://forum.blu-ray.com/member.php?username=MrYoda92,Available,200
MrYoda92,designspiration.com,https://designspiration.com,https://designspiration.com/MrYoda92/,Available,404
MrYoda92,Warface,https://wf.mail.ru,https://wf.mail.ru/forums/member.php?username=MrYoda92,Unknown,0
MrYoda92,23hq,http://www.23hq.com,http://www.23hq.com/MrYoda92,Available,404
MrYoda92,Newgrounds,https://newgrounds.com,https://MrYoda92.newgrounds.com,Available,404
MrYoda92,Tanks,,,Unknown,0
MrYoda92,PerfectWorld,,,Unknown,0
MrYoda92,PerfectWorldForum,,,Unknown,0
MrYoda92,LiveInternet,https://www.liveinternet.ru,https://www.liveinternet.ru/users/MrYoda92/profile,Unknown,0
MrYoda92,ArchiveOfOurOwn,,,Unknown,0
MrYoda92,Infourok,,,Unknown,0
MrYoda92,HackerNews,,,Unknown,0
MrYoda92,forum.openoffice.org,https://forum.openoffice.org/en/forum,https://forum.openoffice.org/en/forum/search.php?author=MrYoda92,Unknown,0
MrYoda92,giters.com,https://giters.com,https://giters.com/MrYoda92,Unknown,0
