username,name,url_main,url_user,exists,http_status
shami_usagi,TradingView,https://www.tradingview.com/,https://www.tradingview.com/u/shami_usagi,Unknown,403
shami_usagi,Freepik,https://www.freepik.com,https://www.freepik.com/shami_usagi,Unknown,403
shami_usagi,OP.GG [LeagueOfLegends] Taiwan,https://www.op.gg/,https://www.op.gg/summoners/search?q=shami_usagi&region=tw,Available,429
shami_usagi,Figma,https://www.figma.com/,https://www.figma.com/@shami_usagi,Unknown,403
shami_usagi,OP.GG [LeagueOfLegends] Korea,https://www.op.gg/,https://www.op.gg/summoners/search?q=shami_usagi&region=kr,Available,429
shami_usagi,OP.GG [LeagueOfLegends] Japan,https://www.op.gg/,https://www.op.gg/summoners/search?q=shami_usagi&region=jp,Available,429
shami_usagi,OP.GG [LeagueOfLegends] Phillippines,https://www.op.gg/,https://www.op.gg/summoners/search?q=shami_usagi&region=ph,Available,429
shami_usagi,OP.GG [LeagueOfLegends] Thailand,https://www.op.gg/,https://www.op.gg/summoners/search?q=shami_usagi&region=th,Available,429
shami_usagi,OP.GG [LeagueOfLegends] Europe Nordic & East,https://www.op.gg/,https://www.op.gg/summoners/search?q=shami_usagi&region=eune,Available,429
shami_usagi,OP.GG [LeagueOfLegends] Russia,https://www.op.gg/,https://www.op.gg/summoners/search?q=shami_usagi&region=ru,Available,429
shami_usagi,OP.GG [LeagueOfLegends] LAN,https://www.op.gg/,https://www.op.gg/summoners/search?q=shami_usagi&region=lan,Available,429
shami_usagi,OP.GG [LeagueOfLegends] LAS,https://www.op.gg/,https://www.op.gg/summoners/search?q=shami_usagi&region=las,Available,429
shami_usagi,OP.GG [LeagueOfLegends] Singapore,https://www.op.gg/,https://www.op.gg/summoners/search?q=shami_usagi&region=sg,Available,429
shami_usagi,OP.GG [LeagueOfLegends] Vietnam,https://www.op.gg/,https://www.op.gg/summoners/search?q=shami_usagi&region=vn,Available,429
shami_usagi,OP.GG [LeagueOfLegends] Middle East,https://www.op.gg/,https://www.op.gg/summoners/search?q=shami_usagi&region=me,Available,429
shami_usagi,OP.GG [LeagueOfLegends] Turkey,https://www.op.gg/,https://www.op.gg/summoners/search?q=shami_usagi&region=tr,Available,429
shami_usagi,OP.GG [LeagueOfLegends] North America,https://www.op.gg/,https://www.op.gg/summoners/search?q=shami_usagi&region=na,Available,429
shami_usagi,OP.GG [LeagueOfLegends] Brazil,https://www.op.gg/,https://www.op.gg/summoners/search?q=shami_usagi&region=br,Available,429
shami_usagi,OP.GG [LeagueOfLegends] Europe West,https://www.op.gg/,https://www.op.gg/summoners/search?q=shami_usagi&region=euw,Available,429
shami_usagi,OP.GG [LeagueOfLegends] Oceania,https://www.op.gg/,https://www.op.gg/summoners/search?q=shami_usagi&region=oce,Available,429
shami_usagi,YouTube,https://www.youtube.com/,https://www.youtube.com/@shami_usagi,Available,404
shami_usagi,Etsy,https://www.etsy.com/,https://www.etsy.com/shop/shami_usagi,Unknown,403
shami_usagi,GitHub,https://www.github.com/,,Illegal,
shami_usagi,linktr.ee,https://linktr.ee,https://linktr.ee/shami_usagi,Available,406
shami_usagi,YouTube User,https://www.youtube.com/,https://www.youtube.com/@shami_usagi,Available,404
shami_usagi,Udemy,https://www.udemy.com,https://www.udemy.com/user/shami_usagi/,Unknown,403
shami_usagi,WordPress,https://wordpress.com,https://shami_usagi.wordpress.com/,Available,400
shami_usagi,ResearchGate,https://www.researchgate.net/,https://www.researchgate.net/profile/shami_usagi,Unknown,403
shami_usagi,Twitch,https://www.twitch.tv/,https://twitchtracker.com/shami_usagi,Unknown,403
shami_usagi,upwork.com,https://upwork.com,https://upwork.com/fl/shami_usagi,Unknown,403
shami_usagi,GooglePlayStore,https://play.google.com/store,https://play.google.com/store/apps/developer?id=shami_usagi,Available,404
shami_usagi,Scribd,https://www.scribd.com/,https://www.scribd.com/shami_usagi,Available,404
shami_usagi,Trello,https://trello.com/,https://trello.com/shami_usagi,Available,404
shami_usagi,StackOverflow,https://stackoverflow.com,https://stackoverflow.com/users/filter?search=shami_usagi,Available,200
shami_usagi,GitHubGist,https://gist.github.com,https://gist.github.com/shami_usagi,Available,404
shami_usagi,Quora,https://www.quora.com/,https://www.quora.com/profile/shami_usagi,Available,301
shami_usagi,Mozilla Support,https://support.mozilla.org,https://support.mozilla.org/en-US/user/shami_usagi/,Available,404
shami_usagi,Vimeo,https://vimeo.com,https://vimeo.com/shami_usagi,Available,404
shami_usagi,Wix,https://wix.com/,https://shami_usagi.wix.com,Available,404
shami_usagi,Facebook,https://www.facebook.com/,https://www.facebook.com/shami_usagi,Available,200
shami_usagi,Twitter,https://www.twitter.com/,https://twitter.com/shami_usagi,Unknown,403
shami_usagi,Patreon,https://www.patreon.com/,https://www.patreon.com/shami_usagi,Available,404
shami_usagi,Naver,https://naver.com,https://blog.naver.com/shami_usagi,Available,404
shami_usagi,Fiverr,https://www.fiverr.com/,https://www.fiverr.com/shami_usagi,Unknown,403
shami_usagi,Ameblo,https://ameblo.jp,https://ameblo.jp/shami_usagi,Available,404
shami_usagi,DailyMotion,https://www.dailymotion.com,https://www.dailymotion.com/shami_usagi,Available,404
shami_usagi,Chess,https://www.chess.com,https://www.chess.com/member/shami_usagi,Available,404
shami_usagi,Behance,https://www.behance.net/,https://www.behance.net/shami_usagi,Available,404
shami_usagi,Slack,https://slack.com,https://shami_usagi.slack.com,Available,404
shami_usagi,CNET,https://www.cnet.com,https://www.cnet.com/profiles/shami_usagi/,Available,404
shami_usagi,Tumblr,https://www.tumblr.com,https://www.tumblr.com/shami_usagi,Available,404
shami_usagi,Kickstarter,https://www.kickstarter.com,https://www.kickstarter.com/profile/shami_usagi,Unknown,403
shami_usagi,SoundCloud,https://soundcloud.com/,https://soundcloud.com/shami_usagi,Available,404
shami_usagi,SourceForge,https://sourceforge.net/,https://sourceforge.net/u/shami_usagi/profile,Unknown,403
shami_usagi,BongaCams,https://sbongacams.com,https://bongacams.com/profile/shami_usagi,Available,404
shami_usagi,iStock,https://www.istockphoto.com,https://www.istockphoto.com/ru/portfolio/shami_usagi,Available,200
shami_usagi,Academia.edu,https://www.academia.edu/,https://independent.academia.edu/shami_usagi,Available,404
shami_usagi,Ebay,https://www.ebay.com/,https://www.ebay.com/usr/shami_usagi,Unknown,200
shami_usagi,Steam,https://steamcommunity.com/,https://steamcommunity.com/id/shami_usagi,Available,200
shami_usagi,TikTok,https://www.tiktok.com/,https://www.tiktok.com/@shami_usagi,Available,200
shami_usagi,Weebly,http://weebly.com,,Illegal,
shami_usagi,Unsplash,https://unsplash.com/,https://unsplash.com/@shami_usagi,Available,404
shami_usagi,Livejasmin,https://www.livejasmin.com/,https://www.livejasmin.com/en/girls/#!chat/shami_usagi,Available,200
shami_usagi,ThemeForest,https://themeforest.net,https://themeforest.net/user/shami_usagi,Available,404
shami_usagi,Disqus,https://disqus.com/,https://disqus.com/shami_usagi,Available,400
shami_usagi,Shutterstock,https://www.shutterstock.com,https://www.shutterstock.com/g/shami_usagi/about,Available,404
shami_usagi,Issuu,https://issuu.com/,https://issuu.com/shami_usagi,Available,404
shami_usagi,mercadolivre,https://www.mercadolivre.com.br,https://www.mercadolivre.com.br/perfil/shami_usagi,Available,404
shami_usagi,Freelancer.com,https://www.freelancer.com/,https://www.freelancer.com/api/users/0.1/users?usernames%5B%5D=shami_usagi&compact=true,Available,200
shami_usagi,giphy.com,https://giphy.com,https://giphy.com/channel/shami_usagi,Available,404
shami_usagi,Steam (Group),https://steamcommunity.com/,https://steamcommunity.com/groups/shami_usagi,Available,200
shami_usagi,discourse.mozilla.org,https://discourse.mozilla.org,https://discourse.mozilla.org/u/shami_usagi/summary,Available,404
shami_usagi,Dreamstime,https://www.dreamstime.com,https://www.dreamstime.com/shami_usagi_info,Unknown,403
shami_usagi,Gamefaqs,https://gamefaqs.gamespot.com,https://gamefaqs.gamespot.com/community/shami_usagi,Unknown,401
shami_usagi,AppleDiscussions,https://discussions.apple.com/,https://discussions.apple.com/profile/shami_usagi,Unknown,403
shami_usagi,SlideShare,https://www.slideshare.net,https://www.slideshare.net/shami_usagi,Available,200
shami_usagi,Imgur,https://imgur.com,https://imgur.com/user/shami_usagi,Available,404
shami_usagi,Genius,https://genius.com/,https://genius.com/shami_usagi,Available,404
shami_usagi,Fandom,https://www.fandom.com/,https://www.fandom.com/u/shami_usagi,Available,404
shami_usagi,Telegram,https://t.me/,https://t.me/shami_usagi,Available,200
shami_usagi,Pinterest,https://www.pinterest.com/,https://www.pinterest.com/shami_usagi/,Available,200
shami_usagi,Blogger,https://www.blogger.com/,https://shami_usagi.blogspot.com,Available,404
shami_usagi,ChaturBate,https://chaturbate.com,https://chaturbate.com/shami_usagi,Available,404
shami_usagi,Discogs,https://www.discogs.com/,https://www.discogs.com/user/shami_usagi,Unknown,403
shami_usagi,calendly.com,https://calendly.com,https://calendly.com/shami_usagi/15min,Available,404
shami_usagi,VK,https://vk.com/,https://vk.com/shami_usagi,Available,404
shami_usagi,BleachFandom,https://bleach.fandom.com/ru,https://bleach.fandom.com/ru/wiki/%D0%A3%D1%87%D0%B0%D1%81%D1%82%D0%BD%D0%B8%D0%BA:shami_usagi,Available,404
shami_usagi,Wattpad,https://www.wattpad.com/,https://www.wattpad.com/user/shami_usagi,Available,404
shami_usagi,OK,https://ok.ru/,https://ok.ru/shami_usagi,Available,404
shami_usagi,WordPressOrg,https://wordpress.org/,https://profiles.wordpress.org/shami_usagi/,Available,404
shami_usagi,CloudflareCommunity,https://community.cloudflare.com/,https://community.cloudflare.com/u/shami_usagi/summary,Unknown,403
shami_usagi,GoodReads,https://www.goodreads.com/,https://www.goodreads.com/shami_usagi,Available,404
shami_usagi,Gamespot,https://www.gamespot.com/,https://www.gamespot.com/profile/shami_usagi/,Available,404
shami_usagi,Armchairgm,https://armchairgm.fandom.com/,https://armchairgm.fandom.com/wiki/User:shami_usagi,Available,404
shami_usagi,FandomCommunityCentral,https://community.fandom.com,https://community.fandom.com/wiki/User:shami_usagi,Available,404
shami_usagi,PeopleIgn,https://people.ign.com/,https://people.ign.com/shami_usagi,Available,404
shami_usagi,AllRecipes,https://www.allrecipes.com/,https://www.allrecipes.com/cook/shami_usagi,Available,404
shami_usagi,Rutracker,https://rutracker.org/,https://rutracker.org/forum/profile.php?mode=viewprofile&u=shami_usagi,Available,200
shami_usagi,Amazon,https://amazon.com,https://amazon.com/author/shami_usagi,Available,404
shami_usagi,Nairaland Forum,https://www.nairaland.com/,https://www.nairaland.com/shami_usagi,Unknown,403
shami_usagi,Envato,https://forums.envato.com,https://forums.envato.com/u/shami_usagi/summary,Available,404
shami_usagi,Aparat,https://www.aparat.com,https://www.aparat.com/shami_usagi,Available,404
shami_usagi,opensea.io,https://opensea.io,https://opensea.io/accounts/shami_usagi,Available,404
shami_usagi,Duolingo,https://duolingo.com/,https://www.duolingo.com/profile/shami_usagi,Available,200
shami_usagi,BuzzFeed,https://buzzfeed.com/,https://buzzfeed.com/shami_usagi,Available,404
shami_usagi,MyAnimeList,https://myanimelist.net/,https://myanimelist.net/profile/shami_usagi,Available,404
shami_usagi,community.brave.com,https://community.brave.com,https://community.brave.com/u/shami_usagi/summary,Available,404
shami_usagi,Scratch,https://scratch.mit.edu/,https://scratch.mit.edu/users/shami_usagi,Available,404
shami_usagi,Reddit,https://www.reddit.com/,https://www.reddit.com/user/shami_usagi,Available,200
shami_usagi,Battleraprus,https://battleraprus.fandom.com/ru,https://battleraprus.fandom.com/ru/wiki/%D0%A3%D1%87%D0%B0%D1%81%D1%82%D0%BD%D0%B8%D0%BA:shami_usagi,Available,404
shami_usagi,TheVerge,https://www.theverge.com,https://www.theverge.com/users/shami_usagi,Available,410
shami_usagi,Eksisozluk,https://eksisozluk.com,https://eksisozluk.com/biri/shami_usagi,Available,404
shami_usagi,Weibo,https://weibo.com,https://weibo.com/shami_usagi,Available,400
shami_usagi,HabrCareer,https://career.habr.com/,https://career.habr.com/shami_usagi,Available,404
shami_usagi,1337x,https://1337x.to,https://1337x.to/user/shami_usagi/,Available,200
shami_usagi,Artstation,https://www.artstation.com,https://www.artstation.com/shami_usagi,Unknown,403
shami_usagi,Ultimate-Guitar,https://ultimate-guitar.com/,https://ultimate-guitar.com/u/shami_usagi,Available,410
shami_usagi,Wowhead,https://www.wowhead.com,https://www.wowhead.com/user=shami_usagi,Available,404
shami_usagi,Pornhub,https://pornhub.com/,https://pornhub.com/users/shami_usagi,Available,404
shami_usagi,ComicvineGamespot,https://comicvine.gamespot.com/,https://comicvine.gamespot.com/profile/shami_usagi,Available,404
shami_usagi,TripAdvisor,https://tripadvisor.com/,https://tripadvisor.com/members/shami_usagi,Available,404
shami_usagi,cyber.harvard.edu,https://cyber.harvard.edu,https://cyber.harvard.edu/people/shami_usagi,Available,404
shami_usagi,Kaggle,https://www.kaggle.com/,https://www.kaggle.com/shami_usagi,Available,404
shami_usagi,Myspace,https://myspace.com/,https://myspace.com/shami_usagi,Available,404
shami_usagi,Wikipedia,https://www.wikipedia.org/,https://www.wikipedia.org/wiki/User:shami_usagi,Available,404
shami_usagi,MyFitnessPal,https://www.myfitnesspal.com/,https://www.myfitnesspal.com/profile/shami_usagi,Unknown,403
shami_usagi,Codecanyon,https://codecanyon.net,https://codecanyon.net/user/shami_usagi,Available,404
shami_usagi,My.Mail.ru@ya.ru,https://my.mail.ru/,https://my.mail.ru/ya.ru/shami_usagi/,Available,404
shami_usagi,Pathofexile,https://ru.pathofexile.com,https://ru.pathofexile.com/account/view-profile/shami_usagi,Unknown,403
shami_usagi,My.Mail.ru@gmail.com,https://my.mail.ru/,https://my.mail.ru/gmail.com/shami_usagi/,Available,404
shami_usagi,123rf,https://ru.123rf.com,https://ru.123rf.com/profile_shami_usagi,Available,302
shami_usagi,DeviantART,https://deviantart.com,https://shami_usagi.deviantart.com,Available,404
shami_usagi,community.simplilearn.com,https://community.simplilearn.com,https://community.simplilearn.com/members/?username=shami_usagi,Available,404
shami_usagi,Redbubble,https://www.redbubble.com/,https://www.redbubble.com/people/shami_usagi,Available,404
shami_usagi,SoftwareInformer,https://users.software.informer.com,https://users.software.informer.com/shami_usagi/,Available,301
shami_usagi,Pikabu,https://pikabu.ru/,https://pikabu.ru/@shami_usagi,Available,404
shami_usagi,Tinder,https://tinder.com/,https://www.tinder.com/@shami_usagi,Available,200
shami_usagi,PCGamer,https://pcgamer.com,https://forums.pcgamer.com/members/?username=shami_usagi,Available,200
shami_usagi,Plurk,https://www.plurk.com/,https://www.plurk.com/shami_usagi,Available,200
shami_usagi,Polygon,https://www.polygon.com/,https://www.polygon.com/users/shami_usagi,Available,404
shami_usagi,LiveJournal,https://www.livejournal.com/,https://shami_usagi.livejournal.com,Available,404
shami_usagi,Freelance.habr,https://freelance.habr.com/,https://freelance.habr.com/freelancers/shami_usagi,Available,410
shami_usagi,www.change.org,https://www.change.org,https://www.change.org/o/shami_usagi,Available,404
shami_usagi,247sports,https://247sports.com,https://247sports.com/user/shami_usagi/,Available,404
shami_usagi,Bandcamp,https://www.bandcamp.com/,https://www.bandcamp.com/shami_usagi,Available,404
shami_usagi,note,https://note.com/,https://note.com/shami_usagi,Available,404
shami_usagi,Toster,https://qna.habr.com/,https://qna.habr.com/user/shami_usagi,Available,404
shami_usagi,Codepen,https://codepen.io/,https://codepen.io/shami_usagi,Unknown,403
shami_usagi,drive2,https://www.drive2.ru/,https://www.drive2.ru/users/shami_usagi,Available,404
shami_usagi,YouPorn,https://youporn.com,https://youporn.com/uservids/shami_usagi,Available,404
shami_usagi,Tom's guide,http://forums.tomsguide.com,http://forums.tomsguide.com/members/?username=shami_usagi,Available,200
shami_usagi,Gofundme,https://www.gofundme.com,https://www.gofundme.com/f/shami_usagi,Available,404
shami_usagi,Studfile,https://studfile.net,https://studfile.net/users/shami_usagi/,Available,404
shami_usagi,Redtube,https://ru.redtube.com/,https://ru.redtube.com/users/shami_usagi,Available,404
shami_usagi,Itch.io,https://itch.io/,https://shami_usagi.itch.io/,Available,404
shami_usagi,adblockplus.org,https://adblockplus.org,https://adblockplus.org/forum/search.php?keywords=&terms=all&author=shami_usagi,Available,200
shami_usagi,Roblox,https://www.roblox.com/,https://www.roblox.com/user.aspx?username=shami_usagi,Available,404
shami_usagi,Sbnation,https://www.sbnation.com,https://www.sbnation.com/users/shami_usagi,Available,404
shami_usagi,Habr,https://habr.com/,https://habr.com/ru/users/shami_usagi/,Available,404
shami_usagi,BodyBuilding,https://bodyspace.bodybuilding.com/,https://bodyspace.bodybuilding.com/shami_usagi,Available,302
shami_usagi,TomsHardware,https://forums.tomshardware.com/,https://forums.tomshardware.com/members/?username=shami_usagi,Available,200
shami_usagi,sports.ru,https://www.sports.ru/,https://www.sports.ru/profile/shami_usagi/,Available,404
shami_usagi,{username}.tilda.ws,https://tilda.ws,https://shami_usagi.tilda.ws,Available,404
shami_usagi,AfreecaTV,http://bjapi.afreecatv.com,http://bjapi.afreecatv.com/api/shami_usagi/station,Unknown,515
shami_usagi,Bit.ly,https://bit.ly,https://bit.ly/shami_usagi,Available,404
shami_usagi,community.icons8.com,https://community.icons8.com,https://community.icons8.com/u/shami_usagi/summary,Available,404
shami_usagi,forums.opera.com,https://forums.opera.com/,https://forums.opera.com/user/shami_usagi,Available,404
shami_usagi,Pastebin,https://pastebin.com/,https://pastebin.com/u/shami_usagi,Available,404
shami_usagi,Kaskus,https://www.kaskus.co.id,https://www.kaskus.co.id/@shami_usagi,Available,404
shami_usagi,Dribbble,https://dribbble.com/,https://dribbble.com/shami_usagi,Available,404
shami_usagi,djskt.lnk.to,https://djskt.lnk.to,https://djskt.lnk.to/shami_usagi,Available,404
shami_usagi,discuss.codecademy.com,https://discuss.codecademy.com,https://discuss.codecademy.com/u/shami_usagi/summary,Available,404
shami_usagi,500px,https://500px.com/,https://500px.com/p/shami_usagi,Unknown,200
shami_usagi,jsfiddle.net,https://jsfiddle.net,https://jsfiddle.net/user/shami_usagi/,Available,404
shami_usagi,www.gamesradar.com,https://www.gamesradar.com,https://www.gamesradar.com/uk/author/shami_usagi/,Available,404
shami_usagi,CreativeMarket,https://creativemarket.com/,https://creativemarket.com/users/shami_usagi,Unknown,403
shami_usagi,AskFM,https://ask.fm/,https://ask.fm/shami_usagi,Unknown,0
shami_usagi,Otzovik,https://otzovik.com/,https://otzovik.com/profile/shami_usagi,Unknown,507
shami_usagi,Baidu,https://tieba.baidu.com,https://tieba.baidu.com/home/main?un=shami_usagi,Available,200
shami_usagi,Rajce.net,https://www.rajce.idnes.cz/,https://shami_usagi.rajce.idnes.cz/,Available,410
shami_usagi,BoardGameGeek,https://boardgamegeek.com,https://boardgamegeek.com/user/shami_usagi,Available,200
shami_usagi,My.Mail.ru@list.ru,https://my.mail.ru/,https://my.mail.ru/list/shami_usagi/,Available,404
shami_usagi,forums.sketchup.com,https://forums.sketchup.com,https://forums.sketchup.com/u/shami_usagi/summary,Available,404
shami_usagi,My.Mail.ru@yandex.ru,https://my.mail.ru/,https://my.mail.ru/yandex.ru/shami_usagi/,Available,404
shami_usagi,My.Mail.ru@bk.ru,https://my.mail.ru/,https://my.mail.ru/bk/shami_usagi/,Available,404
shami_usagi,Wikidot,http://www.wikidot.com/,http://www.wikidot.com/user:info/shami_usagi,Available,200
shami_usagi,My.Mail.ru@mail.ru,https://my.mail.ru/,https://my.mail.ru/mail/shami_usagi/,Available,404
shami_usagi,Ccm,https://ccm.net,https://ccm.net/profile/user/shami_usagi,Available,404
shami_usagi,TemplateMonster,https://www.templatemonster.com,https://www.templatemonster.com/authors/shami_usagi/,Available,404
shami_usagi,AllTrails,https://www.alltrails.com/,https://www.alltrails.com/members/shami_usagi,Unknown,403
shami_usagi,Pluralsight,https://app.pluralsight.com,https://app.pluralsight.com/profile/author/shami_usagi,Available,404
shami_usagi,videohive.net,https://videohive.net,https://videohive.net/user/shami_usagi,Available,404
shami_usagi,last.fm,https://last.fm/,https://last.fm/user/shami_usagi,Available,404
shami_usagi,99designs.com,https://99designs.com,https://99designs.com/profiles/shami_usagi,Available,404
shami_usagi,Codecademy,https://www.codecademy.com/,https://www.codecademy.com/profiles/shami_usagi,Available,200
shami_usagi,jeuxvideo,http://www.jeuxvideo.com,http://www.jeuxvideo.com/profil/shami_usagi?mode=infos,Available,404
shami_usagi,Guru,https://www.guru.com,https://www.guru.com/freelancers/shami_usagi,Available,404
shami_usagi,Weforum,https://www.weforum.org,https://www.weforum.org/people/shami_usagi,Unknown,403
shami_usagi,Docker Hub,https://hub.docker.com/,https://hub.docker.com/u/shami_usagi/,Available,404
shami_usagi,Thechive,https://thechive.com/,https://thechive.com/author/shami_usagi,Available,404
shami_usagi,9GAG,https://www.9gag.com/,https://www.9gag.com/u/shami_usagi,Available,404
shami_usagi,Eporner,,https://www.eporner.com/profile/shami_usagi/,Available,404
shami_usagi,Lichess,https://lichess.org,https://lichess.org/@/shami_usagi,Available,404
shami_usagi,HubPages,https://hubpages.com/,https://hubpages.com/@shami_usagi,Available,404
shami_usagi,lyricstranslate.com,https://lyricstranslate.com,https://lyricstranslate.com/sco/translator/shami_usagi,Available,404
shami_usagi,Instructables,https://www.instructables.com/,https://www.instructables.com/member/shami_usagi,Available,404
shami_usagi,LiveLib,https://www.livelib.ru/,https://www.livelib.ru/reader/shami_usagi,Unknown,403
shami_usagi,Gab,https://gab.com/,https://gab.com/shami_usagi,Available,404
shami_usagi,forums.docker.com,https://forums.docker.com,https://forums.docker.com/u/shami_usagi/summary,Available,404
shami_usagi,profile.hatena.ne.jp,https://profile.hatena.ne.jp,https://profile.hatena.ne.jp/shami_usagi/,Available,404
shami_usagi,beacons.ai,https://beacons.ai,https://beacons.ai/shami_usagi,Unknown,403
shami_usagi,Jigsawplanet,https://www.jigsawplanet.com,https://www.jigsawplanet.com/shami_usagi,Available,404
shami_usagi,MixCloud,https://www.mixcloud.com/,https://www.mixcloud.com/shami_usagi/,Available,404
shami_usagi,amp.flipboard.com,https://amp.flipboard.com,https://amp.flipboard.com/@shami_usagi,Available,404
shami_usagi,forum.sketchfab.com,https://forum.sketchfab.com,https://forum.sketchfab.com/u/shami_usagi/summary,Available,200
shami_usagi,BitBucket,https://bitbucket.org/,https://bitbucket.org/shami_usagi/,Available,404
shami_usagi,Cracked,https://www.cracked.com/,https://www.cracked.com/members/shami_usagi/,Available,301
shami_usagi,TechPowerUp,https://www.techpowerup.com,https://www.techpowerup.com/forums/members/?username=shami_usagi,Available,200
shami_usagi,iRecommend.RU,https://irecommend.ru/,https://irecommend.ru/users/shami_usagi,Unknown,521
shami_usagi,Muckrack,https://muckrack.com,https://muckrack.com/shami_usagi,Unknown,403
shami_usagi,ArchiveOfOurOwn,https://archiveofourown.org,https://archiveofourown.org/users/shami_usagi,Unknown,525
shami_usagi,fotostrana.ru,https://fotostrana.ru,https://fotostrana.ru/shami_usagi/,Available,404
shami_usagi,angel.co,https://angel.co,https://angel.co/u/shami_usagi,Unknown,403
shami_usagi,GitLab,https://gitlab.com/,https://gitlab.com/shami_usagi,Available,200
shami_usagi,Championat,https://www.championat.com/,https://www.championat.com/user/shami_usagi,Available,404
shami_usagi,DigitalOcean,https://www.digitalocean.com/,https://www.digitalocean.com/community/users/shami_usagi,Available,404
shami_usagi,Zomato,https://www.zomato.com/,https://www.zomato.com/pl/shami_usagi/foodjourney,Available,404
shami_usagi,DEV Community,https://dev.to/,https://dev.to/shami_usagi,Available,404
shami_usagi,Audiojungle,https://audiojungle.net/,https://audiojungle.net/user/shami_usagi,Available,404
shami_usagi,Freecodecamp,https://www.freecodecamp.org/forum/,https://www.freecodecamp.org/forum/u/shami_usagi/summary,Available,404
shami_usagi,Foursquare,https://foursquare.com/,https://foursquare.com/shami_usagi,Available,404
shami_usagi,forum.blackmagicdesign.com,https://forum.blackmagicdesign.com,https://forum.blackmagicdesign.com/search.php?author=shami_usagi,Available,200
shami_usagi,authorSTREAM,http://www.authorstream.com/,http://www.authorstream.com/author/shami_usagi/,Claimed,200
shami_usagi,hackernoon.com,https://hackernoon.com,https://hackernoon.com/u/shami_usagi,Available,200
shami_usagi,Letterboxd,https://letterboxd.com/,https://letterboxd.com/shami_usagi,Available,404
shami_usagi,Ameba,https://profile.ameba.jp,https://profile.ameba.jp/ameba/shami_usagi/,Available,404
shami_usagi,FilmWeb,https://www.filmweb.pl/user/adam,https://www.filmweb.pl/user/shami_usagi,Available,200
shami_usagi,Livemaster,https://www.livemaster.ru,https://www.livemaster.ru/shami_usagi,Available,404
shami_usagi,Xvideos,https://xvideos.com/,https://xvideos.com/profiles/shami_usagi,Available,404
shami_usagi,osu!,https://osu.ppy.sh/,https://osu.ppy.sh/users/shami_usagi,Available,404
shami_usagi,ImgInn,https://imginn.com,https://imginn.com/shami_usagi/,Available,404
shami_usagi,Xing,https://www.xing.com/,https://www.xing.com/profile/shami_usagi,Available,404
shami_usagi,steemit,https://steemit.com,https://steemit.com/@shami_usagi,Available,404
shami_usagi,AlternativeTo,https://alternativeto.net/,https://alternativeto.net/user/shami_usagi,Unknown,403
shami_usagi,Slashdot,https://slashdot.org,https://slashdot.org/~shami_usagi,Available,404
shami_usagi,Flightradar24,https://www.flightradar24.com/,https://my.flightradar24.com/shami_usagi,Available,404
shami_usagi,pr0gramm,https://pr0gramm.com/,https://pr0gramm.com/api/profile/info?name=shami_usagi,Available,404
shami_usagi,Warrior Forum,https://www.warriorforum.com/,https://www.warriorforum.com/members/shami_usagi.html,Available,400
shami_usagi,Yummly,https://www.yummly.com,https://mapi.yummly.com/mapi/v19/user/shami_usagi,Unknown,0
shami_usagi,Cheezburger,https://profile.cheezburger.com,https://profile.cheezburger.com/shami_usagi,Claimed,200
shami_usagi,Sporcle,https://www.sporcle.com/,https://www.sporcle.com/user/shami_usagi/people,Available,404
shami_usagi,999.md,https://999.md,https://999.md/ru/profile/shami_usagi,Available,404
shami_usagi,Pokemon Showdown,https://pokemonshowdown.com,https://pokemonshowdown.com/users/shami_usagi,Available,404
shami_usagi,techspot.com,http://www.techspot.com/community/,http://www.techspot.com/community/members/?username=shami_usagi,Unknown,403
shami_usagi,VSCO,https://vsco.co/,https://vsco.co/shami_usagi,Available,404
shami_usagi,Picuki,https://www.picuki.com/,https://www.picuki.com/profile/shami_usagi,Available,404
shami_usagi,Weedmaps,https://weedmaps.com,https://weedmaps.com/brands/shami_usagi,Unknown,403
shami_usagi,community.getpostman.com,https://community.getpostman.com,https://community.getpostman.com/u/shami_usagi/summary,Available,404
shami_usagi,Gumroad,https://www.gumroad.com/,https://www.gumroad.com/shami_usagi,Available,404
shami_usagi,www.minds.com,https://www.minds.com,https://www.minds.com/shami_usagi,Available,404
shami_usagi,Venmo,https://venmo.com/,https://venmo.com/shami_usagi,Available,404
shami_usagi,Techrepublic,https://www.techrepublic.com,https://www.techrepublic.com/members/profile/shami_usagi/,Available,404
shami_usagi,depop.com,https://www.depop.com,https://www.depop.com/shami_usagi,Unknown,403
shami_usagi,AllKPop,https://www.allkpop.com/,https://www.allkpop.com/profile/shami_usagi,Available,302
shami_usagi,opensource,https://opensource.com/,https://opensource.com/users/shami_usagi,Available,404
shami_usagi,Discuss.Elastic.co,https://discuss.elastic.co/,https://discuss.elastic.co/u/shami_usagi/summary,Available,404
shami_usagi,Rate Your Music,https://rateyourmusic.com/,https://rateyourmusic.com/~shami_usagi,Unknown,403
shami_usagi,dailykos,https://www.dailykos.com,https://www.dailykos.com/user/shami_usagi,Available,404
shami_usagi,Douban,https://www.douban.com,https://www.douban.com/people/shami_usagi/,Unknown,403
shami_usagi,Codementor,https://www.codementor.io/,https://www.codementor.io/shami_usagi,Available,404
shami_usagi,Baby.ru,https://www.baby.ru/,https://www.baby.ru/u/shami_usagi/,Available,404
shami_usagi,SkyscraperCity,https://www.skyscrapercity.com,https://www.skyscrapercity.com/members/?username=shami_usagi,Available,200
shami_usagi,Gravatar,http://en.gravatar.com/,http://en.gravatar.com/shami_usagi,Available,404
shami_usagi,Gog,https://www.gog.com/,https://www.gog.com/u/shami_usagi,Available,404
shami_usagi,kwork,https://www.kwork.ru/,https://kwork.ru/user/shami_usagi,Available,404
shami_usagi,forum.audacityteam.org,https://forum.audacityteam.org,https://forum.audacityteam.org/search.php?author=shami_usagi,Available,404
shami_usagi,Pinkbike,https://www.pinkbike.com/,https://www.pinkbike.com/u/shami_usagi/,Unknown,403
shami_usagi,forums.serebii.net,https://forums.serebii.net,https://forums.serebii.net/members/?username=shami_usagi,Claimed,403
shami_usagi,F6S,https://f6s.com/,https://www.f6s.com/shami_usagi,Available,200
shami_usagi,fixya,https://www.fixya.com,https://www.fixya.com/users/shami_usagi,Available,404
shami_usagi,Anime-planet,https://www.anime-planet.com,https://www.anime-planet.com/forum/members/?username=shami_usagi,Available,200
shami_usagi,Flipboard,https://flipboard.com/,https://flipboard.com/@shami_usagi,Available,404
shami_usagi,IFTTT,https://www.ifttt.com/,,Illegal,
shami_usagi,Typeracer,https://typeracer.com,https://data.typeracer.com/pit/profile?user=shami_usagi,Available,200
shami_usagi,rapidapi.com,https://rapidapi.com,https://rapidapi.com/blog/author/shami_usagi/,Available,404
shami_usagi,ModDB,https://www.moddb.com/,https://www.moddb.com/members/shami_usagi,Unknown,403
shami_usagi,SeoClerks,https://www.seoclerks.com,https://www.seoclerks.com/user/shami_usagi,Available,302
shami_usagi,WikimapiaSearch,http://wikimapia.org,http://wikimapia.org/user/tools/users_rating/?username=shami_usagi,Available,200
shami_usagi,OpenStreetMap,https://www.openstreetmap.org/,https://www.openstreetmap.org/user/shami_usagi,Available,404
shami_usagi,PlanetMinecraft,https://www.planetminecraft.com,https://www.planetminecraft.com/member/shami_usagi,Unknown,403
shami_usagi,Smugmug,https://smugmug.com/,https://shami_usagi.smugmug.com/,Available,404
shami_usagi,forums.linuxmint.com,https://forums.linuxmint.com,https://forums.linuxmint.com/search.php?author=shami_usagi,Available,200
shami_usagi,forums.majorgeeks.com,https://forums.majorgeeks.com,https://forums.majorgeeks.com/members/?username=shami_usagi,Available,200
shami_usagi,www.tagged.com,http://www.tagged.com,http://www.tagged.com/shami_usagi,Available,200
shami_usagi,Memrise,https://www.memrise.com/,https://www.memrise.com/user/shami_usagi/,Available,301
shami_usagi,forum.pkp.sfu.ca,https://forum.pkp.sfu.ca,https://forum.pkp.sfu.ca/u/shami_usagi/summary,Unknown,403
shami_usagi,Picsart,https://picsart.com/,https://picsart.com/u/shami_usagi,Available,404
shami_usagi,Trakt,https://www.trakt.tv/,https://www.trakt.tv/users/shami_usagi,Unknown,403
shami_usagi,Fark,https://www.fark.com/,https://www.fark.com/users/shami_usagi/,Available,200
shami_usagi,www.itemfix.com,https://www.itemfix.com,https://www.itemfix.com/c/shami_usagi,Available,200
shami_usagi,AdultFriendFinder,https://adultfriendfinder.com,https://adultfriendfinder.com/profile/shami_usagi,Claimed,200
shami_usagi,NPM-Package,https://www.npmjs.com/,https://www.npmjs.com/package/shami_usagi,Available,404
shami_usagi,accounts.eclipse.org,https://accounts.eclipse.org,https://accounts.eclipse.org/users/shami_usagi,Available,404
shami_usagi,ReverbNation,https://www.reverbnation.com/,https://www.reverbnation.com/shami_usagi,Available,404
shami_usagi,NPM,https://www.npmjs.com/,https://www.npmjs.com/~shami_usagi,Available,404
shami_usagi,BOOTH,https://booth.pm/,https://shami_usagi.booth.pm/,Available,302
shami_usagi,FortniteTracker,https://fortnitetracker.com/challenges,https://fortnitetracker.com/profile/all/shami_usagi,Unknown,403
shami_usagi,About.me,https://about.me/,https://about.me/shami_usagi,Available,404
shami_usagi,Diigo,https://www.diigo.com/,https://www.diigo.com/interact_api/load_profile_info?name=shami_usagi,Available,200
shami_usagi,Codechef,https://www.codechef.com/,https://www.codechef.com/users/shami_usagi,Available,302
shami_usagi,doctissimo,https://club.doctissimo.fr,https://club.doctissimo.fr/shami_usagi/,Available,404
shami_usagi,Coub,https://coub.com/,https://coub.com/shami_usagi,Available,404
shami_usagi,SublimeForum,https://forum.sublimetext.com/,https://forum.sublimetext.com/u/shami_usagi/summary,Available,404
shami_usagi,blogs.klerk.ru,https://blogs.klerk.ru,https://blogs.klerk.ru/users/shami_usagi/,Available,200
shami_usagi,BuyMeACoffee,https://www.buymeacoffee.com/,https://buymeacoff.ee/shami_usagi,Available,404
shami_usagi,Repl.it,https://repl.it/,https://repl.it/@shami_usagi,Available,404
shami_usagi,HackerOne,https://hackerone.com/,https://hackerone.com/shami_usagi,Available,404
shami_usagi,forums.bulbagarden.net,http://forums.bulbagarden.net,http://forums.bulbagarden.net/members/?username=shami_usagi,Claimed,403
shami_usagi,Stihi.ru,https://www.stihi.ru/,https://www.stihi.ru/avtor/shami_usagi,Available,200
shami_usagi,NICommunityForum,https://www.native-instruments.com/forum/,https://www.native-instruments.com/forum/members/?username=shami_usagi,Available,403
shami_usagi,AdvancedCustomFields,https://support.advancedcustomfields.com/,https://support.advancedcustomfields.com/forums/users/shami_usagi,Available,404
shami_usagi,NameMC,https://namemc.com/,https://namemc.com/profile/shami_usagi,Unknown,403
shami_usagi,Kwejk,https://kwejk.pl,https://kwejk.pl/uzytkownik/shami_usagi#/tablica/,Available,404
shami_usagi,Truelancer,https://www.truelancer.com,https://www.truelancer.com/freelancer/shami_usagi,Available,200
shami_usagi,author.today,https://author.today,https://author.today/u/shami_usagi,Unknown,403
shami_usagi,hashnode,https://hashnode.com,https://hashnode.com/@shami_usagi,Claimed,429
shami_usagi,iXBT,https://forum.ixbt.com,https://forum.ixbt.com/users.cgi?id=info:shami_usagi,Available,404
shami_usagi,Funnyjunk,https://funnyjunk.com/,https://funnyjunk.com/user/shami_usagi,Available,307
shami_usagi,Gitee,https://gitee.com/,https://gitee.com/shami_usagi,Available,404
shami_usagi,Mix,https://mix.com,https://mix.com/shami_usagi,Available,404
shami_usagi,ifunny.co,https://www.ifunny.co,https://www.ifunny.co/user/shami_usagi,Available,404
shami_usagi,bbs.boingboing.net,https://bbs.boingboing.net,https://bbs.boingboing.net/u/shami_usagi/summary,Unknown,403
shami_usagi,Pandia,https://pandia.ru,https://pandia.ru/user/profile/shami_usagi,Available,404
shami_usagi,Screwfix,https://community.screwfix.com,https://community.screwfix.com/members/?username=shami_usagi,Available,200
shami_usagi,Speedrun.com,https://speedrun.com/,https://speedrun.com/users/shami_usagi,Available,404
shami_usagi,Tinkoff Invest,https://www.tinkoff.ru/invest/,https://tinkoff.ru/invest/social/profile/shami_usagi/,Available,200
shami_usagi,eBaumsWorld,https://www.ebaumsworld.com/,https://www.ebaumsworld.com/user/profile/shami_usagi,Available,404
shami_usagi,Justlanded,https://community.justlanded.com,https://community.justlanded.com/en/profile/shami_usagi,Available,404
shami_usagi,MuffinGroup,https://forum.muffingroup.com,https://forum.muffingroup.com/betheme/profile/shami_usagi,Available,404
shami_usagi,ImageShack,https://imageshack.com/,https://imageshack.com/user/shami_usagi,Available,302
shami_usagi,ProductHunt,https://www.producthunt.com/,https://www.producthunt.com/@shami_usagi,Available,200
shami_usagi,Wykop,https://www.wykop.pl,https://www.wykop.pl/ludzie/shami_usagi/,Available,404
shami_usagi,Bibsonomy,https://www.bibsonomy.org,https://www.bibsonomy.org/user/shami_usagi,Available,404
shami_usagi,Proza.ru,https://www.proza.ru/,https://www.proza.ru/avtor/shami_usagi,Available,200
shami_usagi,Americanthinker,https://www.americanthinker.com/,https://www.americanthinker.com/author/shami_usagi/,Available,404
shami_usagi,Mouthshut,https://www.mouthshut.com/,https://www.mouthshut.com/shami_usagi,Available,302
shami_usagi,Pixwox,https://www.pixwox.com,https://www.pixwox.com/profile/shami_usagi/,Available,404
shami_usagi,Vivino,https://www.vivino.com/,https://www.vivino.com/users/shami_usagi,Available,404
shami_usagi,PyPi,https://pypi.org/,https://pypi.org/user/shami_usagi,Unknown,200
shami_usagi,TheSimsResource,https://www.thesimsresource.com/,https://www.thesimsresource.com/members/shami_usagi/,Available,302
shami_usagi,Smule,https://www.smule.com/,https://www.smule.com/shami_usagi,Available,200
shami_usagi,N4g,https://n4g.com/,https://n4g.com/user/home/shami_usagi,Available,404
shami_usagi,hiveos.farm,https://forum.hiveos.farm,https://forum.hiveos.farm/u/shami_usagi/summary,Available,404
shami_usagi,joyreactor.cc,http://joyreactor.cc,http://joyreactor.cc/user/shami_usagi,Available,301
shami_usagi,Kongregate,https://www.kongregate.com/,https://www.kongregate.com/accounts/shami_usagi,Available,404
shami_usagi,Influenster,https://www.influenster.com/,https://www.influenster.com/shami_usagi,Unknown,403
shami_usagi,Freesound,https://freesound.org/,https://freesound.org/people/shami_usagi/,Available,404
shami_usagi,Packagist,https://packagist.org/,https://packagist.org/packages/shami_usagi/,Available,302
shami_usagi,Pbase,https://pbase.com/,https://pbase.com/shami_usagi/profile,Available,200
shami_usagi,interpals,https://www.interpals.net/,https://www.interpals.net/shami_usagi,Available,200
shami_usagi,forums.visual-paradigm.com,https://forums.visual-paradigm.com,https://forums.visual-paradigm.com/u/shami_usagi/summary,Available,404
shami_usagi,Teletype,https://teletype.in,https://teletype.in/@shami_usagi,Available,404
shami_usagi,nightbot,https://nightbot.tv/,https://nightbot.tv/t/shami_usagi/commands,Available,404
shami_usagi,forum.snapcraft.io,https://forum.snapcraft.io,https://forum.snapcraft.io/u/shami_usagi/summary,Available,404
shami_usagi,Edocr,https://www.edocr.com,https://www.edocr.com/user/shami_usagi/,Available,404
shami_usagi,discussion.squadhelp.com,https://discussion.squadhelp.com,https://discussion.squadhelp.com/u/shami_usagi/summary,Unknown,403
shami_usagi,TheStudentRoom,https://www.thestudentroom.co.uk,https://www.thestudentroom.co.uk/member.php?username=shami_usagi,Available,200
shami_usagi,3ddd,https://3ddd.ru,https://3ddd.ru/users/shami_usagi,Available,404
shami_usagi,discourse.jupyter.org,https://discourse.jupyter.org,https://discourse.jupyter.org/u/shami_usagi/summary,Available,404
shami_usagi,Neoseeker,https://www.neoseeker.com,https://www.neoseeker.com/members/shami_usagi/,Unknown,403
shami_usagi,codeforces.com,http://codeforces.com,http://codeforces.com/profile/shami_usagi,Available,200
shami_usagi,kofi,https://ko-fi.com,https://ko-fi.com/shami_usagi,Claimed,200
shami_usagi,Picarto,https://ptvintern.picarto.tv,https://ptvintern.picarto.tv/metadescription/shami_usagi,Available,200
shami_usagi,Artsy,https://www.artsy.net,https://www.artsy.net/artist/shami_usagi,Available,404
shami_usagi,Speakerdeck,https://speakerdeck.com,https://speakerdeck.com/shami_usagi,Available,404
shami_usagi,TVTropes,https://tvtropes.org,https://tvtropes.org/pmwiki/pmwiki.php/Tropers/shami_usagi,Available,404
shami_usagi,allmylinks,https://allmylinks.com/,https://allmylinks.com/shami_usagi,Available,404
shami_usagi,TheOdysseyOnline,https://www.theodysseyonline.com,https://www.theodysseyonline.com/user/@shami_usagi,Available,404
shami_usagi,Giantbomb,https://www.giantbomb.com,https://www.giantbomb.com/profile/shami_usagi,Available,404
shami_usagi,Namepros,https://www.namepros.com/,https://www.namepros.com/members/?username=shami_usagi,Available,200
shami_usagi,forums.indiegala.com,https://forums.indiegala.com,https://forums.indiegala.com/members/?username=shami_usagi,Available,200
shami_usagi,Krstarica,https://forum.krstarica.com,https://forum.krstarica.com/members/?username=shami_usagi,Available,200
shami_usagi,MoneySavingExpert,https://forums.moneysavingexpert.com,https://forums.moneysavingexpert.com/profile/shami_usagi,Available,404
shami_usagi,Empflix,https://www.empflix.com,https://www.empflix.com/profile/shami_usagi/,Available,301
shami_usagi,xHamster,https://xhamster.com,https://xhamster.com/users/shami_usagi,Available,404
shami_usagi,Niftygateway,https://api.niftygateway.com,https://niftygateway.com/profile/shami_usagi,Available,400
shami_usagi,Slides,https://slides.com/,https://slides.com/shami_usagi,Available,404
shami_usagi,forums.destructoid.com,https://forums.destructoid.com,https://forums.destructoid.com/members/?username=shami_usagi,Available,200
shami_usagi,Voices,https://www.voices.com/,https://www.voices.com/actors/shami_usagi,Unknown,403
shami_usagi,Armorgames,https://armorgames.com,https://armorgames.com/user/shami_usagi,Available,302
shami_usagi,Diary.ru,https://diary.ru,https://shami_usagi.diary.ru/,Unknown,500
shami_usagi,easyen,https://easyen.ru,https://easyen.ru/index/8-0-shami_usagi,Available,200
shami_usagi,BikeRadar,https://forum.bikeradar.com,https://forum.bikeradar.com/profile/shami_usagi,Available,404
shami_usagi,profi.ru,https://profi.ru,https://profi.ru/profile/shami_usagi/,Available,404
shami_usagi,4x4.tomsk.ru,http://4x4.tomsk.ru,http://4x4.tomsk.ru/search.php?author=shami_usagi,Available,200
shami_usagi,7dach,https://7dach.ru/,https://7dach.ru/profile/shami_usagi,Available,404
shami_usagi,Jimdo,https://jimdosite.com/,https://shami_usagi.jimdosite.com,Unknown,403
shami_usagi,Kinja,https://kinja.com,https://kinja.com/shami_usagi,Available,404
shami_usagi,smart-lab.ru,https://smart-lab.ru/,https://smart-lab.ru/profile/shami_usagi/,Available,404
shami_usagi,Metal-archives,https://www.metal-archives.com,https://www.metal-archives.com/users/shami_usagi,Available,404
shami_usagi,dlive.tv,https://dlive.tv,https://dlive.tv/shami_usagi,Available,200
shami_usagi,Mobypicture,http://www.mobypicture.com,http://www.mobypicture.com/user/shami_usagi,Available,404
shami_usagi,Contently,https://contently.com/,https://shami_usagi.contently.com/,Available,200
shami_usagi,Fanpop,https://www.fanpop.com/,https://www.fanpop.com/fans/shami_usagi,Available,404
shami_usagi,Blu-ray,https://forum.blu-ray.com/,https://forum.blu-ray.com/member.php?username=shami_usagi,Available,200
shami_usagi,Fodors,https://www.fodors.com,https://www.fodors.com/community/profile/shami_usagi/forum-activity,Available,302
shami_usagi,Coderwall,https://coderwall.com/,https://coderwall.com/shami_usagi,Available,404
shami_usagi,B17,https://www.b17.ru/,https://www.b17.ru/shami_usagi,Unknown,503
shami_usagi,Etxt,https://www.etxt.ru,https://www.etxt.ru/shami_usagi.html,Available,404
shami_usagi,MyMiniFactory,https://www.myminifactory.com/,https://www.myminifactory.com/users/shami_usagi,Available,404
shami_usagi,forums.steinberg.net,https://forums.steinberg.net,https://forums.steinberg.net/u/shami_usagi/summary,Available,404
shami_usagi,LiveInternet,https://www.liveinternet.ru,https://www.liveinternet.ru/users/shami_usagi/profile,Available,200
shami_usagi,MirTesen,https://mirtesen.ru,https://mirtesen.ru/people/shami_usagi/profile,Available,200
shami_usagi,getmyuni,https://getmyuni.com/,https://www.getmyuni.com/user/shami_usagi,Available,404
shami_usagi,GameRevolution,https://forums.gamerevolution.com,https://forums.gamerevolution.com/members/?username=shami_usagi,Available,200
shami_usagi,Iphones.ru,https://www.iphones.ru,https://www.iphones.ru/iNotes/author/shami_usagi?profile=1,Available,404
shami_usagi,mama.tomsk.ru,https://mama.tomsk.ru/forums,https://mama.tomsk.ru/forums/search.php?author=shami_usagi,Available,404
shami_usagi,TrueAchievements,https://www.trueachievements.com,https://www.trueachievements.com/gamer/shami_usagi,Available,404
shami_usagi,Vgtimes,https://vgtimes.ru,https://vgtimes.ru/user/shami_usagi,Available,404
shami_usagi,Hackster,https://www.hackster.io,https://www.hackster.io/shami_usagi,Unknown,403
shami_usagi,Soup,https://soup.io,https://www.soup.io/author/shami_usagi,Available,301
shami_usagi,Hotcopper,https://hotcopper.com.au,https://hotcopper.com.au/search/search?type=post&users=shami_usagi,Available,200
shami_usagi,forum.ykt.ru,https://forum.ykt.ru,https://forum.ykt.ru/viewprofile.jsp?forum_id=11&user=shami_usagi,Available,302
shami_usagi,lnk.bio,https://lnk.bio,https://lnk.bio/shami_usagi,Available,200
shami_usagi,Codewars,https://www.codewars.com,https://www.codewars.com/users/shami_usagi,Available,404
shami_usagi,Vgtimes/Games,https://vgtimes.ru,https://vgtimes.ru/games/shami_usagi/forum/,Available,404
shami_usagi,forum.nameberry.com,https://forum.nameberry.com,https://forum.nameberry.com/u/shami_usagi/summary,Unknown,403
shami_usagi,akniga,https://akniga.org/,https://akniga.org/profile/shami_usagi,Available,404
shami_usagi,forum.ghost.org,https://forum.ghost.org,https://forum.ghost.org/u/shami_usagi/summary,Available,404
shami_usagi,hi5,http://www.hi5.com,http://www.hi5.com/shami_usagi,Available,200
shami_usagi,xenforo.com,https://xenforo.com/community/,https://xenforo.com/community/members/?username=shami_usagi,Available,200
shami_usagi,couchsurfing,https://www.couchsurfing.com/,https://www.couchsurfing.com/people/shami_usagi,Available,404
shami_usagi,donorbox,https://donorbox.org,https://donorbox.org/shami_usagi,Available,404
shami_usagi,discuss.hashicorp.com,https://discuss.hashicorp.com,https://discuss.hashicorp.com/u/shami_usagi/summary,Available,404
shami_usagi,ForumHouse,https://www.forumhouse.ru/,https://www.forumhouse.ru/members/?username=shami_usagi,Available,200
shami_usagi,DigitalPoint,https://www.digitalpoint.com,https://www.digitalpoint.com/members/?username=shami_usagi,Available,200
shami_usagi,EuroFootball,https://www.euro-football.ru,https://www.euro-football.ru/user/shami_usagi,Available,302
shami_usagi,mel.fm,https://mel.fm,https://mel.fm/blog/shami_usagi,Available,404
shami_usagi,Physicsforums,https://www.physicsforums.com,https://www.physicsforums.com/members/?username=shami_usagi,Available,200
shami_usagi,Revelation,https://rev.mail.ru,https://rev.mail.ru/forums/member.php?username=shami_usagi,Unknown,0
shami_usagi,Launchpad,https://launchpad.net/,https://launchpad.net/~shami_usagi,Available,404
shami_usagi,igromania,http://forum.igromania.ru/,http://forum.igromania.ru/member.php?username=shami_usagi,Available,200
shami_usagi,forum.shotcut.org,https://forum.shotcut.org,https://forum.shotcut.org/u/shami_usagi/summary,Available,404
shami_usagi,Forumophilia,https://www.forumophilia.com,https://www.forumophilia.com/profile.php?mode=viewprofile&u=shami_usagi,Available,200
shami_usagi,GBAtemp.net,https://gbatemp.net/,https://gbatemp.net/members/?username=shami_usagi,Available,200
shami_usagi,Cent,https://cent.co/,https://beta.cent.co/@shami_usagi,Available,200
shami_usagi,Hackerearth,https://www.hackerearth.com,https://www.hackerearth.com/@shami_usagi,Available,200
shami_usagi,PushSquare,http://www.pushsquare.com,http://www.pushsquare.com/users/shami_usagi,Available,404
shami_usagi,E621,https://e621.net,https://e621.net/users/shami_usagi,Available,404
shami_usagi,TryHackMe,https://tryhackme.com/,https://tryhackme.com/p/shami_usagi,Available,200
shami_usagi,spletnik,https://spletnik.ru/,https://spletnik.ru/user/shami_usagi,Available,404
shami_usagi,forum.inaturalist.org,https://forum.inaturalist.org,https://forum.inaturalist.org/u/shami_usagi/summary,Available,404
shami_usagi,Aptoide,https://en.aptoide.com/,https://shami_usagi.en.aptoide.com/,Available,404
shami_usagi,DonationsAlerts,https://www.donationalerts.com/,https://www.donationalerts.com/r/shami_usagi,Available,404
shami_usagi,GuruShots,https://gurushots.com/,https://gurushots.com/shami_usagi/photos,Available,200
shami_usagi,PerfectWorldForum,https://pw.mail.ru/,https://pw.mail.ru/forums/member.php?username=shami_usagi,Claimed,200
shami_usagi,Sbazar.cz,https://www.sbazar.cz/,https://www.sbazar.cz/shami_usagi,Available,404
shami_usagi,Myinstants,https://www.myinstants.com,https://www.myinstants.com/profile/shami_usagi/,Available,404
shami_usagi,Untappd,https://untappd.com,https://untappd.com/user/shami_usagi,Available,404
shami_usagi,Brusheezy,https://www.brusheezy.com,https://www.brusheezy.com/members/shami_usagi,Available,200
shami_usagi,forum.scssoft.com,https://forum.scssoft.com,https://forum.scssoft.com/search.php?author=shami_usagi,Available,200
shami_usagi,Dumpor,https://dumpor.com,https://dumpor.com/v/shami_usagi,Available,200
shami_usagi,Ariva,https://www.ariva.de/,https://www.ariva.de/profil/shami_usagi,Available,404
shami_usagi,Oper,https://www.oper.ru/,https://www.oper.ru/visitors/info.php?t=shami_usagi,Available,200
shami_usagi,ESET,https://forum.esetnod32.ru,https://forum.esetnod32.ru/user/shami_usagi/,Available,404
shami_usagi,Uchportal,https://www.uchportal.ru,https://www.uchportal.ru/index/8-0-shami_usagi,Available,200
shami_usagi,forums.drom.ru,https://www.forumsdrom.ru/,https://www.forumsdrom.ru/member.php?username=shami_usagi,Available,200
shami_usagi,NN.RU,https://www.nn.ru/,https://shami_usagi.www.nn.ru/,Available,404
shami_usagi,teamtreehouse.com,https://teamtreehouse.com,https://teamtreehouse.com/profiles/shami_usagi,Available,429
shami_usagi,SevenForums,https://www.sevenforums.com,https://www.sevenforums.com/member.php?username=shami_usagi,Unknown,403
shami_usagi,sparkpeople,https://www.sparkpeople.com,https://www.sparkpeople.com/mypage.asp?id=shami_usagi,Available,404
shami_usagi,hunting.karelia.ru,http://hunting.karelia.ru,http://hunting.karelia.ru/search.php?author=shami_usagi,Available,200
shami_usagi,BabyBlog.ru,https://www.babyblog.ru/,https://www.babyblog.ru/user/shami_usagi,Available,301
shami_usagi,forums.digitalpoint.com,https://forums.digitalpoint.com/,https://forums.digitalpoint.com/members/?username=shami_usagi,Available,200
shami_usagi,MoscowFlamp,https://moscow.flamp.ru/,https://moscow.flamp.ru/shami_usagi,Available,404
shami_usagi,community.sweatco.in,https://community.sweatco.in,https://community.sweatco.in/u/shami_usagi/summary,Available,200
shami_usagi,Psychologies.ru,http://www.psychologies.ru,http://www.psychologies.ru/personal/shami_usagi,Available,404
shami_usagi,geocaching,https://www.geocaching.com/,https://www.geocaching.com/profile/?u=shami_usagi,Available,404
shami_usagi,YandexZenChannel,https://dzen.ru,https://dzen.ru/channel/shami_usagi,Available,404
shami_usagi,forum.wordreference.com,https://forum.wordreference.com,https://forum.wordreference.com/members/?username=shami_usagi,Available,200
shami_usagi,community.adobe.com,https://community.adobe.com,https://community.adobe.com/t5/forums/searchpage/tab/user?q=shami_usagi,Available,200
shami_usagi,Advego,https://advego.com/,https://advego.com/profile/shami_usagi/author/,Available,404
shami_usagi,YandexMusic,https://music.yandex.ru/,https://music.yandex.ru/users/shami_usagi/playlists,Available,404
shami_usagi,Rottentomatoes,https://www.rottentomatoes.com,https://www.rottentomatoes.com/critic/shami_usagi/movies,Available,404
shami_usagi,AppleDeveloper,https://developer.apple.com/forums,https://developer.apple.com/forums/profile/shami_usagi,Available,404
shami_usagi,DiscussPython,https://discuss.python.org/,https://discuss.python.org/u/shami_usagi/summary,Available,404
shami_usagi,giters.com,https://giters.com,https://giters.com/shami_usagi,Available,404
shami_usagi,23hq,http://www.23hq.com,http://www.23hq.com/shami_usagi,Available,404
shami_usagi,AnimeNewsNetwork,https://www.animenewsnetwork.com,https://www.animenewsnetwork.com/bbs/phpBB2/profile.php?mode=viewprofile&u=shami_usagi,Available,200
shami_usagi,Newgrounds,https://newgrounds.com,https://shami_usagi.newgrounds.com,Available,404
shami_usagi,Tanks,,,Unknown,0
shami_usagi,PerfectWorld,,,Unknown,0
shami_usagi,Warface,,,Unknown,0
shami_usagi,Flickr,,,Unknown,0
shami_usagi,Zoomir.ir,,,Unknown,0
shami_usagi,Infourok,https://infourok.ru,https://infourok.ru/user/shami_usagi,Unknown,0
shami_usagi,HackerNews,https://news.ycombinator.com/,https://news.ycombinator.com/user?id=shami_usagi,Unknown,0
shami_usagi,TRASHBOX.RU,https://trashbox.ru/,https://trashbox.ru/users/shami_usagi,Unknown,0
shami_usagi,forum.openoffice.org,https://forum.openoffice.org/en/forum,https://forum.openoffice.org/en/forum/search.php?author=shami_usagi,Unknown,0
shami_usagi,designspiration.com,,,Unknown,0
